seq,dataset,scan,eic,version,io_method,io_workers,shared_buffers,selectivity_rows,selectivity_pages,timing_cold,numeric
1,uniform,indexscan,16,prefetch-complex,io_uring,3,32GB,3.595,48.218,13446.847,305.808
2,uniform,bitmapscan,1,prefetch-complex,worker,3,32GB,0.475,8.207,4621.246,56.862
3,uniform,bitmapscan,0,prefetch-complex,io_uring,3,32GB,0.009,0.167,66.27,3.38
4,uniform,indexscan,1,prefetch-complex,worker,3,32GB,0.006,0.106,55.514,2.374
5,uniform,indexscan,16,prefetch-complex,worker,12,32GB,0.019,0.341,41.545,3.95
6,uniform,indexscan,16,master,worker,3,32GB,77.307,100.0,33233.975,7113.056
7,uniform,bitmapscan,1,prefetch-complex,sync,3,32GB,0.709,12.019,5585.279,116.811
8,uniform,indexscan,16,prefetch-complex,worker,3,32GB,27.286,99.684,11916.24,2200.357
9,uniform,bitmapscan,16,prefetch-complex,worker,12,32GB,3.588,48.115,3509.217,514.842
10,uniform,indexscan,0,master,io_uring,3,32GB,27.286,99.676,26194.251,2487.536
11,uniform,indexscan,0,prefetch-complex,sync,3,32GB,0.063,1.134,454.193,8.954
12,uniform,indexscan,1,prefetch-simple,worker,12,32GB,0.001,0.018,9.283,1.158
13,uniform,bitmapscan,1,prefetch-simple,worker,12,32GB,87.313,100.0,5698.012,1284.521
14,uniform,indexscan,64,prefetch-complex,io_uring,3,32GB,0.027,0.492,53.509,5.408
15,uniform,indexscan,16,master,worker,3,32GB,0.014,0.246,93.948,3.472
16,uniform,indexscan,0,master,io_uring,3,32GB,37.277,99.976,27484.889,3428.214
17,uniform,indexscan,16,master,io_uring,3,32GB,0.013,0.237,100.855,3.269
18,uniform,indexscan,64,prefetch-simple,io_uring,3,32GB,0.211,3.729,401.912,22.042
19,uniform,bitmapscan,64,prefetch-simple,worker,12,32GB,1.6,25.201,2447.051,255.319
20,uniform,bitmapscan,0,prefetch-complex,io_uring,3,32GB,12.14,90.182,4906.612,1010.631
21,uniform,indexscan,16,prefetch-simple,io_uring,3,32GB,37.275,99.977,11429.093,2967.696
22,uniform,bitmapscan,1,master,sync,3,32GB,0.006,0.115,49.697,2.307
23,uniform,indexscan,0,prefetch-complex,io_uring,3,32GB,37.281,99.975,27345.109,2974.162
24,uniform,bitmapscan,1,prefetch-complex,worker,3,32GB,57.287,100.0,5745.922,1335.628
25,uniform,indexscan,0,prefetch-simple,worker,12,32GB,0.013,0.234,98.146,3.519
26,uniform,indexscan,0,prefetch-simple,worker,12,32GB,0.315,5.512,1983.579,31.399
27,uniform,bitmapscan,0,prefetch-simple,worker,3,32GB,97.309,100.0,5437.554,1379.881
28,uniform,bitmapscan,1,prefetch-simple,sync,3,32GB,0.213,3.766,1758.644,27.06
29,uniform,indexscan,1,master,sync,3,32GB,1.602,25.193,9105.43,157.525
30,uniform,indexscan,0,prefetch-simple,worker,12,32GB,0.003,0.054,17.942,2.042
31,uniform,bitmapscan,0,master,worker,12,32GB,0.473,8.169,2693.939,61.534
32,uniform,bitmapscan,0,prefetch-complex,io_uring,3,32GB,18.195,97.307,5076.437,1120.463
33,uniform,indexscan,64,master,io_uring,3,32GB,0.009,0.155,53.609,3.405
34,uniform,indexscan,0,prefetch-simple,sync,3,32GB,0.002,0.035,13.26,1.32
35,uniform,indexscan,64,prefetch-complex,sync,3,32GB,27.316,99.657,10072.394,2245.389
36,uniform,indexscan,1,prefetch-simple,io_uring,3,32GB,18.193,97.303,39936.898,1449.711
37,uniform,indexscan,64,prefetch-complex,worker,3,32GB,12.132,90.16,8082.426,1011.571
38,uniform,indexscan,0,master,worker,3,32GB,77.292,100.0,31067.07,7025.438
39,uniform,bitmapscan,1,master,worker,3,32GB,0.319,5.595,2590.525,43.388
40,uniform,bitmapscan,0,prefetch-simple,worker,3,32GB,0.314,5.511,1836.686,45.286
41,uniform,indexscan,64,prefetch-complex,io_uring,3,32GB,57.274,100.0,12466.828,4472.809
42,uniform,indexscan,64,prefetch-simple,io_uring,3,32GB,1.603,25.235,2911.611,141.866
43,uniform,indexscan,64,master,io_uring,3,32GB,27.285,99.682,26573.082,2491.3
44,uniform,bitmapscan,1,prefetch-simple,io_uring,3,32GB,67.303,100.0,5710.179,1283.925
45,uniform,indexscan,1,prefetch-complex,worker,12,32GB,47.27,99.998,42406.393,3766.771
46,uniform,indexscan,64,master,io_uring,3,32GB,2.405,35.506,12653.03,238.416
47,uniform,bitmapscan,0,prefetch-complex,io_uring,3,32GB,67.305,100.0,5649.354,1393.012
48,uniform,bitmapscan,0,prefetch-complex,io_uring,3,32GB,0.013,0.227,79.928,3.915
49,uniform,indexscan,16,prefetch-simple,worker,12,32GB,0.001,0.019,3.806,1.113
50,uniform,bitmapscan,0,prefetch-complex,sync,3,32GB,12.132,90.252,4847.713,995.576
51,uniform,bitmapscan,1,master,worker,12,32GB,37.301,99.978,5378.466,1198.664
52,uniform,indexscan,64,prefetch-simple,io_uring,3,32GB,0.013,0.233,27.706,2.997
53,uniform,indexscan,64,prefetch-simple,worker,12,32GB,0.002,0.032,5.62,1.328
54,uniform,bitmapscan,0,prefetch-complex,worker,3,32GB,37.277,99.976,5221.068,1265.169
55,uniform,bitmapscan,1,master,worker,12,32GB,77.295,100.0,5565.761,1298.491
56,uniform,bitmapscan,16,prefetch-simple,worker,12,32GB,57.279,100.0,2834.104,1268.988
57,uniform,bitmapscan,16,prefetch-simple,sync,3,32GB,97.31,100.0,3450.073,1310.313
58,uniform,indexscan,64,prefetch-complex,worker,12,32GB,0.019,0.343,57.822,4.591
59,uniform,indexscan,64,prefetch-complex,io_uring,3,32GB,87.302,100.0,14840.509,6912.666
60,uniform,bitmapscan,64,prefetch-complex,worker,3,32GB,0.006,0.113,13.169,2.495
61,uniform,indexscan,16,master,worker,12,32GB,18.201,97.29,25145.034,1708.292
62,uniform,bitmapscan,1,master,worker,12,32GB,2.4,35.413,11819.969,357.13
63,uniform,indexscan,1,prefetch-complex,sync,3,32GB,77.288,100.0,43556.177,6066.531
64,uniform,indexscan,16,master,worker,3,32GB,0.002,0.037,13.721,1.372
65,uniform,bitmapscan,0,master,sync,3,32GB,0.009,0.164,54.896,2.921
66,uniform,indexscan,0,prefetch-complex,sync,3,32GB,67.291,100.0,29637.096,5369.634
67,uniform,bitmapscan,16,prefetch-simple,worker,3,32GB,67.302,100.0,2884.675,1259.85
68,uniform,bitmapscan,64,prefetch-simple,worker,3,32GB,1.599,25.185,2256.364,259.707
69,uniform,indexscan,0,prefetch-complex,io_uring,3,32GB,0.213,3.779,1351.974,23.14
70,uniform,bitmapscan,0,prefetch-complex,worker,12,32GB,8.095,78.098,5962.614,885.679
71,uniform,bitmapscan,0,master,worker,3,32GB,0.013,0.229,73.202,3.632
72,uniform,indexscan,64,master,worker,3,32GB,0.02,0.352,129.784,4.307
73,uniform,bitmapscan,0,prefetch-complex,worker,3,32GB,2.401,35.416,9231.797,364.648
74,uniform,indexscan,0,prefetch-complex,worker,12,32GB,87.312,100.0,31484.332,6790.755
75,uniform,bitmapscan,16,prefetch-simple,sync,3,32GB,0.142,2.53,317.653,18.656
76,uniform,bitmapscan,64,master,io_uring,3,32GB,0.138,2.461,330.007,17.669
77,uniform,bitmapscan,1,prefetch-complex,sync,3,32GB,97.312,100.0,5770.813,1430.614
78,uniform,bitmapscan,16,master,worker,3,32GB,0.013,0.239,27.004,3.638
79,uniform,bitmapscan,16,prefetch-complex,io_uring,3,32GB,0.013,0.234,26.054,3.516
80,uniform,bitmapscan,1,master,worker,12,32GB,5.418,63.374,13704.191,646.595
81,uniform,indexscan,16,prefetch-complex,worker,3,32GB,0.006,0.111,13.726,2.238
82,uniform,bitmapscan,0,master,io_uring,3,32GB,0.041,0.735,252.133,7.948
83,uniform,indexscan,0,master,worker,12,32GB,0.002,0.034,15.959,1.345
84,uniform,bitmapscan,16,master,io_uring,3,32GB,12.142,90.222,2605.87,969.364
85,uniform,bitmapscan,0,master,worker,3,32GB,27.31,99.659,5032.734,1168.668
86,uniform,bitmapscan,16,prefetch-simple,worker,12,32GB,3.598,48.275,3290.101,505.855
87,uniform,bitmapscan,16,prefetch-simple,io_uring,3,32GB,0.006,0.108,12.811,2.263
88,uniform,indexscan,64,prefetch-complex,worker,3,32GB,8.107,78.246,7537.315,677.055
89,uniform,bitmapscan,16,prefetch-complex,sync,3,32GB,77.295,100.0,3076.494,1410.998
90,uniform,bitmapscan,16,prefetch-simple,worker,12,32GB,77.295,100.0,2966.235,1274.818
91,uniform,indexscan,0,prefetch-simple,sync,3,32GB,5.408,63.238,21498.478,497.32
92,uniform,indexscan,1,master,worker,12,32GB,47.275,99.998,27933.505,4307.064
93,uniform,bitmapscan,64,master,worker,12,32GB,1.07,17.615,1695.437,153.84
94,uniform,bitmapscan,1,prefetch-simple,worker,3,32GB,0.004,0.073,33.035,1.871
95,uniform,bitmapscan,16,prefetch-complex,worker,3,32GB,0.003,0.053,8.392,1.815
96,uniform,bitmapscan,64,master,sync,3,32GB,18.218,97.325,2634.9,1051.431
97,uniform,bitmapscan,0,prefetch-complex,sync,3,32GB,3.585,48.151,10692.296,544.727
98,uniform,bitmapscan,64,master,sync,3,32GB,0.027,0.483,55.658,5.977
99,uniform,indexscan,1,master,sync,3,32GB,0.004,0.069,22.456,2.295
100,uniform,bitmapscan,1,prefetch-simple,worker,12,32GB,0.004,0.065,29.625,2.292
101,uniform,bitmapscan,64,prefetch-simple,worker,12,32GB,0.003,0.054,7.22,2.037
102,uniform,bitmapscan,1,prefetch-complex,io_uring,3,32GB,87.306,100.0,5786.801,1404.181
103,uniform,bitmapscan,0,master,io_uring,3,32GB,0.001,0.018,7.455,1.134
104,uniform,indexscan,64,prefetch-complex,sync,3,32GB,0.061,1.101,154.685,7.889
105,uniform,bitmapscan,64,prefetch-simple,sync,3,32GB,77.296,100.0,2946.231,1309.336
106,uniform,indexscan,16,prefetch-complex,io_uring,3,32GB,0.009,0.153,18.787,3.516
107,uniform,bitmapscan,16,master,sync,3,32GB,87.309,100.0,3038.962,1300.219
108,uniform,bitmapscan,64,master,sync,3,32GB,0.042,0.755,94.061,7.379
109,uniform,bitmapscan,16,prefetch-simple,io_uring,3,32GB,0.003,0.056,7.387,1.786
110,uniform,indexscan,1,prefetch-simple,worker,12,32GB,0.002,0.035,16.9,1.304
111,uniform,bitmapscan,16,prefetch-complex,worker,12,32GB,27.28,99.676,2729.026,1165.642
112,uniform,bitmapscan,0,prefetch-simple,sync,3,32GB,67.282,100.0,5546.86,1314.452
113,uniform,indexscan,64,prefetch-complex,io_uring,3,32GB,0.001,0.02,3.648,1.245
114,uniform,indexscan,64,prefetch-complex,io_uring,3,32GB,0.009,0.167,23.711,3.262
115,uniform,bitmapscan,64,prefetch-simple,worker,3,32GB,2.406,35.446,2955.898,351.003
116,uniform,bitmapscan,16,prefetch-complex,worker,12,32GB,0.716,12.12,1278.985,119.253
117,uniform,indexscan,0,prefetch-complex,io_uring,3,32GB,77.29,100.0,31330.12,6204.694
118,uniform,bitmapscan,16,prefetch-simple,sync,3,32GB,67.292,100.0,2892.584,1299.863
119,uniform,indexscan,0,master,io_uring,3,32GB,0.006,0.115,40.029,2.154
120,uniform,bitmapscan,64,master,worker,3,32GB,2.408,35.496,2876.614,371.204
121,uniform,bitmapscan,0,prefetch-complex,io_uring,3,32GB,0.001,0.019,8.46,1.311
122,uniform,bitmapscan,0,prefetch-complex,worker,12,32GB,0.714,12.084,3997.719,124.437
123,uniform,indexscan,16,prefetch-complex,worker,3,32GB,0.063,1.132,153.952,8.028
124,uniform,indexscan,16,prefetch-complex,io_uring,3,32GB,67.279,100.0,13457.845,5237.151
125,uniform,bitmapscan,1,master,worker,3,32GB,0.208,3.679,1762.123,26.342
126,uniform,indexscan,0,prefetch-simple,worker,12,32GB,27.28,99.67,26189.828,2214.972
127,uniform,indexscan,64,prefetch-complex,sync,3,32GB,47.283,99.999,11898.221,3719.783
128,uniform,indexscan,0,master,sync,3,32GB,3.599,48.311,17042.527,347.533
129,uniform,indexscan,64,master,io_uring,3,32GB,0.478,8.256,2957.963,50.728
130,uniform,bitmapscan,0,prefetch-complex,worker,12,32GB,77.303,100.0,5570.152,1399.281
131,uniform,indexscan,1,prefetch-complex,worker,3,32GB,0.027,0.491,260.597,5.895
132,uniform,bitmapscan,0,prefetch-simple,worker,3,32GB,67.303,100.0,5326.011,1294.868
133,uniform,bitmapscan,64,master,worker,3,32GB,0.315,5.531,620.337,39.059
134,uniform,bitmapscan,16,prefetch-complex,worker,12,32GB,97.312,100.0,3164.904,1459.677
135,uniform,indexscan,0,master,worker,12,32GB,12.134,90.225,24627.409,1126.29
136,uniform,indexscan,0,master,worker,3,32GB,5.406,63.198,20938.17,511.817
137,uniform,indexscan,16,prefetch-complex,sync,3,32GB,5.389,63.054,6907.553,464.462
138,uniform,indexscan,64,prefetch-complex,sync,3,32GB,0.141,2.503,278.869,14.663
139,uniform,indexscan,0,prefetch-complex,io_uring,3,32GB,27.288,99.676,27097.259,2266.416
140,uniform,indexscan,64,prefetch-complex,worker,3,32GB,27.285,99.684,11663.085,2189.303
141,uniform,bitmapscan,1,prefetch-complex,worker,3,32GB,97.31,100.0,5974.723,1435.822
142,uniform,bitmapscan,1,master,sync,3,32GB,0.318,5.583,2536.373,39.781
143,uniform,indexscan,1,prefetch-simple,worker,3,32GB,0.013,0.24,119.484,3.566
144,uniform,indexscan,64,master,sync,3,32GB,0.004,0.069,42.76,1.747
145,uniform,bitmapscan,64,master,io_uring,3,32GB,5.386,63.068,3350.194,664.068
146,uniform,bitmapscan,1,prefetch-complex,io_uring,3,32GB,1.601,25.213,9693.996,259.905
147,uniform,bitmapscan,16,master,worker,12,32GB,0.029,0.514,55.153,5.926
148,uniform,indexscan,16,prefetch-simple,worker,3,32GB,0.019,0.333,36.804,4.05
149,uniform,bitmapscan,0,prefetch-complex,io_uring,3,32GB,87.292,100.0,5530.021,1444.967
150,uniform,indexscan,0,master,io_uring,3,32GB,1.068,17.584,6462.154,104.157
151,uniform,bitmapscan,16,prefetch-complex,worker,12,32GB,8.084,78.031,2616.893,839.578
152,uniform,bitmapscan,64,prefetch-complex,io_uring,3,32GB,0.006,0.107,12.708,2.388
153,uniform,bitmapscan,16,prefetch-simple,io_uring,3,32GB,0.009,0.165,19.388,2.818
154,uniform,indexscan,16,master,worker,3,32GB,0.006,0.108,38.926,2.139
155,uniform,bitmapscan,64,master,io_uring,3,32GB,27.316,99.658,2694.119,1102.86
156,uniform,indexscan,64,prefetch-simple,io_uring,3,32GB,1.066,17.553,2127.105,93.759
157,uniform,bitmapscan,1,master,worker,12,32GB,0.312,5.477,2588.048,39.001
158,uniform,indexscan,64,master,sync,3,32GB,0.062,1.116,438.382,8.652
159,uniform,bitmapscan,16,master,sync,3,32GB,37.276,99.976,2771.978,1191.997
160,uniform,indexscan,64,prefetch-complex,worker,3,32GB,0.019,0.343,58.941,4.324
161,uniform,indexscan,64,prefetch-simple,sync,3,32GB,0.042,0.753,95.249,6.3
162,uniform,indexscan,64,prefetch-simple,worker,3,32GB,0.316,5.546,631.208,30.266
163,uniform,bitmapscan,0,prefetch-simple,worker,3,32GB,0.062,1.105,361.65,10.151
164,uniform,indexscan,1,master,io_uring,3,32GB,18.188,97.28,25432.523,1691.078
165,uniform,indexscan,16,master,worker,3,32GB,0.042,0.746,251.427,6.441
166,uniform,indexscan,0,prefetch-simple,io_uring,3,32GB,0.711,12.046,4086.63,67.216
167,uniform,indexscan,0,prefetch-complex,worker,12,32GB,47.29,99.999,27785.831,3827.532
168,uniform,bitmapscan,16,master,worker,12,32GB,12.126,90.228,2635.193,975.056
169,uniform,bitmapscan,16,prefetch-simple,worker,12,32GB,0.713,12.102,1290.821,116.71
170,uniform,indexscan,64,prefetch-complex,worker,3,32GB,0.002,0.036,5.295,1.512
171,uniform,indexscan,16,prefetch-complex,worker,12,32GB,0.143,2.547,333.744,14.631
172,uniform,bitmapscan,1,prefetch-complex,worker,3,32GB,0.143,2.541,1238.108,21.198
173,uniform,bitmapscan,0,prefetch-simple,sync,3,32GB,97.309,100.0,5383.644,1328.664
174,uniform,indexscan,0,master,io_uring,3,32GB,57.277,100.0,28821.029,5172.972
175,uniform,bitmapscan,64,master,io_uring,3,32GB,57.284,100.0,2863.481,1274.034
176,uniform,bitmapscan,1,prefetch-simple,io_uring,3,32GB,0.001,0.015,7.699,1.138
177,uniform,bitmapscan,16,prefetch-simple,worker,3,32GB,0.094,1.684,219.957,13.997
178,uniform,bitmapscan,16,prefetch-simple,io_uring,3,32GB,0.47,8.117,846.874,56.475
179,uniform,bitmapscan,64,prefetch-complex,sync,3,32GB,87.302,100.0,3845.968,1442.899
180,uniform,bitmapscan,64,prefetch-simple,worker,3,32GB,87.292,100.0,3019.325,1301.123
181,uniform,bitmapscan,64,master,worker,3,32GB,8.099,78.156,2704.093,823.095
182,uniform,bitmapscan,64,prefetch-simple,io_uring,3,32GB,0.004,0.076,9.306,1.856
183,uniform,bitmapscan,0,master,io_uring,3,32GB,0.002,0.035,13.033,1.469
184,uniform,bitmapscan,64,prefetch-simple,sync,3,32GB,0.008,0.148,19.855,2.615
185,uniform,indexscan,0,master,sync,3,32GB,2.394,35.362,12339.082,220.993
186,uniform,bitmapscan,0,master,sync,3,32GB,1.068,17.553,5447.138,169.353
187,uniform,indexscan,64,prefetch-simple,worker,12,32GB,5.406,63.199,6756.414,458.524
188,uniform,indexscan,64,prefetch-simple,sync,3,32GB,0.013,0.239,53.478,4.04
189,uniform,indexscan,1,prefetch-simple,io_uring,3,32GB,0.094,1.677,792.413,11.48
190,uniform,indexscan,0,master,sync,3,32GB,0.211,3.732,1239.703,23.275
191,uniform,bitmapscan,0,master,worker,12,32GB,12.14,90.255,4910.662,1014.548
192,uniform,indexscan,16,prefetch-complex,io_uring,3,32GB,0.004,0.066,8.539,1.859
193,uniform,bitmapscan,16,master,sync,3,32GB,0.006,0.111,12.693,2.211
194,uniform,indexscan,64,master,worker,12,32GB,0.02,0.351,159.73,4.345
195,uniform,bitmapscan,1,prefetch-simple,worker,12,32GB,37.288,99.98,5414.387,1192.751
196,uniform,bitmapscan,64,prefetch-complex,sync,3,32GB,47.274,99.999,2847.462,1291.21
197,uniform,indexscan,16,prefetch-simple,sync,3,32GB,3.587,48.217,5403.673,312.131
198,uniform,indexscan,0,prefetch-simple,io_uring,3,32GB,0.004,0.069,23.596,1.726
199,uniform,bitmapscan,64,prefetch-simple,worker,12,32GB,0.004,0.074,10.442,1.94
200,uniform,bitmapscan,0,prefetch-complex,worker,12,32GB,12.123,90.205,4952.982,1013.341
201,uniform,bitmapscan,0,prefetch-complex,sync,3,32GB,0.004,0.071,25.249,2.047
202,uniform,indexscan,0,prefetch-complex,io_uring,3,32GB,0.009,0.154,52.314,2.837
203,uniform,bitmapscan,64,master,worker,3,32GB,0.141,2.512,286.709,18.375
204,uniform,indexscan,0,prefetch-complex,worker,12,32GB,1.604,25.264,8854.672,151.758
205,uniform,bitmapscan,0,prefetch-complex,worker,12,32GB,0.14,2.497,1006.436,21.046
206,uniform,bitmapscan,1,master,worker,12,32GB,0.013,0.237,111.831,4.103
207,uniform,indexscan,64,prefetch-complex,worker,3,32GB,18.192,97.302,8938.297,1477.224
208,uniform,indexscan,16,prefetch-simple,sync,3,32GB,0.093,1.667,213.71,10.586
209,uniform,indexscan,16,prefetch-simple,worker,3,32GB,37.287,99.978,11123.084,2946.29
210,uniform,bitmapscan,1,prefetch-complex,io_uring,3,32GB,47.284,99.999,5626.609,1283.422
211,uniform,bitmapscan,1,prefetch-complex,sync,3,32GB,0.006,0.106,52.839,2.47
212,uniform,indexscan,0,prefetch-complex,worker,3,32GB,0.314,5.517,1973.269,33.159
213,uniform,indexscan,1,master,io_uring,3,32GB,1.598,25.158,8910.559,152.952
214,uniform,indexscan,0,prefetch-complex,worker,3,32GB,0.013,0.231,89.598,3.505
215,uniform,indexscan,0,prefetch-simple,worker,12,32GB,0.002,0.036,15.261,1.352
216,uniform,bitmapscan,16,prefetch-complex,worker,3,32GB,0.209,3.697,454.043,26.602
217,uniform,indexscan,0,prefetch-complex,sync,3,32GB,37.29,99.977,26851.045,3028.941
218,uniform,indexscan,16,prefetch-simple,worker,3,32GB,77.297,100.0,14514.81,6007.285
219,uniform,indexscan,1,prefetch-complex,sync,3,32GB,0.472,8.154,3978.951,45.236
220,uniform,bitmapscan,1,prefetch-simple,worker,12,32GB,1.067,17.577,8138.244,156.327
221,uniform,bitmapscan,16,prefetch-complex,io_uring,3,32GB,2.407,35.495,2946.159,375.144
222,uniform,indexscan,0,prefetch-complex,worker,3,32GB,1.599,25.189,8879.298,159.927
223,uniform,indexscan,16,master,worker,12,32GB,5.397,63.098,20811.169,520.214
224,uniform,bitmapscan,0,prefetch-simple,worker,3,32GB,0.001,0.015,6.752,1.128
225,uniform,indexscan,64,master,sync,3,32GB,1.068,17.574,6005.343,100.77
226,uniform,bitmapscan,0,master,sync,3,32GB,0.476,8.223,2785.836,61.444
227,uniform,bitmapscan,64,prefetch-simple,io_uring,3,32GB,0.142,2.511,290.712,19.246
228,uniform,bitmapscan,0,master,worker,12,32GB,97.313,100.0,5422.855,1346.456
229,uniform,indexscan,16,prefetch-complex,worker,12,32GB,97.31,100.0,15584.611,7622.137
230,uniform,bitmapscan,1,prefetch-complex,worker,3,32GB,0.001,0.018,9.485,1.508
231,uniform,indexscan,16,prefetch-complex,worker,3,32GB,1.599,25.182,2859.461,141.214
232,uniform,indexscan,16,master,sync,3,32GB,0.002,0.039,13.423,1.325
233,uniform,bitmapscan,1,prefetch-complex,io_uring,3,32GB,0.018,0.331,185.195,4.573
234,uniform,indexscan,16,prefetch-simple,sync,3,32GB,0.318,5.576,652.991,31.027
235,uniform,bitmapscan,16,master,worker,3,32GB,2.399,35.402,2903.356,350.358
236,uniform,bitmapscan,1,prefetch-simple,worker,12,32GB,77.298,100.0,5656.951,1263.307
237,uniform,bitmapscan,16,prefetch-simple,worker,12,32GB,0.317,5.562,622.792,40.657
238,uniform,bitmapscan,1,prefetch-simple,io_uring,3,32GB,0.042,0.755,379.932,8.706
239,uniform,indexscan,64,master,io_uring,3,32GB,0.004,0.07,52.268,2.162
240,uniform,bitmapscan,64,master,sync,3,32GB,77.298,100.0,2997.669,1290.302
241,uniform,bitmapscan,1,master,sync,3,32GB,5.393,63.126,13638.021,667.62
242,uniform,bitmapscan,0,prefetch-complex,worker,12,32GB,0.018,0.328,130.268,4.587
243,uniform,indexscan,16,prefetch-simple,sync,3,32GB,87.287,100.0,15200.059,6895.994
244,uniform,bitmapscan,64,master,worker,3,32GB,27.285,99.675,2729.825,1145.224
245,uniform,indexscan,1,prefetch-simple,worker,3,32GB,0.028,0.497,248.268,5.514
246,uniform,bitmapscan,16,master,io_uring,3,32GB,0.139,2.48,294.213,19.122
247,uniform,indexscan,16,prefetch-simple,worker,12,32GB,1.068,17.577,2103.611,94.1
248,uniform,bitmapscan,0,prefetch-simple,worker,12,32GB,97.312,100.0,5462.811,1355.918
249,uniform,indexscan,16,master,worker,12,32GB,3.588,48.219,16678.899,340.635
250,uniform,bitmapscan,16,prefetch-complex,io_uring,3,32GB,0.009,0.154,18.336,3.522
251,uniform,bitmapscan,64,master,worker,3,32GB,0.019,0.349,40.886,4.415
252,uniform,bitmapscan,16,master,worker,3,32GB,0.006,0.103,12.249,2.08
253,uniform,bitmapscan,1,master,io_uring,3,32GB,5.386,63.018,13517.433,645.514
254,uniform,indexscan,0,prefetch-simple,sync,3,32GB,0.006,0.107,37.426,2.233
255,uniform,indexscan,64,master,worker,12,32GB,0.709,12.025,4103.913,70.305
256,uniform,bitmapscan,0,master,worker,12,32GB,0.063,1.136,449.386,10.195
257,uniform,indexscan,1,prefetch-simple,io_uring,3,32GB,8.093,78.168,35074.374,672.514
258,uniform,bitmapscan,1,master,worker,12,32GB,0.002,0.035,17.798,1.359
259,uniform,indexscan,0,prefetch-complex,worker,12,32GB,0.063,1.134,406.616,8.883
260,uniform,bitmapscan,1,prefetch-simple,io_uring,3,32GB,37.3,99.979,5394.257,1181.104
261,uniform,bitmapscan,0,prefetch-complex,sync,3,32GB,0.093,1.668,568.296,14.862
262,uniform,indexscan,64,prefetch-simple,worker,12,32GB,0.003,0.056,7.286,1.629
263,uniform,bitmapscan,64,prefetch-complex,io_uring,3,32GB,77.3,100.0,3033.126,1391.334
264,uniform,indexscan,1,master,io_uring,3,32GB,0.004,0.073,23.664,1.809
265,uniform,bitmapscan,16,prefetch-complex,worker,12,32GB,0.009,0.16,21.833,3.073
266,uniform,bitmapscan,1,prefetch-complex,sync,3,32GB,0.476,8.228,3827.049,56.9
267,uniform,bitmapscan,64,prefetch-simple,sync,3,32GB,57.309,100.0,2843.964,1254.569
268,uniform,indexscan,64,prefetch-complex,worker,12,32GB,0.009,0.162,18.401,2.866
269,uniform,bitmapscan,0,master,worker,12,32GB,0.027,0.492,207.281,6.021
270,uniform,indexscan,1,prefetch-complex,worker,3,32GB,87.312,100.0,44340.792,6887.533
271,uniform,bitmapscan,1,prefetch-complex,worker,12,32GB,57.293,100.0,5662.216,1328.538
272,uniform,indexscan,64,master,worker,12,32GB,1.065,17.538,6179.77,103.464
273,uniform,bitmapscan,16,prefetch-simple,worker,3,32GB,97.304,100.0,3061.387,1327.462
274,uniform,bitmapscan,0,prefetch-simple,io_uring,3,32GB,0.009,0.159,53.132,2.865
275,uniform,bitmapscan,64,prefetch-complex,sync,3,32GB,0.475,8.214,844.635,56.719
276,uniform,indexscan,16,prefetch-simple,sync,3,32GB,5.41,63.292,6732.599,460.074
277,uniform,bitmapscan,16,prefetch-simple,io_uring,3,32GB,0.212,3.753,428.354,26.583
278,uniform,bitmapscan,64,prefetch-simple,worker,3,32GB,0.002,0.037,6.447,1.443
279,uniform,indexscan,0,prefetch-simple,worker,12,32GB,0.71,12.039,4215.104,69.008
280,uniform,bitmapscan,0,prefetch-complex,io_uring,3,32GB,0.006,0.108,35.819,3.284
281,uniform,indexscan,64,prefetch-simple,io_uring,3,32GB,0.007,0.118,14.706,2.21
282,uniform,bitmapscan,0,master,worker,3,32GB,2.393,35.336,8820.691,372.678
283,uniform,bitmapscan,16,master,io_uring,3,32GB,0.019,0.346,40.331,4.678
284,uniform,indexscan,64,prefetch-simple,worker,12,32GB,0.02,0.355,39.04,4.376
285,uniform,bitmapscan,0,prefetch-simple,worker,12,32GB,0.001,0.018,7.242,1.138
286,uniform,indexscan,1,master,sync,3,32GB,18.194,97.304,25310.833,1679.077
287,uniform,indexscan,0,prefetch-simple,worker,12,32GB,1.604,25.234,9177.745,160.811
288,uniform,indexscan,16,prefetch-simple,sync,3,32GB,1.064,17.509,2080.271,96.259
289,uniform,bitmapscan,0,master,worker,12,32GB,0.001,0.017,7.014,1.13
290,uniform,indexscan,1,master,io_uring,3,32GB,0.013,0.234,79.872,3.309
291,uniform,indexscan,64,prefetch-complex,worker,12,32GB,0.001,0.018,3.879,1.253
292,uniform,bitmapscan,0,prefetch-simple,worker,3,32GB,0.094,1.688,570.074,14.572
293,uniform,bitmapscan,1,master,io_uring,3,32GB,2.392,35.274,11687.997,349.596
294,uniform,indexscan,64,prefetch-complex,worker,12,32GB,27.29,99.674,10849.353,2187.264
295,uniform,indexscan,64,master,worker,12,32GB,0.063,1.127,364.548,8.773
296,uniform,bitmapscan,64,prefetch-simple,worker,3,32GB,1.065,17.508,1734.021,154.774
297,uniform,bitmapscan,0,prefetch-simple,io_uring,3,32GB,87.312,100.0,5440.013,1340.324
298,uniform,bitmapscan,0,master,worker,3,32GB,0.317,5.556,1926.431,44.15
299,uniform,indexscan,16,master,worker,12,32GB,0.018,0.33,109.344,4.038
300,uniform,indexscan,16,prefetch-simple,io_uring,3,32GB,77.291,100.0,14430.971,6092.202
301,uniform,bitmapscan,64,master,worker,3,32GB,0.473,8.191,886.372,55.776
302,uniform,indexscan,0,master,worker,12,32GB,0.062,1.106,348.99,8.626
303,uniform,indexscan,64,prefetch-complex,worker,3,32GB,1.065,17.529,1955.282,94.94
304,uniform,indexscan,0,prefetch-simple,sync,3,32GB,1.068,17.589,6675.075,104.392
305,uniform,bitmapscan,64,prefetch-complex,sync,3,32GB,67.287,100.0,2993.698,1349.452
306,uniform,indexscan,64,master,sync,3,32GB,37.273,99.977,26708.236,3381.012
307,uniform,bitmapscan,1,prefetch-simple,worker,12,32GB,0.028,0.501,223.48,5.835
308,uniform,indexscan,64,prefetch-simple,worker,12,32GB,0.013,0.231,45.97,3.266
309,uniform,bitmapscan,1,prefetch-complex,sync,3,32GB,0.019,0.338,181.329,5.051
310,uniform,bitmapscan,16,prefetch-simple,worker,3,32GB,0.004,0.072,10.576,1.875
311,uniform,indexscan,1,prefetch-complex,sync,3,32GB,27.308,99.656,39810.237,2180.995
312,uniform,bitmapscan,0,prefetch-simple,sync,3,32GB,0.142,2.534,843.755,21.289
313,uniform,bitmapscan,1,prefetch-complex,sync,3,32GB,27.285,99.676,5496.592,1173.575
314,uniform,bitmapscan,1,prefetch-simple,io_uring,3,32GB,0.002,0.038,17.192,1.375
315,uniform,indexscan,16,master,worker,12,32GB,37.275,99.977,28141.526,3384.848
316,uniform,bitmapscan,64,prefetch-simple,io_uring,3,32GB,12.157,90.372,2619.421,969.003
317,uniform,indexscan,16,master,worker,3,32GB,0.319,5.595,1995.025,33.195
318,uniform,indexscan,0,prefetch-simple,worker,3,32GB,0.009,0.154,53.96,2.746
319,uniform,indexscan,64,master,worker,12,32GB,0.476,8.222,2997.916,48.931
320,uniform,bitmapscan,16,prefetch-simple,worker,3,32GB,0.062,1.11,116.308,10.948
321,uniform,indexscan,0,prefetch-complex,worker,3,32GB,97.301,100.0,32038.566,7635.681
322,uniform,bitmapscan,16,master,sync,3,32GB,0.318,5.563,1261.867,40.347
323,uniform,bitmapscan,64,master,sync,3,32GB,0.009,0.163,18.162,3.133
324,uniform,indexscan,1,prefetch-complex,worker,12,32GB,12.14,90.268,36899.748,992.083
325,uniform,bitmapscan,1,prefetch-simple,io_uring,3,32GB,47.266,99.999,5684.12,1234.745
326,uniform,indexscan,1,master,worker,3,32GB,3.602,48.337,16951.243,342.165
327,uniform,indexscan,64,master,io_uring,3,32GB,0.012,0.222,74.259,3.367
328,uniform,indexscan,64,prefetch-complex,worker,3,32GB,0.004,0.068,8.446,1.953
329,uniform,indexscan,1,prefetch-complex,io_uring,3,32GB,1.063,17.502,8869.676,93.469
330,uniform,indexscan,64,prefetch-simple,sync,3,32GB,8.086,77.976,7651.054,675.185
331,uniform,indexscan,0,prefetch-simple,worker,3,32GB,1.595,25.149,8761.495,165.447
332,uniform,bitmapscan,16,prefetch-complex,worker,12,32GB,18.191,97.309,2822.294,1096.411
333,uniform,bitmapscan,1,prefetch-complex,io_uring,3,32GB,0.004,0.071,33.704,1.967
334,uniform,indexscan,1,master,sync,3,32GB,0.476,8.226,2885.149,48.911
335,uniform,indexscan,1,prefetch-complex,io_uring,3,32GB,37.276,99.976,40390.955,2910.168
336,uniform,bitmapscan,64,master,sync,3,32GB,0.471,8.136,842.096,54.787
337,uniform,indexscan,64,master,worker,12,32GB,37.288,99.977,27597.755,3421.369
338,uniform,bitmapscan,1,prefetch-complex,io_uring,3,32GB,0.093,1.664,869.019,13.843
339,uniform,bitmapscan,64,prefetch-complex,io_uring,3,32GB,87.29,100.0,3134.268,1425.37
340,uniform,bitmapscan,16,prefetch-complex,worker,3,32GB,8.086,78.004,2693.146,838.276
341,uniform,indexscan,0,prefetch-simple,io_uring,3,32GB,0.475,8.217,2939.18,50.344
342,uniform,bitmapscan,1,master,worker,3,32GB,77.297,100.0,5620.122,1294.78
343,uniform,bitmapscan,16,prefetch-simple,sync,3,32GB,0.028,0.499,61.267,5.49
344,uniform,indexscan,64,prefetch-simple,io_uring,3,32GB,3.602,48.306,5402.758,304.76
345,uniform,indexscan,1,prefetch-complex,io_uring,3,32GB,0.012,0.224,108.855,3.382
346,uniform,bitmapscan,64,prefetch-complex,worker,3,32GB,37.281,99.977,2783.251,1233.534
347,uniform,indexscan,64,master,io_uring,3,32GB,57.306,100.0,30589.461,5228.089
348,uniform,indexscan,64,prefetch-simple,worker,3,32GB,67.302,100.0,13409.144,5215.088
349,uniform,indexscan,0,prefetch-complex,io_uring,3,32GB,0.004,0.079,44.543,2.072
350,uniform,indexscan,64,master,sync,3,32GB,27.291,99.678,26359.127,2468.234
351,uniform,bitmapscan,1,prefetch-simple,worker,12,32GB,67.297,100.0,5745.342,1266.976
352,uniform,indexscan,16,master,worker,3,32GB,37.288,99.977,27217.8,3397.134
353,uniform,indexscan,0,prefetch-complex,io_uring,3,32GB,3.599,48.324,17210.817,347.98
354,uniform,indexscan,16,prefetch-simple,sync,3,32GB,0.001,0.017,4.377,1.12
355,uniform,indexscan,1,prefetch-complex,worker,3,32GB,18.196,97.293,38605.752,1484.881
356,uniform,bitmapscan,1,master,worker,12,32GB,27.282,99.678,5480.487,1164.292
357,uniform,bitmapscan,16,master,io_uring,3,32GB,0.042,0.743,89.882,7.139
358,uniform,bitmapscan,64,prefetch-complex,sync,3,32GB,0.314,5.499,620.76,40.518
359,uniform,indexscan,0,master,sync,3,32GB,0.712,12.062,4330.339,69.75
360,uniform,bitmapscan,0,master,sync,3,32GB,0.002,0.036,14.535,1.451
361,uniform,indexscan,0,prefetch-complex,io_uring,3,32GB,0.029,0.524,183.841,5.681
362,uniform,bitmapscan,64,master,io_uring,3,32GB,0.062,1.103,127.711,9.829
363,uniform,indexscan,1,prefetch-simple,io_uring,3,32GB,0.013,0.23,110.969,3.329
364,uniform,bitmapscan,1,prefetch-simple,worker,3,32GB,37.272,99.976,5395.41,1199.009
365,uniform,bitmapscan,16,master,worker,12,32GB,0.006,0.105,12.318,2.108
366,uniform,indexscan,64,master,sync,3,32GB,3.602,48.337,16854.095,341.056
367,uniform,bitmapscan,16,prefetch-simple,worker,12,32GB,27.307,99.672,2701.909,1088.81
368,uniform,indexscan,1,master,worker,3,32GB,1.062,17.504,6415.733,108.844
369,uniform,indexscan,64,master,worker,3,32GB,37.288,99.978,28081.32,3375.275
370,uniform,bitmapscan,64,prefetch-simple,worker,3,32GB,12.137,90.167,2622.093,1000.964
371,uniform,indexscan,0,prefetch-complex,worker,12,32GB,77.289,100.0,30479.784,6114.335
372,uniform,bitmapscan,0,prefetch-complex,worker,3,32GB,0.009,0.166,57.287,3.523
373,uniform,indexscan,0,prefetch-simple,sync,3,32GB,67.279,100.0,31251.762,5566.322
374,uniform,bitmapscan,1,prefetch-complex,worker,3,32GB,8.086,78.018,7978.346,839.071
375,uniform,indexscan,16,prefetch-complex,io_uring,3,32GB,0.095,1.701,219.225,11.858
376,uniform,indexscan,1,prefetch-complex,io_uring,3,32GB,0.476,8.237,4048.137,44.506
377,uniform,bitmapscan,64,master,worker,3,32GB,0.028,0.503,58.722,5.495
378,uniform,bitmapscan,1,master,io_uring,3,32GB,1.602,25.21,9392.764,255.437
379,uniform,bitmapscan,0,prefetch-simple,sync,3,32GB,1.595,25.134,7129.803,271.544
380,uniform,indexscan,16,master,worker,12,32GB,0.093,1.668,574.784,11.936
381,uniform,indexscan,1,prefetch-simple,worker,12,32GB,12.131,90.228,37515.26,984.912
382,uniform,indexscan,0,prefetch-complex,worker,12,32GB,0.095,1.694,585.828,12.056
383,uniform,bitmapscan,0,prefetch-complex,worker,3,32GB,0.709,12.025,4151.375,123.643
384,uniform,indexscan,64,prefetch-simple,worker,12,32GB,0.041,0.735,126.668,6.609
385,uniform,bitmapscan,64,prefetch-complex,io_uring,3,32GB,1.6,25.178,2319.813,256.507
386,uniform,bitmapscan,0,prefetch-simple,worker,3,32GB,1.064,17.54,5418.174,167.336
387,uniform,indexscan,16,master,io_uring,3,32GB,0.001,0.019,7.105,1.148
388,uniform,bitmapscan,64,prefetch-complex,worker,12,32GB,0.028,0.494,53.131,5.504
389,uniform,bitmapscan,0,prefetch-simple,io_uring,3,32GB,18.203,97.297,4927.151,1096.489
390,uniform,bitmapscan,64,prefetch-simple,sync,3,32GB,0.006,0.114,13.191,2.406
391,uniform,indexscan,64,master,worker,12,32GB,2.403,35.454,12470.362,222.57
392,uniform,bitmapscan,16,master,sync,3,32GB,1.601,25.193,2238.782,256.127
393,uniform,indexscan,16,master,worker,3,32GB,0.003,0.056,18.359,1.55
394,uniform,indexscan,1,prefetch-simple,sync,3,32GB,47.276,99.999,41026.041,3669.383
395,uniform,indexscan,1,prefetch-complex,worker,3,32GB,5.384,63.004,29532.518,448.79
396,uniform,indexscan,1,prefetch-simple,io_uring,3,32GB,77.306,100.0,43610.415,6019.995
397,uniform,indexscan,64,master,worker,3,32GB,0.713,12.099,4335.728,74.653
398,uniform,indexscan,1,prefetch-complex,io_uring,3,32GB,0.064,1.143,551.922,8.41
399,uniform,bitmapscan,16,master,io_uring,3,32GB,8.095,78.084,2713.897,834.565
400,uniform,bitmapscan,16,master,io_uring,3,32GB,3.594,48.201,3454.521,511.269
401,uniform,bitmapscan,1,prefetch-complex,sync,3,32GB,1.601,25.174,9672.793,263.929
402,uniform,bitmapscan,16,prefetch-simple,sync,3,32GB,8.082,78.004,2671.711,839.425
403,uniform,indexscan,1,master,worker,12,32GB,0.311,5.454,1973.752,35.089
404,uniform,bitmapscan,64,prefetch-simple,io_uring,3,32GB,97.31,100.0,3062.601,1306.588
405,uniform,bitmapscan,1,master,worker,12,32GB,0.063,1.132,560.569,10.041
406,uniform,indexscan,16,prefetch-simple,sync,3,32GB,47.291,99.999,11905.198,3707.613
407,uniform,indexscan,16,prefetch-simple,sync,3,32GB,2.386,35.202,4241.406,207.778
408,uniform,bitmapscan,1,master,worker,12,32GB,8.085,77.964,7825.74,824.058
409,uniform,bitmapscan,0,prefetch-complex,worker,12,32GB,1.069,17.568,5581.048,179.065
410,uniform,indexscan,0,prefetch-complex,io_uring,3,32GB,0.002,0.038,13.647,1.66
411,uniform,bitmapscan,1,prefetch-complex,io_uring,3,32GB,0.009,0.163,96.027,3.753
412,uniform,bitmapscan,16,master,io_uring,3,32GB,77.297,100.0,2966.176,1268.189
413,uniform,bitmapscan,0,prefetch-simple,worker,12,32GB,0.712,12.066,3850.658,125.265
414,uniform,bitmapscan,0,prefetch-complex,worker,12,32GB,67.291,100.0,5426.164,1364.723
415,uniform,indexscan,16,master,sync,3,32GB,2.409,35.526,12694.407,230
416,uniform,bitmapscan,64,prefetch-complex,io_uring,3,32GB,0.02,0.356,66.278,4.909
417,uniform,bitmapscan,64,prefetch-complex,sync,3,32GB,0.003,0.056,8.167,1.817
418,uniform,indexscan,64,prefetch-complex,sync,3,32GB,0.474,8.175,948.226,43.08
419,uniform,indexscan,16,master,sync,3,32GB,0.006,0.112,39.738,2.19
420,uniform,indexscan,1,master,io_uring,3,32GB,0.006,0.105,34.114,2.088
421,uniform,bitmapscan,16,master,worker,3,32GB,3.595,48.218,3248.983,513.458
422,uniform,indexscan,64,prefetch-simple,sync,3,32GB,1.602,25.236,2953.776,140.126
423,uniform,bitmapscan,1,master,worker,3,32GB,18.191,97.28,5438.76,1080.034
424,uniform,indexscan,64,prefetch-complex,io_uring,3,32GB,67.295,100.0,13421.026,5281.006
425,uniform,bitmapscan,16,prefetch-simple,io_uring,3,32GB,67.282,100.0,2928.951,1274.365
426,uniform,indexscan,16,prefetch-complex,sync,3,32GB,0.316,5.527,648.442,30.15
427,uniform,indexscan,0,master,io_uring,3,32GB,87.3,100.0,32517.216,7923.03
428,uniform,bitmapscan,64,master,io_uring,3,32GB,0.043,0.766,80.813,7.664
429,uniform,bitmapscan,0,prefetch-complex,sync,3,32GB,87.305,100.0,5569.251,1435.215
430,uniform,indexscan,16,prefetch-complex,sync,3,32GB,0.013,0.238,26.78,3.922
431,uniform,bitmapscan,64,master,worker,3,32GB,77.296,100.0,2924.048,1277.835
432,uniform,bitmapscan,1,prefetch-complex,worker,12,32GB,0.002,0.035,16.109,1.557
433,uniform,indexscan,0,master,sync,3,32GB,0.318,5.577,2127.563,31.823
434,uniform,indexscan,0,master,worker,3,32GB,0.141,2.507,866.577,16.106
435,uniform,bitmapscan,0,prefetch-complex,worker,3,32GB,0.002,0.036,19.459,1.586
436,uniform,bitmapscan,64,prefetch-complex,worker,3,32GB,0.003,0.055,7.858,1.792
437,uniform,indexscan,64,master,worker,3,32GB,0.028,0.504,159.052,5.203
438,uniform,indexscan,16,master,io_uring,3,32GB,0.094,1.682,542.884,11.725
439,uniform,indexscan,64,prefetch-complex,sync,3,32GB,0.029,0.516,53.479,4.881
440,uniform,bitmapscan,1,prefetch-simple,worker,12,32GB,5.391,63.091,13267.109,657.045
441,uniform,bitmapscan,1,prefetch-simple,sync,3,32GB,0.064,1.139,560.239,11.309
442,uniform,bitmapscan,1,prefetch-complex,io_uring,3,32GB,77.298,100.0,5705.074,1371.556
443,uniform,bitmapscan,16,master,worker,3,32GB,57.301,100.0,2846.754,1250.98
444,uniform,indexscan,16,prefetch-complex,sync,3,32GB,0.028,0.507,55.047,5.428
445,uniform,bitmapscan,16,master,worker,3,32GB,87.311,100.0,3002.63,1289.276
446,uniform,bitmapscan,1,master,worker,12,32GB,47.291,99.999,5462.989,1230.782
447,uniform,indexscan,1,prefetch-simple,worker,12,32GB,2.408,35.5,17731.576,210.325
448,uniform,bitmapscan,16,master,worker,3,32GB,97.308,100.0,3061.615,1299.973
449,uniform,bitmapscan,0,prefetch-complex,sync,3,32GB,1.601,25.234,7172.076,276.725
450,uniform,indexscan,0,master,worker,3,32GB,1.064,17.534,6211.618,103.433
451,uniform,bitmapscan,1,prefetch-complex,sync,3,32GB,0.002,0.038,17.612,1.549
452,uniform,bitmapscan,16,master,sync,3,32GB,18.185,97.283,2694.504,1088.281
453,uniform,indexscan,0,master,io_uring,3,32GB,67.303,100.0,30150.749,6150.724
454,uniform,bitmapscan,0,master,worker,3,32GB,0.711,12.055,3880.621,131.645
455,uniform,bitmapscan,0,prefetch-simple,worker,12,32GB,0.003,0.057,18.879,1.703
456,uniform,bitmapscan,1,prefetch-complex,sync,3,32GB,1.063,17.5,8622.721,151.643
457,uniform,indexscan,64,master,worker,12,32GB,8.087,78.051,23407.609,746.796
458,uniform,indexscan,0,master,worker,12,32GB,0.003,0.062,22.594,1.98
459,uniform,indexscan,16,prefetch-simple,worker,3,32GB,57.279,100.0,12888.836,4454.797
460,uniform,bitmapscan,64,prefetch-complex,sync,3,32GB,0.095,1.693,180.088,13.911
461,uniform,indexscan,1,prefetch-simple,worker,3,32GB,0.001,0.019,10.418,1.095
462,uniform,indexscan,16,prefetch-simple,io_uring,3,32GB,0.093,1.663,177.449,10.357
463,uniform,bitmapscan,1,master,worker,12,32GB,0.009,0.167,79.681,3.053
464,uniform,bitmapscan,16,master,io_uring,3,32GB,0.006,0.113,16.015,2.161
465,uniform,bitmapscan,16,prefetch-simple,io_uring,3,32GB,47.273,99.999,2786.636,1213.589
466,uniform,bitmapscan,64,prefetch-simple,worker,12,32GB,97.309,100.0,3051.124,1307.918
467,uniform,indexscan,64,prefetch-simple,sync,3,32GB,87.313,100.0,15237.794,6810.403
468,uniform,bitmapscan,1,prefetch-complex,worker,12,32GB,0.019,0.338,164.323,5.061
469,uniform,bitmapscan,0,prefetch-simple,io_uring,3,32GB,8.091,78.054,5895.814,843.941
470,uniform,indexscan,1,master,worker,3,32GB,5.39,63.074,21198.529,493.953
471,uniform,indexscan,16,prefetch-complex,sync,3,32GB,12.126,90.232,8731.729,1004.768
472,uniform,indexscan,16,prefetch-complex,io_uring,3,32GB,0.316,5.537,671.453,29.957
473,uniform,indexscan,0,master,worker,3,32GB,0.006,0.11,41.997,2.25
474,uniform,indexscan,0,prefetch-simple,worker,3,32GB,12.131,90.233,24685.782,1020.321
475,uniform,bitmapscan,1,master,io_uring,3,32GB,27.284,99.674,5380.593,1146.26
476,uniform,bitmapscan,1,prefetch-simple,sync,3,32GB,8.086,77.982,7668.373,821.945
477,uniform,bitmapscan,0,master,sync,3,32GB,2.401,35.384,8962.159,378.126
478,uniform,indexscan,1,master,worker,12,32GB,0.042,0.75,269.067,6.644
479,uniform,bitmapscan,1,master,worker,3,32GB,67.298,100.0,5613.395,1256.706
480,uniform,bitmapscan,64,master,worker,3,32GB,0.711,12.034,1244.272,116.089
481,uniform,indexscan,1,prefetch-complex,worker,12,32GB,0.003,0.057,26.136,1.726
482,uniform,bitmapscan,0,master,worker,12,32GB,0.003,0.05,21.794,1.56
483,uniform,indexscan,64,prefetch-complex,sync,3,32GB,0.314,5.508,577.433,29.492
484,uniform,indexscan,64,prefetch-simple,io_uring,3,32GB,97.312,100.0,15986.432,7497.178
485,uniform,bitmapscan,64,prefetch-simple,worker,3,32GB,0.042,0.75,81.441,7.186
486,uniform,indexscan,0,master,worker,12,32GB,1.062,17.48,7411.264,102.111
487,uniform,bitmapscan,1,prefetch-complex,worker,12,32GB,0.028,0.496,248,5.845
488,uniform,indexscan,0,prefetch-simple,io_uring,3,32GB,67.289,100.0,29862.662,5351.463
489,uniform,bitmapscan,64,prefetch-complex,io_uring,3,32GB,8.097,78.196,2639.053,828.113
490,uniform,indexscan,0,prefetch-complex,worker,12,32GB,57.281,100.0,28735.869,4569.056
491,uniform,indexscan,0,prefetch-complex,io_uring,3,32GB,18.185,97.298,25557.203,1572.289
492,uniform,indexscan,1,prefetch-complex,sync,3,32GB,0.143,2.535,1221.001,15.188
493,uniform,bitmapscan,1,master,io_uring,3,32GB,0.472,8.174,3763.064,56.846
494,uniform,indexscan,64,prefetch-simple,worker,12,32GB,67.304,100.0,13470.949,5192.253
495,uniform,bitmapscan,16,prefetch-complex,worker,3,32GB,27.277,99.673,2737.368,1175.313
496,uniform,indexscan,1,prefetch-complex,io_uring,3,32GB,0.21,3.714,1838.767,20.546
497,uniform,bitmapscan,1,prefetch-complex,io_uring,3,32GB,0.042,0.757,401.772,7.594
498,uniform,indexscan,16,master,sync,3,32GB,0.004,0.077,33.635,1.861
499,uniform,indexscan,64,master,worker,12,32GB,0.002,0.039,20.844,1.444
500,uniform,indexscan,1,master,worker,12,32GB,0.013,0.235,80.245,3.858
501,uniform,bitmapscan,16,prefetch-simple,worker,12,32GB,0.211,3.731,406.472,25.871
502,uniform,indexscan,0,prefetch-simple,worker,3,32GB,0.042,0.759,261.583,6.777
503,uniform,indexscan,16,prefetch-simple,sync,3,32GB,8.094,78.082,7737.242,676.661
504,uniform,bitmapscan,64,master,io_uring,3,32GB,77.292,100.0,2949.175,1273.895
505,uniform,indexscan,1,master,io_uring,3,32GB,57.277,100.0,29649.996,5182.405
506,uniform,bitmapscan,16,prefetch-complex,worker,12,32GB,0.475,8.209,991.094,56.881
507,uniform,indexscan,64,prefetch-simple,sync,3,32GB,57.28,100.0,13085.891,4538.71
508,uniform,indexscan,0,prefetch-complex,sync,3,32GB,87.305,100.0,32708.131,6891.012
509,uniform,indexscan,1,prefetch-complex,worker,3,32GB,77.298,100.0,44042.332,6051.372
510,uniform,indexscan,1,prefetch-simple,worker,12,32GB,77.297,100.0,44504.12,6044.889
511,uniform,bitmapscan,16,prefetch-complex,worker,12,32GB,5.39,63.062,3641.729,671.554
512,uniform,bitmapscan,1,prefetch-simple,io_uring,3,32GB,5.388,63.114,14447.744,668.333
513,uniform,bitmapscan,64,master,io_uring,3,32GB,0.004,0.071,9.876,1.828
514,uniform,indexscan,1,prefetch-simple,io_uring,3,32GB,0.028,0.495,220.833,5.646
515,uniform,bitmapscan,1,master,sync,3,32GB,0.21,3.719,1758.834,26.005
516,uniform,indexscan,16,prefetch-complex,worker,3,32GB,8.101,78.226,7729.127,688.507
517,uniform,bitmapscan,1,master,sync,3,32GB,3.6,48.316,14008.776,514.294
518,uniform,indexscan,16,prefetch-simple,worker,3,32GB,8.081,78.03,7848.459,678.736
519,uniform,indexscan,64,prefetch-complex,io_uring,3,32GB,0.315,5.523,614.147,30.377
520,uniform,bitmapscan,1,prefetch-complex,worker,12,32GB,97.301,100.0,5935.84,1432.576
521,uniform,bitmapscan,1,prefetch-complex,worker,12,32GB,2.402,35.455,12043.14,356.17
522,uniform,indexscan,0,prefetch-simple,worker,12,32GB,0.006,0.106,36.261,2.362
523,uniform,bitmapscan,1,prefetch-complex,worker,3,32GB,0.041,0.73,349.434,7.425
524,uniform,bitmapscan,0,prefetch-simple,sync,3,32GB,0.009,0.163,56.558,3.064
525,uniform,bitmapscan,0,prefetch-simple,sync,3,32GB,77.301,100.0,5321.148,1314.005
526,uniform,bitmapscan,0,prefetch-complex,worker,3,32GB,57.285,100.0,5343.617,1351.926
527,uniform,indexscan,16,master,sync,3,32GB,0.001,0.022,8.313,1.135
528,uniform,bitmapscan,16,prefetch-simple,worker,3,32GB,0.042,0.756,79.875,8.672
529,uniform,bitmapscan,1,prefetch-complex,worker,12,32GB,0.001,0.02,10.857,1.342
530,uniform,bitmapscan,0,master,io_uring,3,32GB,18.197,97.3,5052.258,1100.605
531,uniform,indexscan,16,prefetch-simple,worker,12,32GB,67.288,100.0,14494.233,5333.972
532,uniform,indexscan,0,master,io_uring,3,32GB,0.001,0.017,6.919,1.088
533,uniform,indexscan,16,prefetch-complex,sync,3,32GB,97.313,100.0,15745.907,7683.936
534,uniform,indexscan,64,prefetch-complex,worker,3,32GB,0.317,5.555,676.191,31.585
535,uniform,bitmapscan,1,prefetch-complex,worker,12,32GB,0.003,0.052,26.951,1.86
536,uniform,bitmapscan,16,prefetch-complex,worker,12,32GB,0.315,5.518,592.081,40.55
537,uniform,indexscan,64,prefetch-complex,worker,12,32GB,0.013,0.242,28.813,4.154
538,uniform,indexscan,64,master,worker,3,32GB,0.006,0.104,33.213,2.158
539,uniform,indexscan,1,prefetch-complex,io_uring,3,32GB,0.028,0.501,237.304,4.999
540,uniform,bitmapscan,16,prefetch-complex,worker,12,32GB,0.042,0.751,79.812,7.154
541,uniform,indexscan,16,prefetch-simple,io_uring,3,32GB,0.063,1.126,117.534,7.687
542,uniform,bitmapscan,1,prefetch-complex,worker,12,32GB,0.041,0.734,370.37,7.609
543,uniform,bitmapscan,64,prefetch-simple,worker,12,32GB,57.29,100.0,2861.455,1239.199
544,uniform,indexscan,16,prefetch-simple,worker,12,32GB,0.315,5.531,713.248,30.378
545,uniform,bitmapscan,64,prefetch-simple,sync,3,32GB,0.001,0.016,3.55,1.183
546,uniform,indexscan,0,prefetch-complex,io_uring,3,32GB,8.082,78.031,23665.669,716.185
547,uniform,bitmapscan,1,master,sync,3,32GB,47.275,100.0,5577.804,1200.469
548,uniform,bitmapscan,16,prefetch-simple,worker,12,32GB,2.396,35.373,2991.921,354.829
549,uniform,bitmapscan,64,master,io_uring,3,32GB,0.316,5.533,626.062,39.516
550,uniform,bitmapscan,0,master,worker,3,32GB,87.29,100.0,5441.701,1344.566
551,uniform,bitmapscan,16,prefetch-complex,io_uring,3,32GB,0.209,3.701,456.717,27.813
552,uniform,bitmapscan,16,master,sync,3,32GB,0.028,0.502,63.752,5.859
553,uniform,indexscan,0,master,worker,12,32GB,57.305,100.0,29651.328,5371.578
554,uniform,indexscan,0,prefetch-simple,sync,3,32GB,0.713,12.072,4614.478,75.183
555,uniform,bitmapscan,16,prefetch-complex,worker,12,32GB,37.29,99.98,2787.215,1244.939
556,uniform,bitmapscan,0,prefetch-simple,worker,12,32GB,87.304,100.0,5649.792,1340.298
557,uniform,bitmapscan,16,prefetch-simple,worker,3,32GB,0.712,12.086,1328.139,116.127
558,uniform,bitmapscan,16,prefetch-complex,sync,3,32GB,57.281,100.0,2920.505,1325.911
559,uniform,bitmapscan,64,master,sync,3,32GB,0.316,5.54,602.421,40.276
560,uniform,bitmapscan,64,prefetch-complex,worker,3,32GB,3.596,48.232,3295.254,509.927
561,uniform,indexscan,0,master,worker,3,32GB,0.476,8.242,3178.042,50.042
562,uniform,bitmapscan,64,prefetch-simple,sync,3,32GB,1.063,17.498,1837.894,154.62
563,uniform,indexscan,16,prefetch-simple,io_uring,3,32GB,3.587,48.177,5586.291,311.056
564,uniform,indexscan,64,prefetch-complex,io_uring,3,32GB,47.279,99.998,11610.422,3737.247
565,uniform,indexscan,1,prefetch-simple,sync,3,32GB,0.027,0.493,252.127,4.827
566,uniform,indexscan,64,master,worker,3,32GB,97.304,100.0,36070.362,8886.468
567,uniform,indexscan,1,prefetch-complex,sync,3,32GB,0.094,1.675,756.814,11.343
568,uniform,bitmapscan,0,prefetch-complex,io_uring,3,32GB,1.598,25.153,7228.105,277.618
569,uniform,bitmapscan,0,prefetch-complex,io_uring,3,32GB,3.6,48.263,10292.075,557.222
570,uniform,bitmapscan,0,prefetch-simple,worker,12,32GB,27.293,99.66,5320.048,1180.133
571,uniform,indexscan,1,master,io_uring,3,32GB,77.297,100.0,31222.767,7080.719
572,uniform,bitmapscan,64,prefetch-complex,io_uring,3,32GB,0.009,0.153,17.874,2.988
573,uniform,bitmapscan,16,master,worker,3,32GB,77.308,100.0,2946.026,1272.272
574,uniform,bitmapscan,1,prefetch-complex,worker,12,32GB,18.222,97.323,5408.489,1071.581
575,uniform,indexscan,1,prefetch-complex,io_uring,3,32GB,5.409,63.282,29917.891,468.66
576,uniform,indexscan,1,prefetch-complex,sync,3,32GB,0.004,0.073,43.538,2.344
577,uniform,indexscan,64,prefetch-simple,sync,3,32GB,37.272,99.976,11160.043,2945.292
578,uniform,bitmapscan,0,prefetch-complex,io_uring,3,32GB,77.298,100.0,5463.843,1420.64
579,uniform,bitmapscan,64,master,sync,3,32GB,0.142,2.522,273.437,17.689
580,uniform,indexscan,16,master,worker,12,32GB,0.006,0.11,41.708,2.234
581,uniform,indexscan,64,master,io_uring,3,32GB,0.214,3.786,1294.156,22.819
582,uniform,bitmapscan,0,master,sync,3,32GB,97.311,100.0,5382.128,1335.498
583,uniform,bitmapscan,1,prefetch-simple,sync,3,32GB,0.002,0.036,21.053,1.375
584,uniform,bitmapscan,0,prefetch-simple,worker,12,32GB,0.02,0.351,118.397,4.998
585,uniform,indexscan,0,prefetch-simple,io_uring,3,32GB,2.401,35.385,12797.719,221.58
586,uniform,bitmapscan,1,prefetch-simple,sync,3,32GB,0.316,5.532,2753.406,39.395
587,uniform,bitmapscan,1,prefetch-simple,sync,3,32GB,27.299,99.67,5378.72,1151.774
588,uniform,indexscan,1,prefetch-simple,worker,3,32GB,77.305,100.0,44826.253,6093.27
589,uniform,indexscan,1,prefetch-complex,io_uring,3,32GB,0.317,5.541,2768.091,29.742
590,uniform,indexscan,1,master,io_uring,3,32GB,0.211,3.728,1362.371,26.038
591,uniform,bitmapscan,64,master,io_uring,3,32GB,87.303,100.0,3031.778,1299.357
592,uniform,indexscan,64,master,sync,3,32GB,1.591,25.036,8858.445,154.355
593,uniform,bitmapscan,0,master,sync,3,32GB,0.711,12.076,3911.149,127.648
594,uniform,indexscan,16,prefetch-simple,worker,12,32GB,2.387,35.291,4046.617,207.566
595,uniform,bitmapscan,1,master,io_uring,3,32GB,0.002,0.037,18.345,1.39
596,uniform,bitmapscan,64,prefetch-complex,io_uring,3,32GB,0.214,3.779,413.683,26.626
597,uniform,indexscan,64,master,io_uring,3,32GB,0.006,0.105,40.972,2.748
598,uniform,bitmapscan,64,master,sync,3,32GB,0.004,0.072,9.141,1.792
599,uniform,bitmapscan,64,prefetch-simple,sync,3,32GB,0.013,0.227,25.769,3.367
600,uniform,bitmapscan,16,prefetch-simple,io_uring,3,32GB,1.071,17.626,1656.323,154.956
601,uniform,bitmapscan,1,prefetch-simple,io_uring,3,32GB,0.142,2.529,1327.768,20.906
602,uniform,indexscan,16,master,worker,12,32GB,0.062,1.119,402.919,8.703
603,uniform,bitmapscan,1,master,sync,3,32GB,0.095,1.693,828.909,13.327
604,uniform,indexscan,0,prefetch-complex,worker,12,32GB,97.312,100.0,32673.445,7656.559
605,uniform,indexscan,16,prefetch-complex,io_uring,3,32GB,12.14,90.276,8252.997,993.462
606,uniform,indexscan,64,prefetch-complex,worker,3,32GB,0.063,1.123,116.427,8.17
607,uniform,bitmapscan,16,prefetch-simple,worker,12,32GB,37.292,99.978,2771.851,1190.392
608,uniform,indexscan,64,prefetch-simple,worker,12,32GB,0.009,0.17,19.869,2.857
609,uniform,bitmapscan,16,master,worker,3,32GB,0.009,0.16,19.245,2.85
610,uniform,bitmapscan,1,master,worker,3,32GB,37.272,99.977,5318.316,1205.819
611,uniform,bitmapscan,16,prefetch-simple,worker,3,32GB,87.313,100.0,3000.925,1310.115
612,uniform,indexscan,16,master,sync,3,32GB,77.293,100.0,31021.02,7097.799
613,uniform,bitmapscan,64,prefetch-complex,worker,3,32GB,0.094,1.682,210.673,13.269
614,uniform,indexscan,16,prefetch-complex,worker,3,32GB,0.042,0.751,105.451,6.774
615,uniform,indexscan,0,master,worker,3,32GB,57.279,100.0,28883.307,5238.626
616,uniform,indexscan,0,prefetch-complex,worker,3,32GB,37.286,99.977,28557.211,2975.131
617,uniform,bitmapscan,1,prefetch-simple,worker,12,32GB,0.042,0.757,403.384,8.06
618,uniform,bitmapscan,64,prefetch-simple,worker,3,32GB,0.003,0.05,7.161,1.709
619,uniform,bitmapscan,1,prefetch-simple,io_uring,3,32GB,0.019,0.341,184.789,4.663
620,uniform,indexscan,0,prefetch-simple,worker,12,32GB,0.009,0.165,53.83,2.762
621,uniform,bitmapscan,1,prefetch-complex,worker,3,32GB,0.004,0.069,34.951,2.104
622,uniform,indexscan,1,prefetch-simple,worker,3,32GB,87.302,100.0,44794.02,6845.619
623,uniform,bitmapscan,1,prefetch-complex,sync,3,32GB,0.316,5.559,2553.959,43.001
624,uniform,bitmapscan,1,prefetch-simple,worker,3,32GB,87.312,100.0,5673.395,1316.823
625,uniform,indexscan,16,master,sync,3,32GB,5.391,63.126,21662.5,502.166
626,uniform,indexscan,64,prefetch-complex,worker,3,32GB,47.284,99.999,11867.912,3752.114
627,uniform,bitmapscan,16,prefetch-simple,worker,3,32GB,0.141,2.514,289.198,18.84
628,uniform,bitmapscan,64,prefetch-complex,worker,3,32GB,87.312,100.0,3078.667,1393.433
629,uniform,bitmapscan,16,prefetch-complex,sync,3,32GB,0.042,0.745,77.656,7.182
630,uniform,bitmapscan,64,prefetch-complex,worker,12,32GB,0.21,3.723,381.443,26.335
631,uniform,indexscan,64,prefetch-simple,sync,3,32GB,2.406,35.501,4004.528,205.55
632,uniform,bitmapscan,0,prefetch-complex,worker,12,32GB,87.312,100.0,5495.41,1447.619
633,uniform,bitmapscan,1,prefetch-simple,sync,3,32GB,0.019,0.345,160.543,4.737
634,uniform,indexscan,1,prefetch-complex,worker,12,32GB,0.315,5.514,2686.181,29.595
635,uniform,indexscan,16,prefetch-simple,worker,3,32GB,0.063,1.123,136.097,9.096
636,uniform,indexscan,1,master,io_uring,3,32GB,0.003,0.055,18.564,1.627
637,uniform,bitmapscan,16,prefetch-complex,worker,12,32GB,0.018,0.33,35.98,4.655
638,uniform,indexscan,1,prefetch-simple,sync,3,32GB,3.597,48.27,23323.782,298.765
639,uniform,indexscan,16,prefetch-complex,sync,3,32GB,0.141,2.513,293.788,15.584
640,uniform,bitmapscan,64,master,sync,3,32GB,1.593,25.075,2312.439,254.854
641,uniform,bitmapscan,0,master,worker,3,32GB,0.042,0.758,272.208,7.906
642,uniform,bitmapscan,64,prefetch-complex,io_uring,3,32GB,27.281,99.671,2771.957,1186.847
643,uniform,bitmapscan,64,master,sync,3,32GB,5.4,63.121,3386.967,662.161
644,uniform,bitmapscan,16,prefetch-simple,sync,3,32GB,57.299,100.0,2890.413,1258.974
645,uniform,bitmapscan,0,master,worker,12,32GB,37.3,99.979,5437.461,1218.123
646,uniform,indexscan,64,prefetch-complex,worker,12,32GB,0.062,1.106,115.546,7.79
647,uniform,bitmapscan,16,prefetch-simple,worker,3,32GB,5.396,63.163,3319.36,649.516
648,uniform,bitmapscan,0,prefetch-complex,worker,12,32GB,5.398,63.087,10769.173,701.69
649,uniform,indexscan,1,prefetch-simple,worker,3,32GB,27.286,99.67,40147.221,2158.531
650,uniform,indexscan,1,prefetch-complex,worker,3,32GB,0.063,1.12,555.068,8.493
651,uniform,bitmapscan,1,master,sync,3,32GB,1.602,25.207,9667.991,261.738
652,uniform,bitmapscan,64,prefetch-simple,worker,12,32GB,1.065,17.518,1679.613,154.594
653,uniform,indexscan,1,master,worker,12,32GB,5.394,63.136,20601.65,507.524
654,uniform,indexscan,64,prefetch-simple,io_uring,3,32GB,0.009,0.167,19.557,2.784
655,uniform,indexscan,1,prefetch-complex,sync,3,32GB,0.212,3.747,1862.104,21.717
656,uniform,bitmapscan,0,master,worker,12,32GB,0.004,0.075,27.544,1.872
657,uniform,bitmapscan,64,prefetch-complex,worker,12,32GB,77.296,100.0,3069.339,1371.49
658,uniform,bitmapscan,0,master,io_uring,3,32GB,0.004,0.074,32.439,1.879
659,uniform,indexscan,16,prefetch-simple,io_uring,3,32GB,1.598,25.156,2902.838,145.72
660,uniform,bitmapscan,16,master,io_uring,3,32GB,57.296,100.0,2870.052,1267.066
661,uniform,indexscan,1,master,sync,3,32GB,0.316,5.547,1975.579,33.287
662,uniform,indexscan,1,prefetch-complex,worker,3,32GB,0.009,0.16,85.856,2.992
663,uniform,indexscan,64,master,worker,12,32GB,5.395,63.155,20995.733,507.934
664,uniform,indexscan,1,prefetch-simple,worker,12,32GB,67.304,100.0,43200.734,5304.262
665,uniform,indexscan,64,prefetch-complex,worker,12,32GB,0.143,2.539,294.03,15.72
666,uniform,bitmapscan,1,prefetch-complex,sync,3,32GB,18.189,97.282,5466.791,1089.979
667,uniform,bitmapscan,64,prefetch-complex,worker,12,32GB,1.068,17.605,1773.128,153.417
668,uniform,indexscan,0,prefetch-complex,worker,3,32GB,67.306,100.0,32003.717,5269.928
669,uniform,indexscan,0,master,worker,12,32GB,3.604,48.41,16958.809,362.641
670,uniform,indexscan,0,prefetch-complex,worker,12,32GB,0.002,0.038,16.404,1.506
671,uniform,bitmapscan,1,prefetch-complex,sync,3,32GB,0.095,1.698,880.204,13.609
672,uniform,bitmapscan,1,prefetch-complex,io_uring,3,32GB,0.313,5.482,2670.323,38.953
673,uniform,bitmapscan,1,master,sync,3,32GB,0.002,0.036,16.57,1.395
674,uniform,indexscan,64,master,io_uring,3,32GB,18.212,97.287,25587.137,1669.686
675,uniform,indexscan,0,prefetch-complex,sync,3,32GB,0.001,0.022,8.973,1.316
676,uniform,indexscan,16,prefetch-complex,io_uring,3,32GB,0.209,3.689,402.92,21.175
677,uniform,bitmapscan,64,prefetch-simple,worker,12,32GB,0.002,0.034,7.253,1.37
678,uniform,bitmapscan,1,master,worker,3,32GB,97.312,100.0,5677.138,1330.444
679,uniform,indexscan,1,master,sync,3,32GB,0.01,0.171,56.093,3.079
680,uniform,bitmapscan,16,master,worker,12,32GB,47.275,100.0,2857.034,1231.721
681,uniform,bitmapscan,0,prefetch-simple,worker,12,32GB,77.293,100.0,5374.265,1307.922
682,uniform,bitmapscan,16,master,io_uring,3,32GB,0.001,0.019,3.491,1.075
683,uniform,bitmapscan,1,prefetch-simple,sync,3,32GB,12.142,90.241,5661.254,956.494
684,uniform,bitmapscan,1,prefetch-simple,worker,12,32GB,0.009,0.165,74.587,3.046
685,uniform,bitmapscan,16,prefetch-complex,io_uring,3,32GB,0.094,1.672,195.448,13.485
686,uniform,bitmapscan,16,master,worker,3,32GB,0.001,0.016,3.418,1.143
687,uniform,bitmapscan,1,prefetch-simple,worker,3,32GB,3.595,48.282,14025.522,507.273
688,uniform,indexscan,0,prefetch-simple,worker,3,32GB,0.002,0.036,14.802,1.402
689,uniform,bitmapscan,64,prefetch-complex,worker,3,32GB,0.314,5.513,708.374,40.487
690,uniform,indexscan,64,master,sync,3,32GB,97.31,100.0,35040.358,8777.293
691,uniform,bitmapscan,0,prefetch-simple,io_uring,3,32GB,1.072,17.618,5491.005,169.406
692,uniform,indexscan,64,prefetch-complex,worker,12,32GB,0.028,0.496,53.226,4.748
693,uniform,bitmapscan,0,prefetch-complex,sync,3,32GB,67.294,100.0,5294.335,1377.602
694,uniform,indexscan,16,prefetch-complex,sync,3,32GB,27.281,99.673,10062.371,2183.472
695,uniform,indexscan,0,prefetch-simple,io_uring,3,32GB,77.306,100.0,30148.634,6047.609
696,uniform,bitmapscan,1,prefetch-complex,io_uring,3,32GB,97.301,100.0,5977.924,1426.607
697,uniform,bitmapscan,64,prefetch-complex,worker,12,32GB,0.477,8.246,925.446,58.19
698,uniform,bitmapscan,16,prefetch-simple,worker,12,32GB,18.219,97.326,2691.353,1060.61
699,uniform,bitmapscan,0,prefetch-simple,io_uring,3,32GB,37.289,99.978,5169.171,1222.034
700,uniform,bitmapscan,0,prefetch-complex,worker,12,32GB,0.063,1.12,416.03,10.433
701,uniform,indexscan,16,prefetch-simple,sync,3,32GB,0.213,3.755,441.732,22.283
702,uniform,indexscan,64,prefetch-simple,worker,12,32GB,8.087,78.045,9295.923,673.704
703,uniform,bitmapscan,0,master,worker,3,32GB,0.028,0.503,162.246,5.864
704,uniform,bitmapscan,0,prefetch-complex,worker,12,32GB,3.595,48.214,10579.948,545.109
705,uniform,bitmapscan,64,master,worker,12,32GB,0.711,12.032,1302.233,117.382
706,uniform,bitmapscan,0,prefetch-simple,worker,12,32GB,0.003,0.061,20.141,1.772
707,uniform,bitmapscan,16,master,sync,3,32GB,2.402,35.436,2945.326,347.96
708,uniform,bitmapscan,16,prefetch-complex,io_uring,3,32GB,0.716,12.132,1309.423,118.441
709,uniform,indexscan,64,prefetch-simple,sync,3,32GB,0.002,0.037,5.537,1.365
710,uniform,indexscan,64,master,sync,3,32GB,5.383,63.045,21018.82,516.496
711,uniform,bitmapscan,1,prefetch-complex,worker,12,32GB,0.094,1.687,857.369,13.772
712,uniform,indexscan,1,prefetch-simple,io_uring,3,32GB,0.062,1.11,544.573,8.49
713,uniform,indexscan,0,prefetch-simple,io_uring,3,32GB,0.093,1.668,622.052,12.269
714,uniform,bitmapscan,1,prefetch-simple,worker,3,32GB,0.001,0.02,9.923,1.164
715,uniform,indexscan,64,prefetch-simple,worker,12,32GB,1.067,17.576,2079.534,94.498
716,uniform,indexscan,1,master,sync,3,32GB,77.304,100.0,30814.773,7115.575
717,uniform,indexscan,0,prefetch-complex,sync,3,32GB,3.603,48.316,16763.97,351.216
718,uniform,bitmapscan,1,prefetch-complex,worker,12,32GB,3.599,48.266,13715.886,515.89
719,uniform,bitmapscan,0,master,worker,3,32GB,0.004,0.072,24.943,1.887
720,uniform,bitmapscan,0,prefetch-simple,worker,3,32GB,0.019,0.346,154.634,4.779
721,uniform,bitmapscan,0,prefetch-complex,worker,12,32GB,0.006,0.109,39.02,2.516
722,uniform,bitmapscan,0,prefetch-complex,io_uring,3,32GB,0.004,0.072,23.613,2.005
723,uniform,bitmapscan,1,prefetch-complex,sync,3,32GB,0.029,0.514,259.14,5.921
724,uniform,indexscan,0,prefetch-simple,worker,3,32GB,0.013,0.23,82.155,3.434
725,uniform,indexscan,64,prefetch-complex,sync,3,32GB,0.709,12.042,1272.132,65.539
726,uniform,indexscan,16,prefetch-complex,worker,12,32GB,37.285,99.98,10952.887,2939.095
727,uniform,indexscan,1,master,sync,3,32GB,97.311,100.0,32853.384,8762.474
728,uniform,bitmapscan,1,prefetch-simple,sync,3,32GB,0.093,1.655,799.697,13.394
729,uniform,indexscan,0,prefetch-complex,worker,3,32GB,1.063,17.501,6402.016,102.153
730,uniform,bitmapscan,1,master,io_uring,3,32GB,97.302,100.0,5732.544,1344.502
731,uniform,bitmapscan,16,prefetch-simple,io_uring,3,32GB,0.028,0.511,60.275,5.556
732,uniform,indexscan,1,master,worker,12,32GB,18.203,97.288,25469.603,1677.452
733,uniform,bitmapscan,1,master,io_uring,3,32GB,0.14,2.489,1227.26,17.888
734,uniform,indexscan,64,prefetch-complex,io_uring,3,32GB,5.396,63.161,7171.461,475.019
735,uniform,indexscan,16,master,io_uring,3,32GB,0.003,0.058,22.56,1.719
736,uniform,indexscan,16,master,worker,12,32GB,0.042,0.755,269.718,7.701
737,uniform,indexscan,64,prefetch-complex,io_uring,3,32GB,0.713,12.089,1442.142,63.164
738,uniform,bitmapscan,64,prefetch-simple,worker,12,32GB,0.008,0.15,17.353,2.918
739,uniform,bitmapscan,1,prefetch-simple,sync,3,32GB,3.585,48.134,13907.058,504.162
740,uniform,bitmapscan,0,prefetch-complex,io_uring,3,32GB,0.003,0.052,18.337,1.764
741,uniform,bitmapscan,1,master,worker,3,32GB,0.006,0.111,50.048,2.526
742,uniform,indexscan,16,prefetch-simple,worker,12,32GB,12.157,90.369,8318.36,994.597
743,uniform,indexscan,64,prefetch-simple,sync,3,32GB,0.003,0.056,8.391,1.662
744,uniform,bitmapscan,1,master,io_uring,3,32GB,0.063,1.12,534.592,9.711
745,uniform,indexscan,1,prefetch-simple,worker,12,32GB,97.302,100.0,45774.464,7523.341
746,uniform,bitmapscan,64,prefetch-simple,worker,12,32GB,3.594,48.198,3258.778,518.75
747,uniform,bitmapscan,1,master,worker,12,32GB,0.003,0.053,23.278,1.563
748,uniform,indexscan,1,master,worker,3,32GB,0.062,1.114,432.79,8.628
749,uniform,indexscan,64,prefetch-complex,io_uring,3,32GB,27.308,99.654,9918.461,2203.034
750,uniform,bitmapscan,16,prefetch-complex,worker,3,32GB,3.59,48.185,3236.315,569.465
751,uniform,indexscan,1,master,worker,3,32GB,57.278,100.0,29211.612,5275.04
752,uniform,indexscan,0,master,worker,3,32GB,0.004,0.071,23.071,1.74
753,uniform,bitmapscan,1,prefetch-simple,sync,3,32GB,87.311,100.0,5682.442,1317.432
754,uniform,bitmapscan,16,master,io_uring,3,32GB,2.404,35.48,2821.32,354.821
755,uniform,indexscan,64,prefetch-complex,worker,12,32GB,18.194,97.291,8940.972,1480.832
756,uniform,bitmapscan,0,prefetch-complex,sync,3,32GB,0.042,0.758,297.856,8.187
757,uniform,bitmapscan,64,prefetch-simple,io_uring,3,32GB,0.001,0.017,3.494,1.129
758,uniform,bitmapscan,1,master,sync,3,32GB,12.13,90.233,5745.779,963.642
759,uniform,bitmapscan,16,master,worker,12,32GB,77.294,100.0,2961.519,1283.525
760,uniform,indexscan,1,prefetch-simple,worker,12,32GB,0.019,0.336,150.388,4.169
761,uniform,bitmapscan,1,master,worker,12,32GB,0.096,1.71,818.121,13.451
762,uniform,indexscan,16,master,worker,12,32GB,0.004,0.07,29.234,1.725
763,uniform,indexscan,1,prefetch-simple,worker,3,32GB,0.063,1.135,648.845,8.53
764,uniform,indexscan,1,master,worker,3,32GB,0.006,0.107,52.981,2.213
765,uniform,bitmapscan,16,master,worker,12,32GB,5.392,63.094,3339.093,646.102
766,uniform,indexscan,0,master,io_uring,3,32GB,77.306,100.0,32042.472,7139.561
767,uniform,bitmapscan,16,prefetch-complex,sync,3,32GB,0.472,8.163,948.905,55.624
768,uniform,indexscan,64,prefetch-complex,io_uring,3,32GB,0.211,3.728,450.539,22.513
769,uniform,bitmapscan,0,master,worker,12,32GB,0.214,3.78,1346.541,31.152
770,uniform,indexscan,1,master,worker,3,32GB,0.019,0.339,147.36,4.159
771,uniform,indexscan,1,prefetch-complex,io_uring,3,32GB,0.003,0.052,30.788,1.721
772,uniform,indexscan,0,prefetch-complex,worker,12,32GB,12.15,90.305,24291.381,1037.454
773,uniform,bitmapscan,0,master,io_uring,3,32GB,37.287,99.976,5283.749,1238.577
774,uniform,indexscan,64,master,worker,3,32GB,12.123,90.234,24810.151,1137.634
775,uniform,indexscan,1,prefetch-complex,worker,12,32GB,77.296,100.0,44453.297,6165.5
776,uniform,bitmapscan,0,master,io_uring,3,32GB,1.6,25.211,6858.388,280.934
777,uniform,indexscan,16,master,worker,3,32GB,0.095,1.7,687.057,11.791
778,uniform,indexscan,16,prefetch-complex,io_uring,3,32GB,0.006,0.11,13.92,2.482
779,uniform,bitmapscan,0,master,sync,3,32GB,0.006,0.11,56.429,2.436
780,uniform,bitmapscan,0,prefetch-simple,io_uring,3,32GB,57.277,100.0,5300.034,1288.78
781,uniform,indexscan,0,master,worker,3,32GB,3.594,48.259,16649.08,345.893
782,uniform,bitmapscan,16,prefetch-simple,sync,3,32GB,47.288,100.0,2798.64,1234.077
783,uniform,indexscan,1,prefetch-simple,sync,3,32GB,77.289,100.0,43586.112,5985.711
784,uniform,indexscan,1,master,sync,3,32GB,12.145,90.243,25786.799,1139.373
785,uniform,indexscan,16,master,worker,12,32GB,67.304,100.0,30638.273,6253.85
786,uniform,indexscan,0,master,io_uring,3,32GB,0.476,8.23,2928.4,49.911
787,uniform,bitmapscan,16,master,worker,12,32GB,1.599,25.173,2263.339,257.874
788,uniform,bitmapscan,16,prefetch-simple,worker,12,32GB,0.042,0.756,85.154,7.25
789,uniform,indexscan,0,master,io_uring,3,32GB,0.003,0.054,21.151,1.521
790,uniform,indexscan,16,prefetch-simple,sync,3,32GB,77.301,100.0,14401.998,6018.516
791,uniform,indexscan,64,prefetch-simple,worker,12,32GB,0.006,0.105,12.05,2.163
792,uniform,indexscan,0,prefetch-complex,worker,12,32GB,0.473,8.179,2931.886,48.311
793,uniform,bitmapscan,16,prefetch-simple,worker,12,32GB,0.002,0.035,5.603,1.403
794,uniform,indexscan,64,master,worker,12,32GB,27.283,99.679,26677.499,2500.844
795,uniform,indexscan,0,prefetch-complex,worker,3,32GB,5.391,63.053,21365.362,504.438
796,uniform,bitmapscan,64,prefetch-complex,io_uring,3,32GB,18.198,97.269,2678.046,1093.138
797,uniform,bitmapscan,16,prefetch-complex,worker,12,32GB,67.288,100.0,2986.78,1349.002
798,uniform,bitmapscan,16,master,worker,12,32GB,0.211,3.734,441.919,26.524
799,uniform,bitmapscan,64,prefetch-simple,worker,3,32GB,3.587,48.124,3356.957,506.047
800,uniform,indexscan,1,prefetch-simple,worker,3,32GB,37.319,99.978,41337.759,2973.728
801,uniform,indexscan,64,master,io_uring,3,32GB,12.129,90.225,24697.85,1124.07
802,uniform,indexscan,0,master,sync,3,32GB,77.285,100.0,31222.912,7093.874
803,uniform,indexscan,0,master,sync,3,32GB,0.028,0.495,179.126,5.106
804,uniform,indexscan,1,master,sync,3,32GB,0.02,0.355,149.9,4.164
805,uniform,bitmapscan,16,prefetch-complex,worker,3,32GB,0.002,0.033,5.379,1.518
806,uniform,indexscan,64,master,worker,12,32GB,0.094,1.681,619.659,11.676
807,uniform,indexscan,16,prefetch-simple,worker,3,32GB,1.604,25.256,3009.1,140.453
808,uniform,bitmapscan,16,prefetch-simple,worker,3,32GB,12.15,90.263,2629.512,957.967
809,uniform,bitmapscan,1,prefetch-complex,worker,3,32GB,47.276,100.0,5569.153,1291.017
810,uniform,bitmapscan,16,prefetch-complex,worker,12,32GB,0.002,0.036,5.757,1.703
811,uniform,bitmapscan,16,prefetch-complex,worker,12,32GB,0.006,0.11,14.658,2.422
812,uniform,indexscan,64,prefetch-simple,worker,12,32GB,0.317,5.555,665.469,30.891
813,uniform,indexscan,1,master,worker,3,32GB,12.127,90.221,24429.732,1127.804
814,uniform,indexscan,0,prefetch-complex,io_uring,3,32GB,87.295,100.0,31436.726,6950.186
815,uniform,bitmapscan,16,prefetch-complex,io_uring,3,32GB,0.001,0.018,3.807,1.288
816,uniform,indexscan,64,prefetch-complex,worker,12,32GB,0.006,0.112,36.076,2.306
817,uniform,bitmapscan,1,prefetch-simple,io_uring,3,32GB,0.004,0.073,36.795,1.944
818,uniform,bitmapscan,16,prefetch-complex,io_uring,3,32GB,47.285,99.999,2853.961,1279.434
819,uniform,bitmapscan,1,master,io_uring,3,32GB,0.006,0.111,47.546,2.266
820,uniform,bitmapscan,16,prefetch-complex,sync,3,32GB,0.027,0.49,77.566,5.962
821,uniform,bitmapscan,1,prefetch-complex,sync,3,32GB,0.21,3.72,1884.41,28.531
822,uniform,indexscan,64,master,io_uring,3,32GB,1.066,17.55,5934.006,104.053
823,uniform,bitmapscan,1,prefetch-complex,worker,12,32GB,0.14,2.485,1160.242,20.082
824,uniform,indexscan,64,prefetch-complex,worker,3,32GB,0.093,1.666,192.248,11.361
825,uniform,bitmapscan,64,prefetch-simple,worker,3,32GB,37.288,99.978,2740.776,1189.463
826,uniform,bitmapscan,64,master,worker,3,32GB,57.276,100.0,2853.97,1251.23
827,uniform,indexscan,0,prefetch-complex,io_uring,3,32GB,0.019,0.344,148.916,4.565
828,uniform,indexscan,64,prefetch-simple,sync,3,32GB,97.301,100.0,15897.566,7603.259
829,uniform,indexscan,1,master,worker,3,32GB,0.141,2.51,893.473,16.204
830,uniform,bitmapscan,1,master,io_uring,3,32GB,18.201,97.289,5445.316,1071.822
831,uniform,indexscan,16,master,io_uring,3,32GB,1.604,25.284,9191.681,155.007
832,uniform,bitmapscan,64,prefetch-complex,io_uring,3,32GB,5.409,63.253,3537.57,656.233
833,uniform,indexscan,0,prefetch-simple,io_uring,3,32GB,1.069,17.597,6388.99,107.74
834,uniform,indexscan,0,prefetch-complex,io_uring,3,32GB,0.003,0.052,24.34,1.756
835,uniform,bitmapscan,16,prefetch-complex,io_uring,3,32GB,67.295,100.0,2979.043,1346.944
836,uniform,indexscan,64,prefetch-complex,worker,3,32GB,0.003,0.055,7.304,1.736
837,uniform,indexscan,0,prefetch-complex,io_uring,3,32GB,0.001,0.019,31.166,1.352
838,uniform,indexscan,16,prefetch-simple,worker,12,32GB,77.297,100.0,14505.783,6080.663
839,uniform,indexscan,64,prefetch-simple,sync,3,32GB,0.009,0.165,18.739,3.323
840,uniform,bitmapscan,0,prefetch-simple,sync,3,32GB,2.399,35.388,9581.496,359.04
841,uniform,bitmapscan,0,master,worker,3,32GB,0.003,0.057,24.891,1.72
842,uniform,bitmapscan,16,prefetch-complex,sync,3,32GB,0.14,2.492,330.716,19.683
843,uniform,bitmapscan,0,prefetch-simple,sync,3,32GB,0.006,0.107,37.759,2.354
844,uniform,bitmapscan,0,prefetch-simple,io_uring,3,32GB,0.142,2.516,865.026,21.093
845,uniform,indexscan,1,prefetch-complex,worker,12,32GB,0.141,2.518,1263.706,15.47
846,uniform,bitmapscan,1,prefetch-simple,worker,12,32GB,47.282,99.999,5482.885,1230.317
847,uniform,indexscan,0,prefetch-simple,worker,3,32GB,0.019,0.338,116.093,4.191
848,uniform,bitmapscan,16,prefetch-simple,io_uring,3,32GB,0.041,0.743,126.681,7.08
849,uniform,indexscan,0,prefetch-complex,sync,3,32GB,0.714,12.102,4265.144,70.525
850,uniform,bitmapscan,1,prefetch-complex,sync,3,32GB,67.291,100.0,5688.681,1348.645
851,uniform,bitmapscan,16,prefetch-simple,worker,12,32GB,8.093,78.109,2659.088,842.879
852,uniform,indexscan,16,prefetch-simple,worker,3,32GB,0.474,8.203,957.657,44.432
853,uniform,indexscan,16,prefetch-simple,sync,3,32GB,0.478,8.258,957.276,44.073
854,uniform,bitmapscan,64,prefetch-complex,io_uring,3,32GB,0.002,0.034,5.68,1.864
855,uniform,bitmapscan,64,prefetch-complex,sync,3,32GB,27.301,99.668,2713.792,1175.076
856,uniform,indexscan,0,prefetch-complex,worker,12,32GB,0.711,12.068,4375.294,73.548
857,uniform,indexscan,0,prefetch-complex,sync,3,32GB,1.069,17.607,6375.856,108.791
858,uniform,bitmapscan,1,prefetch-simple,sync,3,32GB,77.3,100.0,5779.587,1299.74
859,uniform,bitmapscan,64,prefetch-complex,worker,12,32GB,0.063,1.123,159.404,9.697
860,uniform,indexscan,16,prefetch-complex,worker,3,32GB,0.013,0.229,27.378,3.199
861,uniform,indexscan,0,prefetch-simple,io_uring,3,32GB,12.128,90.222,24613.837,1046.059
862,uniform,indexscan,0,prefetch-simple,worker,12,32GB,87.288,100.0,30885.828,6915.459
863,uniform,indexscan,1,master,sync,3,32GB,0.006,0.108,71.714,2.798
864,uniform,bitmapscan,64,prefetch-complex,worker,12,32GB,3.602,48.329,3269.982,509.771
865,uniform,indexscan,0,prefetch-simple,sync,3,32GB,0.009,0.163,58.847,2.779
866,uniform,bitmapscan,1,prefetch-complex,sync,3,32GB,2.408,35.504,12137.448,375.113
867,uniform,bitmapscan,64,prefetch-simple,io_uring,3,32GB,1.064,17.498,1827.595,156.921
868,uniform,bitmapscan,1,prefetch-simple,worker,3,32GB,18.204,97.296,5529.173,1072.943
869,uniform,bitmapscan,16,prefetch-simple,sync,3,32GB,1.072,17.637,1877.205,154.107
870,uniform,bitmapscan,0,prefetch-simple,worker,3,32GB,0.003,0.054,43.712,1.718
871,uniform,indexscan,1,prefetch-simple,worker,12,32GB,0.009,0.159,69.695,3.066
872,uniform,bitmapscan,64,master,sync,3,32GB,0.002,0.035,5.533,1.335
873,uniform,indexscan,64,prefetch-simple,sync,3,32GB,0.063,1.123,122.656,8.223
874,uniform,indexscan,16,master,io_uring,3,32GB,77.292,100.0,31247.659,7102.296
875,uniform,indexscan,1,prefetch-complex,worker,12,32GB,0.042,0.755,351.77,6.485
876,uniform,bitmapscan,64,master,worker,3,32GB,87.304,100.0,3026.394,1292.694
877,uniform,bitmapscan,64,master,sync,3,32GB,0.006,0.107,16.67,2.2
878,uniform,indexscan,16,master,worker,12,32GB,0.002,0.035,13.266,1.333
879,uniform,bitmapscan,1,prefetch-simple,worker,3,32GB,0.028,0.495,314.677,5.988
880,uniform,bitmapscan,1,prefetch-simple,worker,3,32GB,0.095,1.706,804.788,13.482
881,uniform,bitmapscan,16,prefetch-complex,io_uring,3,32GB,57.304,100.0,2902.253,1297.725
882,uniform,bitmapscan,1,prefetch-simple,sync,3,32GB,5.393,63.13,13388.908,662.456
883,uniform,bitmapscan,16,prefetch-complex,worker,3,32GB,5.415,63.35,3493.129,653.268
884,uniform,indexscan,1,prefetch-complex,worker,12,32GB,8.1,78.115,34269.264,671.03
885,uniform,bitmapscan,0,prefetch-simple,worker,12,32GB,2.399,35.383,9417.68,375.555
886,uniform,indexscan,64,master,worker,3,32GB,0.093,1.657,562.948,13.003
887,uniform,indexscan,0,prefetch-simple,sync,3,32GB,0.476,8.227,2913.393,48.128
888,uniform,bitmapscan,16,prefetch-simple,worker,3,32GB,18.205,97.32,2631.356,1094.957
889,uniform,indexscan,16,prefetch-simple,worker,3,32GB,0.004,0.076,9.336,1.868
890,uniform,bitmapscan,16,prefetch-simple,worker,12,32GB,0.004,0.069,8.755,1.755
891,uniform,bitmapscan,16,prefetch-simple,worker,12,32GB,5.395,63.153,3524.344,667.807
892,uniform,bitmapscan,1,prefetch-complex,worker,12,32GB,77.304,100.0,5893.448,1388.331
893,uniform,bitmapscan,16,master,worker,3,32GB,0.315,5.521,616.22,40.023
894,uniform,bitmapscan,16,prefetch-complex,io_uring,3,32GB,0.027,0.489,53.507,5.632
895,uniform,bitmapscan,1,master,worker,12,32GB,18.214,97.279,5473.97,1051.657
896,uniform,bitmapscan,64,prefetch-simple,io_uring,3,32GB,0.713,12.108,1267.881,119.064
897,uniform,indexscan,64,master,worker,3,32GB,47.299,99.999,28363.255,4348.705
898,uniform,bitmapscan,0,prefetch-complex,worker,3,32GB,27.286,99.679,5362.057,1218.264
899,uniform,indexscan,0,master,worker,12,32GB,0.001,0.019,7.232,1.118
900,uniform,bitmapscan,64,prefetch-complex,io_uring,3,32GB,0.318,5.573,653.289,40.172
901,uniform,indexscan,1,prefetch-complex,sync,3,32GB,0.002,0.037,17.459,1.517
902,uniform,bitmapscan,64,prefetch-complex,worker,12,32GB,0.317,5.551,625.331,40.835
903,uniform,bitmapscan,16,master,sync,3,32GB,0.064,1.152,142.818,10.7
904,uniform,indexscan,1,master,worker,12,32GB,0.002,0.035,12.339,1.281
905,uniform,indexscan,64,prefetch-complex,worker,3,32GB,3.602,48.333,5402.303,313.888
906,uniform,bitmapscan,64,master,sync,3,32GB,3.586,48.103,3342.271,509.332
907,uniform,indexscan,16,prefetch-complex,sync,3,32GB,0.214,3.793,464.564,21.84
908,uniform,indexscan,64,prefetch-complex,worker,3,32GB,97.308,100.0,16119.158,7634.806
909,uniform,bitmapscan,1,master,worker,12,32GB,0.028,0.51,252.797,5.779
910,uniform,indexscan,1,prefetch-simple,io_uring,3,32GB,97.313,100.0,46321.015,7634.564
911,uniform,bitmapscan,1,prefetch-simple,worker,3,32GB,47.288,99.999,5553.587,1239.348
912,uniform,indexscan,1,prefetch-simple,worker,3,32GB,57.276,100.0,42510.544,4453.713
913,uniform,bitmapscan,0,master,io_uring,3,32GB,0.019,0.348,111.964,4.72
914,uniform,bitmapscan,16,master,worker,3,32GB,0.018,0.332,61.129,4.27
915,uniform,bitmapscan,0,prefetch-complex,sync,3,32GB,0.013,0.241,98.916,4.189
916,uniform,indexscan,16,prefetch-complex,worker,3,32GB,0.711,12.049,1475.508,63.433
917,uniform,indexscan,64,prefetch-complex,worker,3,32GB,0.006,0.11,13.032,2.244
918,uniform,bitmapscan,16,prefetch-complex,worker,12,32GB,1.599,25.18,2277.029,261.481
919,uniform,bitmapscan,64,prefetch-complex,worker,3,32GB,0.709,12.017,1468.263,117.04
920,uniform,indexscan,0,prefetch-complex,worker,3,32GB,27.281,99.677,26194.096,2221.762
921,uniform,indexscan,64,master,worker,3,32GB,1.603,25.253,8819.52,164.468
922,uniform,indexscan,0,prefetch-simple,io_uring,3,32GB,18.191,97.287,25948.071,1522.838
923,uniform,indexscan,64,prefetch-complex,io_uring,3,32GB,2.401,35.441,3910.125,209.23
924,uniform,bitmapscan,16,prefetch-complex,worker,3,32GB,0.019,0.339,38.501,5.007
925,uniform,indexscan,64,prefetch-simple,sync,3,32GB,0.028,0.501,55.971,4.73
926,uniform,indexscan,16,prefetch-simple,worker,12,32GB,0.028,0.505,54.614,4.647
927,uniform,bitmapscan,64,prefetch-simple,worker,12,32GB,18.197,97.302,2654.093,1067.421
928,uniform,indexscan,0,master,sync,3,32GB,67.293,100.0,30534.407,6233.83
929,uniform,bitmapscan,64,master,worker,3,32GB,0.042,0.755,78.608,7.247
930,uniform,bitmapscan,1,prefetch-complex,worker,3,32GB,2.405,35.5,12030.372,369.385
931,uniform,indexscan,64,master,worker,12,32GB,47.282,99.999,28803.837,4286.707
932,uniform,indexscan,0,master,worker,12,32GB,0.041,0.738,255.792,6.521
933,uniform,bitmapscan,1,prefetch-simple,io_uring,3,32GB,2.406,35.512,12036.889,369.083
934,uniform,indexscan,16,prefetch-simple,worker,3,32GB,0.006,0.114,26.821,2.092
935,uniform,bitmapscan,0,prefetch-simple,io_uring,3,32GB,1.602,25.213,7342.029,271.95
936,uniform,indexscan,0,prefetch-simple,sync,3,32GB,87.303,100.0,31367.57,6836.877
937,uniform,bitmapscan,16,prefetch-complex,worker,12,32GB,77.299,100.0,3082.78,1395.763
938,uniform,bitmapscan,16,prefetch-complex,io_uring,3,32GB,27.288,99.682,2774.943,1172.029
939,uniform,bitmapscan,0,master,sync,3,32GB,87.303,100.0,5465.417,1347.487
940,uniform,bitmapscan,16,prefetch-complex,worker,3,32GB,0.479,8.279,957.199,57.255
941,uniform,bitmapscan,1,master,worker,3,32GB,0.142,2.524,1201.563,18.284
942,uniform,bitmapscan,0,prefetch-complex,worker,3,32GB,47.268,99.998,5268.269,1303.684
943,uniform,bitmapscan,64,master,io_uring,3,32GB,0.013,0.24,26.337,3.441
944,uniform,indexscan,16,master,worker,12,32GB,27.306,99.658,26352.408,2524.116
945,uniform,indexscan,0,prefetch-complex,worker,12,32GB,0.211,3.735,1250.875,22.873
946,uniform,bitmapscan,0,master,worker,12,32GB,0.006,0.104,37.78,2.204
947,uniform,indexscan,16,master,worker,12,32GB,0.474,8.206,2871.2,46.655
948,uniform,bitmapscan,16,prefetch-complex,io_uring,3,32GB,97.312,100.0,3175.21,1418.925
949,uniform,bitmapscan,0,prefetch-simple,sync,3,32GB,47.282,99.999,5204.781,1285.592
950,uniform,indexscan,16,prefetch-complex,io_uring,3,32GB,97.301,100.0,15590.645,7684.143
951,uniform,bitmapscan,1,prefetch-complex,worker,3,32GB,1.071,17.623,7547.97,155.032
952,uniform,indexscan,64,prefetch-simple,worker,3,32GB,0.211,3.732,451.535,20.575
953,uniform,indexscan,0,prefetch-complex,worker,12,32GB,0.001,0.019,7.301,1.294
954,uniform,indexscan,16,prefetch-simple,worker,3,32GB,67.292,100.0,13570.747,5266.999
955,uniform,indexscan,64,prefetch-complex,sync,3,32GB,18.21,97.315,9024.217,1512.222
956,uniform,indexscan,16,prefetch-simple,worker,12,32GB,0.006,0.106,12.527,2.185
957,uniform,indexscan,1,prefetch-complex,worker,3,32GB,3.597,48.287,24787.101,308.168
958,uniform,bitmapscan,1,prefetch-complex,sync,3,32GB,47.299,99.999,5555.283,1271.825
959,uniform,bitmapscan,64,prefetch-complex,io_uring,3,32GB,0.713,12.079,1294.505,118.735
960,uniform,bitmapscan,0,prefetch-simple,worker,3,32GB,0.002,0.036,17.163,1.455
961,uniform,bitmapscan,0,prefetch-complex,sync,3,32GB,0.712,12.069,3828.999,126.857
962,uniform,indexscan,16,prefetch-complex,sync,3,32GB,18.202,97.296,9149.458,1466.353
963,uniform,bitmapscan,0,prefetch-complex,sync,3,32GB,18.209,97.312,5192.838,1120.576
964,uniform,bitmapscan,64,prefetch-simple,io_uring,3,32GB,0.064,1.138,127.39,10.027
965,uniform,bitmapscan,1,master,sync,3,32GB,0.013,0.234,117.301,4.245
966,uniform,indexscan,16,master,io_uring,3,32GB,5.396,63.159,21210.575,512.807
967,uniform,bitmapscan,16,prefetch-simple,worker,12,32GB,87.291,100.0,3028.082,1308.303
968,uniform,bitmapscan,64,prefetch-simple,io_uring,3,32GB,47.279,99.999,2824.858,1230.114
969,uniform,indexscan,1,master,sync,3,32GB,0.062,1.12,403.585,8.218
970,uniform,indexscan,1,prefetch-complex,worker,3,32GB,0.001,0.021,12.167,1.599
971,uniform,bitmapscan,0,prefetch-complex,worker,12,32GB,57.305,100.0,5298.852,1330.731
972,uniform,indexscan,1,prefetch-complex,io_uring,3,32GB,47.269,99.999,41097.525,3765.209
973,uniform,indexscan,16,prefetch-complex,sync,3,32GB,0.004,0.075,20.964,1.92
974,uniform,indexscan,64,prefetch-simple,io_uring,3,32GB,8.086,78.093,7735.157,678.324
975,uniform,indexscan,1,prefetch-simple,worker,3,32GB,0.007,0.119,53.309,2.269
976,uniform,bitmapscan,0,master,sync,3,32GB,0.003,0.054,18.518,1.652
977,uniform,bitmapscan,1,master,worker,12,32GB,57.278,100.0,5444.935,1247.784
978,uniform,bitmapscan,16,prefetch-simple,sync,3,32GB,0.014,0.243,75.445,3.753
979,uniform,bitmapscan,0,prefetch-simple,worker,3,32GB,18.205,97.32,5122.707,1096.994
980,uniform,indexscan,0,prefetch-simple,sync,3,32GB,0.028,0.496,234.585,6.231
981,uniform,bitmapscan,0,master,worker,3,32GB,37.276,99.977,5127.636,1218.726
982,uniform,indexscan,16,master,io_uring,3,32GB,0.028,0.5,159.028,5.291
983,uniform,bitmapscan,0,master,worker,3,32GB,0.006,0.107,60.757,2.295
984,uniform,indexscan,0,prefetch-complex,worker,12,32GB,0.004,0.069,24.739,1.909
985,uniform,indexscan,0,master,io_uring,3,32GB,8.096,78.146,23633.279,754.319
986,uniform,bitmapscan,64,prefetch-simple,worker,3,32GB,0.001,0.018,3.624,1.231
987,uniform,bitmapscan,0,prefetch-simple,sync,3,32GB,8.082,78.015,6036.454,852.858
988,uniform,bitmapscan,64,master,worker,12,32GB,3.59,48.196,3448.357,514.5
989,uniform,indexscan,1,prefetch-complex,worker,3,32GB,0.019,0.337,189.217,4.532
990,uniform,indexscan,16,prefetch-complex,sync,3,32GB,0.006,0.109,13.362,2.249
991,uniform,bitmapscan,1,prefetch-complex,worker,3,32GB,0.714,12.12,6195.59,120.367
992,uniform,bitmapscan,64,master,worker,12,32GB,87.311,100.0,2990.023,1307.47
993,uniform,indexscan,16,prefetch-complex,worker,3,32GB,77.295,100.0,14151.896,5998.517
994,uniform,bitmapscan,16,prefetch-simple,sync,3,32GB,0.004,0.068,8.851,1.769
995,uniform,indexscan,16,prefetch-complex,worker,12,32GB,0.001,0.017,3.584,1.28
996,uniform,indexscan,64,prefetch-simple,io_uring,3,32GB,0.062,1.109,113.646,7.799
997,uniform,bitmapscan,1,master,worker,12,32GB,1.606,25.236,9725.864,256.054
998,uniform,bitmapscan,64,master,io_uring,3,32GB,0.002,0.032,5.104,1.35
999,uniform,indexscan,64,master,worker,3,32GB,18.215,97.287,25125.435,1661.883
1000,uniform,indexscan,64,prefetch-complex,sync,3,32GB,8.087,78.06,7554.85,677.649
1001,uniform,bitmapscan,0,prefetch-simple,worker,3,32GB,47.288,99.999,5299.54,1262.674
1002,uniform,bitmapscan,64,master,worker,12,32GB,5.395,63.142,3352.492,653.932
1003,uniform,indexscan,1,prefetch-simple,worker,12,32GB,27.284,99.673,39902.42,2139.64
1004,uniform,indexscan,1,prefetch-complex,sync,3,32GB,0.061,1.089,555.134,8.493
1005,uniform,bitmapscan,1,prefetch-simple,io_uring,3,32GB,0.01,0.176,77.212,3.643
1006,uniform,bitmapscan,0,prefetch-complex,worker,3,32GB,0.019,0.345,160.778,5.092
1007,uniform,bitmapscan,1,prefetch-simple,io_uring,3,32GB,0.028,0.508,244.501,5.768
1008,uniform,bitmapscan,16,master,worker,3,32GB,12.156,90.271,2618.448,954.702
1009,uniform,bitmapscan,1,prefetch-complex,io_uring,3,32GB,3.608,48.439,13534.267,504.808
1010,uniform,bitmapscan,0,prefetch-simple,sync,3,32GB,18.22,97.324,5015.199,1096.078
1011,uniform,bitmapscan,16,master,io_uring,3,32GB,5.397,63.126,4676.096,662.323
1012,uniform,indexscan,16,prefetch-complex,worker,12,32GB,0.713,12.064,1405.66,65.697
1013,uniform,indexscan,64,prefetch-complex,worker,12,32GB,87.304,100.0,14812.525,6886.293
1014,uniform,indexscan,1,master,worker,3,32GB,97.313,100.0,33750.437,8910.564
1015,uniform,bitmapscan,1,prefetch-complex,worker,3,32GB,0.009,0.159,71.08,3.271
1016,uniform,indexscan,1,master,io_uring,3,32GB,8.084,78.093,23450.358,752.258
1017,uniform,indexscan,0,master,worker,3,32GB,87.303,100.0,32529.804,8025.944
1018,uniform,bitmapscan,16,prefetch-complex,worker,3,32GB,1.065,17.515,1773.796,155.931
1019,uniform,indexscan,16,prefetch-complex,worker,3,32GB,0.028,0.5,51.578,5.327
1020,uniform,indexscan,16,prefetch-simple,io_uring,3,32GB,0.474,8.184,935.902,45.203
1021,uniform,bitmapscan,64,master,worker,12,32GB,0.004,0.073,10.192,1.886
1022,uniform,bitmapscan,16,prefetch-complex,sync,3,32GB,0.018,0.326,37.244,4.514
1023,uniform,bitmapscan,0,prefetch-simple,worker,12,32GB,1.594,25.074,7102.023,277.774
1024,uniform,indexscan,0,prefetch-complex,worker,3,32GB,0.004,0.064,25.054,1.851
1025,uniform,bitmapscan,64,master,worker,12,32GB,1.598,25.153,2289.761,257.038
1026,uniform,indexscan,0,prefetch-complex,worker,3,32GB,0.041,0.727,239.617,6.644
1027,uniform,indexscan,64,prefetch-simple,worker,12,32GB,1.598,25.141,2847.835,136.125
1028,uniform,indexscan,1,prefetch-complex,worker,3,32GB,1.064,17.511,8809.34,96.335
1029,uniform,bitmapscan,64,master,io_uring,3,32GB,0.003,0.057,7.493,1.625
1030,uniform,bitmapscan,64,prefetch-simple,worker,12,32GB,12.133,90.259,2627.982,974.892
1031,uniform,indexscan,1,prefetch-simple,worker,12,32GB,8.086,78.06,34288.076,669.783
1032,uniform,indexscan,0,prefetch-complex,sync,3,32GB,0.042,0.748,292.176,7.204
1033,uniform,indexscan,0,prefetch-complex,sync,3,32GB,0.013,0.233,96.202,3.544
1034,uniform,indexscan,1,prefetch-simple,worker,3,32GB,2.392,35.3,17514.523,208.592
1035,uniform,indexscan,64,master,worker,3,32GB,67.285,100.0,30405.896,6099.595
1036,uniform,indexscan,0,prefetch-complex,worker,3,32GB,0.001,0.018,7.336,1.277
1037,uniform,indexscan,64,master,worker,3,32GB,0.013,0.227,73.107,3.376
1038,uniform,bitmapscan,16,master,sync,3,32GB,0.009,0.163,18.266,2.76
1039,uniform,indexscan,1,prefetch-complex,worker,3,32GB,0.004,0.074,31.652,1.937
1040,uniform,indexscan,1,prefetch-simple,io_uring,3,32GB,1.067,17.543,8626.557,91.135
1041,uniform,bitmapscan,16,prefetch-complex,io_uring,3,32GB,0.019,0.336,41.151,5.124
1042,uniform,indexscan,16,prefetch-complex,worker,3,32GB,87.303,100.0,15139.027,6922.941
1043,uniform,indexscan,16,master,worker,12,32GB,12.13,90.25,26107.657,1144.794
1044,uniform,bitmapscan,0,prefetch-simple,worker,3,32GB,77.304,100.0,5438.13,1333.552
1045,uniform,indexscan,16,prefetch-simple,worker,3,32GB,0.027,0.489,55.707,5.178
1046,uniform,bitmapscan,1,prefetch-complex,sync,3,32GB,0.064,1.141,566.975,10.245
1047,uniform,indexscan,1,prefetch-simple,io_uring,3,32GB,0.003,0.057,25.997,1.611
1048,uniform,indexscan,16,master,worker,3,32GB,57.287,100.0,30447.418,5189.309
1049,uniform,bitmapscan,64,prefetch-simple,sync,3,32GB,0.211,3.73,416.533,26.054
1050,uniform,indexscan,1,prefetch-complex,worker,3,32GB,67.306,100.0,42814.117,5301.334
1051,uniform,bitmapscan,16,prefetch-complex,sync,3,32GB,3.599,48.307,3391.884,516.612
1052,uniform,bitmapscan,16,prefetch-complex,io_uring,3,32GB,37.272,99.976,2810.626,1240.247
1053,uniform,indexscan,64,prefetch-complex,sync,3,32GB,0.002,0.036,5.7,1.469
1054,uniform,bitmapscan,0,prefetch-complex,sync,3,32GB,8.095,78.09,5875.491,868.193
1055,uniform,bitmapscan,1,master,worker,3,32GB,3.585,48.208,13786.754,511.023
1056,uniform,indexscan,16,prefetch-simple,worker,12,32GB,0.013,0.229,39.347,3.027
1057,uniform,indexscan,0,prefetch-simple,worker,3,32GB,0.006,0.1,38.757,2.07
1058,uniform,bitmapscan,1,prefetch-complex,worker,12,32GB,8.087,77.987,7573.862,828.555
1059,uniform,indexscan,0,master,sync,3,32GB,0.004,0.065,21.736,1.67
1060,uniform,bitmapscan,0,prefetch-simple,worker,3,32GB,57.305,100.0,5424.033,1270.993
1061,uniform,bitmapscan,16,prefetch-complex,sync,3,32GB,0.003,0.054,21.781,1.985
1062,uniform,bitmapscan,16,prefetch-simple,worker,12,32GB,0.009,0.161,18.079,3.504
1063,uniform,bitmapscan,16,prefetch-complex,worker,12,32GB,87.311,100.0,3062.346,1394.698
1064,uniform,indexscan,16,master,sync,3,32GB,57.279,100.0,29006.728,5188.008
1065,uniform,indexscan,0,master,io_uring,3,32GB,0.094,1.677,537.419,11.424
1066,uniform,bitmapscan,64,prefetch-complex,worker,12,32GB,0.003,0.056,7.761,1.821
1067,uniform,indexscan,16,master,io_uring,3,32GB,87.312,100.0,32469.337,7996.136
1068,uniform,bitmapscan,16,prefetch-complex,worker,3,32GB,97.309,100.0,3185.663,1481.745
1069,uniform,bitmapscan,0,prefetch-complex,worker,12,32GB,2.399,35.408,8850.314,383.511
1070,uniform,bitmapscan,1,prefetch-simple,sync,3,32GB,1.594,25.161,9893.804,257.797
1071,uniform,bitmapscan,64,prefetch-complex,sync,3,32GB,37.307,99.979,2801.589,1238.155
1072,uniform,bitmapscan,16,prefetch-simple,worker,3,32GB,1.067,17.581,1809.354,156.269
1073,uniform,bitmapscan,0,prefetch-simple,worker,12,32GB,57.278,100.0,5335.403,1281.49
1074,uniform,indexscan,64,prefetch-complex,io_uring,3,32GB,12.129,90.232,8143.436,1010.174
1075,uniform,bitmapscan,1,prefetch-complex,worker,3,32GB,5.385,63.02,13431.756,665.466
1076,uniform,indexscan,1,master,sync,3,32GB,0.71,12.03,4260.468,72.033
1077,uniform,indexscan,64,master,worker,12,32GB,0.009,0.165,81.029,3.393
1078,uniform,bitmapscan,0,prefetch-complex,worker,3,32GB,0.063,1.126,372.779,11.458
1079,uniform,indexscan,0,prefetch-complex,worker,3,32GB,47.266,99.998,27868.56,3782.37
1080,uniform,bitmapscan,1,master,sync,3,32GB,0.713,12.078,5636.295,117.611
1081,uniform,bitmapscan,64,prefetch-complex,worker,12,32GB,67.3,100.0,2997.784,1368.726
1082,uniform,indexscan,16,master,worker,12,32GB,0.009,0.165,96.107,2.991
1083,uniform,indexscan,64,prefetch-simple,worker,12,32GB,0.139,2.476,271.728,15.372
1084,uniform,bitmapscan,16,prefetch-complex,io_uring,3,32GB,12.126,90.222,2642.472,990.816
1085,uniform,bitmapscan,16,master,worker,3,32GB,27.29,99.679,2746.677,1147.446
1086,uniform,indexscan,16,prefetch-simple,worker,12,32GB,5.406,63.23,6898.865,459.791
1087,uniform,indexscan,1,prefetch-complex,sync,3,32GB,97.311,100.0,45149.133,7524.316
1088,uniform,bitmapscan,16,master,io_uring,3,32GB,0.012,0.224,24.489,3.245
1089,uniform,bitmapscan,1,master,worker,3,32GB,1.599,25.192,9665.371,257.826
1090,uniform,indexscan,16,prefetch-simple,sync,3,32GB,0.013,0.229,25.384,3.837
1091,uniform,indexscan,1,prefetch-simple,io_uring,3,32GB,0.14,2.49,1140.342,14.327
1092,uniform,indexscan,0,prefetch-simple,sync,3,32GB,0.02,0.355,132.486,4.128
1093,uniform,bitmapscan,16,master,io_uring,3,32GB,0.002,0.037,5.546,1.39
1094,uniform,bitmapscan,64,prefetch-complex,worker,12,32GB,1.595,25.153,2343.231,258.623
1095,uniform,bitmapscan,64,prefetch-complex,worker,12,32GB,87.302,100.0,11616.322,1410.242
1096,uniform,indexscan,0,prefetch-complex,worker,12,32GB,5.391,63.059,20881.528,493.029
1097,uniform,bitmapscan,1,master,io_uring,3,32GB,0.009,0.169,88.404,3.148
1098,uniform,indexscan,64,prefetch-simple,worker,3,32GB,0.094,1.676,188.565,10.405
1099,uniform,bitmapscan,16,master,io_uring,3,32GB,0.062,1.102,131.201,9.461
1100,uniform,indexscan,1,master,worker,3,32GB,27.287,99.681,26684.298,2513.501
1101,uniform,indexscan,64,prefetch-simple,worker,3,32GB,5.386,63.017,6907.66,461.405
1102,uniform,indexscan,0,prefetch-complex,worker,12,32GB,18.207,97.301,25479.616,1551.495
1103,uniform,bitmapscan,0,master,io_uring,3,32GB,0.706,11.99,3974.148,129.431
1104,uniform,bitmapscan,16,master,worker,12,32GB,3.609,48.366,3213.967,506.11
1105,uniform,indexscan,16,prefetch-complex,sync,3,32GB,37.28,99.975,10959.821,2974.174
1106,uniform,bitmapscan,0,master,io_uring,3,32GB,0.063,1.123,386.111,11.381
1107,uniform,indexscan,16,prefetch-simple,io_uring,3,32GB,0.208,3.68,431.087,21.222
1108,uniform,bitmapscan,64,prefetch-complex,sync,3,32GB,0.002,0.034,5.386,1.522
1109,uniform,indexscan,16,master,io_uring,3,32GB,0.712,12.062,4212.484,70.224
1110,uniform,indexscan,16,master,io_uring,3,32GB,1.062,17.49,6270.648,106.356
1111,uniform,indexscan,0,prefetch-simple,worker,3,32GB,27.291,99.674,26762.647,2243.653
1112,uniform,bitmapscan,16,prefetch-complex,sync,3,32GB,0.006,0.104,13.538,2.319
1113,uniform,indexscan,64,master,sync,3,32GB,87.291,100.0,31724.164,7857.623
1114,uniform,indexscan,1,prefetch-simple,io_uring,3,32GB,5.392,63.13,29359.842,457.67
1115,uniform,bitmapscan,0,prefetch-complex,sync,3,32GB,77.289,100.0,5530.413,1410.579
1116,uniform,indexscan,0,prefetch-complex,worker,12,32GB,37.289,99.979,28243.344,3020.261
1117,uniform,bitmapscan,1,prefetch-complex,sync,3,32GB,0.001,0.016,8.603,1.243
1118,uniform,indexscan,16,prefetch-complex,sync,3,32GB,0.712,12.062,1405.639,64.413
1119,uniform,indexscan,16,prefetch-simple,worker,12,32GB,47.278,99.999,12027.852,3715.765
1120,uniform,bitmapscan,1,prefetch-simple,worker,3,32GB,0.009,0.154,67.294,2.975
1121,uniform,indexscan,16,prefetch-complex,sync,3,32GB,67.289,100.0,13458.259,5282.815
1122,uniform,bitmapscan,0,master,worker,12,32GB,1.066,17.539,5295.13,169.864
1123,uniform,indexscan,64,master,worker,12,32GB,0.041,0.735,277.038,7.152
1124,uniform,indexscan,1,master,worker,3,32GB,2.39,35.311,12182.303,228.33
1125,uniform,indexscan,1,master,worker,3,32GB,47.284,99.999,29094.234,4394.821
1126,uniform,indexscan,0,master,worker,12,32GB,77.301,100.0,31415.833,7022.498
1127,uniform,indexscan,0,prefetch-complex,sync,3,32GB,0.094,1.673,583.716,11.865
1128,uniform,bitmapscan,64,master,worker,3,32GB,0.003,0.055,7.504,1.64
1129,uniform,indexscan,1,prefetch-simple,worker,3,32GB,0.211,3.728,1809.806,20.311
1130,uniform,bitmapscan,16,prefetch-simple,sync,3,32GB,18.197,97.3,2650.196,1092.416
1131,uniform,indexscan,64,master,sync,3,32GB,0.001,0.02,8.418,1.133
1132,uniform,bitmapscan,64,prefetch-complex,sync,3,32GB,0.043,0.769,85.184,8.144
1133,uniform,indexscan,64,prefetch-complex,sync,3,32GB,37.294,99.98,10744.048,2957.229
1134,uniform,bitmapscan,1,prefetch-simple,worker,3,32GB,0.019,0.337,174.516,4.604
1135,uniform,indexscan,16,master,worker,12,32GB,0.711,12.048,4344.428,71.574
1136,uniform,indexscan,64,master,sync,3,32GB,0.043,0.768,239.158,6.929
1137,uniform,bitmapscan,64,prefetch-simple,sync,3,32GB,0.707,11.994,1259.709,116.703
1138,uniform,indexscan,0,master,io_uring,3,32GB,3.585,48.128,16361.822,341.651
1139,uniform,indexscan,64,master,worker,3,32GB,0.317,5.564,2069.539,34.337
1140,uniform,bitmapscan,64,master,sync,3,32GB,0.713,12.093,1268.978,116.395
1141,uniform,indexscan,64,prefetch-complex,sync,3,32GB,0.009,0.159,17.785,2.82
1142,uniform,bitmapscan,64,prefetch-complex,worker,3,32GB,18.202,97.308,2676.278,1086.378
1143,uniform,indexscan,1,master,sync,3,32GB,57.28,100.0,29901.263,5199.752
1144,uniform,indexscan,1,prefetch-complex,io_uring,3,32GB,0.139,2.466,1282.503,15.177
1145,uniform,indexscan,16,master,sync,3,32GB,0.003,0.054,17.78,1.646
1146,uniform,indexscan,16,prefetch-simple,sync,3,32GB,27.285,99.68,10220.282,2155.663
1147,uniform,bitmapscan,0,master,sync,3,32GB,27.305,99.668,5124.801,1177.043
1148,uniform,indexscan,1,prefetch-complex,worker,3,32GB,0.002,0.031,15.778,1.367
1149,uniform,indexscan,64,prefetch-simple,worker,3,32GB,47.275,99.999,12022.652,3700.773
1150,uniform,indexscan,1,prefetch-complex,sync,3,32GB,1.07,17.616,8632.495,95.704
1151,uniform,indexscan,1,prefetch-complex,sync,3,32GB,1.601,25.229,12691.575,141.618
1152,uniform,bitmapscan,16,prefetch-simple,worker,12,32GB,0.001,0.018,3.607,1.177
1153,uniform,bitmapscan,16,prefetch-simple,worker,12,32GB,0.471,8.148,916.028,54.642
1154,uniform,indexscan,64,master,io_uring,3,32GB,0.143,2.544,918.889,16.159
1155,uniform,bitmapscan,16,master,worker,12,32GB,87.302,100.0,3016.472,1298.104
1156,uniform,indexscan,1,prefetch-simple,worker,3,32GB,0.002,0.038,18.575,1.432
1157,uniform,indexscan,1,prefetch-simple,worker,3,32GB,0.019,0.346,151.83,4.136
1158,uniform,indexscan,0,master,io_uring,3,32GB,47.287,99.998,28303.596,4360.657
1159,uniform,indexscan,64,prefetch-simple,io_uring,3,32GB,0.028,0.503,59.042,5.339
1160,uniform,bitmapscan,0,master,worker,12,32GB,57.305,100.0,5182.16,1282.625
1161,uniform,bitmapscan,16,prefetch-complex,worker,12,32GB,57.288,100.0,2895.227,1305.66
1162,uniform,indexscan,1,prefetch-complex,worker,3,32GB,0.003,0.054,25.839,1.727
1163,uniform,bitmapscan,0,prefetch-complex,io_uring,3,32GB,5.392,63.138,10503.308,679.763
1164,uniform,indexscan,0,prefetch-simple,worker,12,32GB,67.288,100.0,29757.512,5348.327
1165,uniform,bitmapscan,16,prefetch-simple,worker,3,32GB,8.092,78.092,2625.723,849.35
1166,uniform,bitmapscan,16,prefetch-complex,worker,12,32GB,0.143,2.553,289.11,20.206
1167,uniform,indexscan,16,master,io_uring,3,32GB,0.004,0.072,23.84,1.744
1168,uniform,bitmapscan,0,master,worker,12,32GB,5.401,63.173,10309.044,676.371
1169,uniform,indexscan,1,master,sync,3,32GB,0.211,3.729,1263.297,23.019
1170,uniform,bitmapscan,16,master,worker,3,32GB,5.391,63.122,3659.872,648.058
1171,uniform,indexscan,1,prefetch-complex,worker,12,32GB,0.094,1.674,853.59,10.979
1172,uniform,bitmapscan,0,master,worker,12,32GB,0.713,12.069,3968.256,126.906
1173,uniform,indexscan,64,master,worker,12,32GB,18.186,97.267,26893.585,1675.269
1174,uniform,bitmapscan,1,prefetch-complex,io_uring,3,32GB,1.068,17.549,7186.295,157.632
1175,uniform,bitmapscan,16,prefetch-simple,worker,3,32GB,0.477,8.25,1041.844,56.353
1176,uniform,indexscan,1,master,io_uring,3,32GB,47.293,99.999,28423.025,4359.972
1177,uniform,indexscan,0,master,worker,12,32GB,0.006,0.109,37.703,2.119
1178,uniform,bitmapscan,0,master,worker,12,32GB,0.014,0.252,85.026,3.931
1179,uniform,indexscan,64,master,io_uring,3,32GB,5.388,63.075,20989.421,511.441
1180,uniform,indexscan,64,prefetch-simple,io_uring,3,32GB,2.406,35.48,4095.554,207.804
1181,uniform,indexscan,64,prefetch-simple,io_uring,3,32GB,0.142,2.526,356.047,14.895
1182,uniform,indexscan,1,prefetch-complex,worker,12,32GB,0.71,12.032,5935.719,63.932
1183,uniform,bitmapscan,16,prefetch-simple,sync,3,32GB,12.128,90.232,2632.627,972.227
1184,uniform,indexscan,0,prefetch-simple,sync,3,32GB,1.603,25.247,8965.272,157.609
1185,uniform,indexscan,0,prefetch-simple,worker,12,32GB,0.139,2.479,848.503,18.967
1186,uniform,indexscan,0,prefetch-complex,io_uring,3,32GB,0.315,5.52,1925.506,34.024
1187,uniform,bitmapscan,16,prefetch-simple,sync,3,32GB,0.713,12.085,1305.645,118.425
1188,uniform,bitmapscan,1,master,io_uring,3,32GB,8.099,78.154,7648.919,819.241
1189,uniform,bitmapscan,16,prefetch-simple,sync,3,32GB,0.063,1.125,153.655,10.158
1190,uniform,bitmapscan,1,master,io_uring,3,32GB,0.028,0.508,243.982,6.498
1191,uniform,bitmapscan,0,prefetch-simple,worker,12,32GB,18.204,97.286,4947.74,1100.279
1192,uniform,bitmapscan,64,prefetch-complex,worker,3,32GB,12.145,90.295,2639.144,993.063
1193,uniform,indexscan,16,prefetch-complex,worker,3,32GB,5.397,63.184,6873.929,464.412
1194,uniform,indexscan,16,prefetch-complex,sync,3,32GB,2.391,35.325,4005.448,211.552
1195,uniform,bitmapscan,16,prefetch-simple,sync,3,32GB,77.295,100.0,2951.519,1285.219
1196,uniform,indexscan,16,prefetch-complex,worker,3,32GB,0.003,0.057,7.761,1.806
1197,uniform,bitmapscan,64,prefetch-complex,worker,12,32GB,0.042,0.755,97.924,7.96
1198,uniform,indexscan,64,master,worker,12,32GB,0.004,0.069,22.592,1.731
1199,uniform,bitmapscan,0,prefetch-complex,worker,3,32GB,0.003,0.058,26.221,1.879
1200,uniform,bitmapscan,64,prefetch-complex,worker,12,32GB,0.004,0.075,11.13,2.012
1201,uniform,indexscan,64,prefetch-complex,io_uring,3,32GB,0.094,1.681,173.028,11.68
1202,uniform,bitmapscan,0,master,io_uring,3,32GB,0.009,0.168,78.214,3.128
1203,uniform,bitmapscan,16,prefetch-complex,io_uring,3,32GB,0.004,0.077,16.78,2.047
1204,uniform,bitmapscan,0,prefetch-complex,io_uring,3,32GB,0.002,0.029,11.292,1.438
1205,uniform,indexscan,1,prefetch-simple,worker,3,32GB,0.14,2.482,1206.892,14.869
1206,uniform,bitmapscan,16,master,io_uring,3,32GB,0.312,5.48,580.792,40.464
1207,uniform,bitmapscan,1,master,worker,3,32GB,12.129,90.241,5789.239,989.946
1208,uniform,indexscan,1,prefetch-complex,io_uring,3,32GB,0.001,0.018,18.309,1.272
1209,uniform,bitmapscan,1,prefetch-complex,io_uring,3,32GB,0.208,3.681,1753.745,26.292
1210,uniform,indexscan,64,master,sync,3,32GB,0.14,2.49,924.94,16.056
1211,uniform,bitmapscan,64,master,io_uring,3,32GB,97.3,100.0,3035.853,1355.952
1212,uniform,bitmapscan,16,prefetch-simple,io_uring,3,32GB,0.713,12.087,1325.926,118.112
1213,uniform,indexscan,16,prefetch-complex,worker,12,32GB,0.47,8.135,953.177,42.808
1214,uniform,indexscan,0,prefetch-complex,sync,3,32GB,0.211,3.731,1245.373,22.617
1215,uniform,bitmapscan,64,master,worker,3,32GB,97.31,100.0,3016.002,1315.663
1216,uniform,bitmapscan,64,prefetch-complex,sync,3,32GB,3.607,48.393,3254.101,513.64
1217,uniform,bitmapscan,16,prefetch-complex,worker,3,32GB,67.303,100.0,3809.057,1347.478
1218,uniform,bitmapscan,0,prefetch-complex,worker,12,32GB,0.003,0.049,19.936,1.942
1219,uniform,bitmapscan,1,master,io_uring,3,32GB,87.289,100.0,5801.309,1292.233
1220,uniform,indexscan,16,prefetch-simple,worker,12,32GB,0.004,0.071,9.437,2.235
1221,uniform,indexscan,64,prefetch-simple,io_uring,3,32GB,0.002,0.034,5.398,1.293
1222,uniform,bitmapscan,1,master,io_uring,3,32GB,0.013,0.232,126.758,3.524
1223,uniform,indexscan,0,prefetch-simple,worker,3,32GB,57.288,100.0,28838.594,4508.731
1224,uniform,indexscan,0,prefetch-simple,sync,3,32GB,18.209,97.303,25332.258,1538.795
1225,uniform,indexscan,64,master,sync,3,32GB,0.708,12.021,4248.352,76.705
1226,uniform,indexscan,64,master,worker,3,32GB,3.602,48.317,17104.024,368.019
1227,uniform,indexscan,64,prefetch-simple,worker,3,32GB,0.712,12.06,1455.337,64.676
1228,uniform,bitmapscan,64,master,io_uring,3,32GB,8.086,78.053,2594.027,817.948
1229,uniform,indexscan,64,master,worker,3,32GB,0.009,0.165,69.717,2.817
1230,uniform,bitmapscan,0,prefetch-complex,sync,3,32GB,0.062,1.113,412.82,12.232
1231,uniform,bitmapscan,1,master,worker,3,32GB,0.002,0.037,18.502,1.432
1232,uniform,bitmapscan,64,master,worker,3,32GB,0.001,0.019,3.78,1.156
1233,uniform,bitmapscan,64,prefetch-simple,io_uring,3,32GB,2.395,35.37,2874.049,352.148
1234,uniform,bitmapscan,64,prefetch-simple,sync,3,32GB,0.004,0.067,11.039,1.849
1235,uniform,indexscan,1,prefetch-simple,sync,3,32GB,0.095,1.704,851.808,10.985
1236,uniform,bitmapscan,1,master,sync,3,32GB,67.288,100.0,5516.479,1262.696
1237,uniform,indexscan,0,master,io_uring,3,32GB,0.028,0.499,167.22,5.357
1238,uniform,indexscan,64,prefetch-simple,sync,3,32GB,0.316,5.531,577.033,30.334
1239,uniform,indexscan,1,prefetch-simple,worker,3,32GB,67.304,100.0,42193.988,5275.136
1240,uniform,bitmapscan,16,prefetch-complex,sync,3,32GB,47.298,99.999,2862.227,1290.094
1241,uniform,bitmapscan,1,master,worker,12,32GB,12.138,90.229,5876.355,984.301
1242,uniform,indexscan,16,master,sync,3,32GB,1.6,25.197,8840.165,152.247
1243,uniform,indexscan,16,prefetch-complex,io_uring,3,32GB,1.601,25.194,2877.636,138.219
1244,uniform,bitmapscan,1,prefetch-complex,worker,3,32GB,0.028,0.495,246.628,5.837
1245,uniform,bitmapscan,16,prefetch-simple,worker,3,32GB,57.29,100.0,2837.74,1241.676
1246,uniform,bitmapscan,64,prefetch-complex,worker,12,32GB,8.097,78.175,2494.249,824.092
1247,uniform,indexscan,1,prefetch-simple,worker,12,32GB,0.141,2.512,1235.94,14.885
1248,uniform,indexscan,0,prefetch-complex,sync,3,32GB,0.006,0.107,35.066,2.307
1249,uniform,bitmapscan,64,master,worker,12,32GB,12.129,90.23,2647.154,967.559
1250,uniform,indexscan,64,prefetch-simple,sync,3,32GB,77.289,100.0,15632.484,6069.255
1251,uniform,bitmapscan,1,prefetch-complex,io_uring,3,32GB,8.097,78.142,7589.536,840.531
1252,uniform,indexscan,1,master,worker,3,32GB,0.043,0.764,275.582,6.554
1253,uniform,bitmapscan,16,prefetch-complex,worker,12,32GB,0.004,0.075,9.362,2.02
1254,uniform,indexscan,1,prefetch-simple,sync,3,32GB,5.384,63.006,29636.783,450.012
1255,uniform,indexscan,0,prefetch-simple,io_uring,3,32GB,0.317,5.559,1944.127,34.094
1256,uniform,bitmapscan,0,prefetch-complex,worker,3,32GB,0.042,0.75,300.924,9.095
1257,uniform,indexscan,0,prefetch-simple,sync,3,32GB,0.211,3.727,1295.878,22.751
1258,uniform,bitmapscan,16,master,sync,3,32GB,12.13,90.221,2634.99,959.052
1259,uniform,bitmapscan,64,prefetch-complex,worker,12,32GB,0.019,0.34,38.3,4.45
1260,uniform,bitmapscan,1,prefetch-simple,sync,3,32GB,18.197,97.283,5384.1,1052.897
1261,uniform,bitmapscan,16,master,worker,12,32GB,2.4,35.427,2841.703,362.213
1262,uniform,indexscan,64,prefetch-complex,worker,12,32GB,12.145,90.231,8556.877,1018.423
1263,uniform,indexscan,1,master,sync,3,32GB,0.142,2.533,1060.024,16.488
1264,uniform,indexscan,1,prefetch-simple,sync,3,32GB,0.018,0.332,158.221,4.014
1265,uniform,bitmapscan,16,prefetch-simple,worker,3,32GB,1.595,25.133,2350.251,258.011
1266,uniform,bitmapscan,1,prefetch-complex,sync,3,32GB,37.286,99.977,5542.089,1243.289
1267,uniform,indexscan,64,master,worker,12,32GB,0.028,0.499,193.409,5.146
1268,uniform,bitmapscan,16,prefetch-simple,io_uring,3,32GB,0.002,0.036,5.832,1.356
1269,uniform,bitmapscan,0,prefetch-complex,sync,3,32GB,1.065,17.537,5277.946,168.655
1270,uniform,bitmapscan,0,prefetch-simple,worker,3,32GB,0.006,0.108,55.124,2.429
1271,uniform,indexscan,1,master,worker,3,32GB,37.299,99.979,27293.884,3423.515
1272,uniform,indexscan,16,prefetch-complex,io_uring,3,32GB,8.095,78.12,7527.845,696.315
1273,uniform,bitmapscan,64,prefetch-complex,sync,3,32GB,0.02,0.355,47.8,4.728
1274,uniform,indexscan,16,prefetch-complex,io_uring,3,32GB,18.21,97.31,9031.192,1467.533
1275,uniform,bitmapscan,1,master,io_uring,3,32GB,0.094,1.674,923.512,14.488
1276,uniform,bitmapscan,16,master,worker,3,32GB,0.041,0.733,97.957,7.129
1277,uniform,bitmapscan,1,prefetch-simple,io_uring,3,32GB,0.472,8.183,3704.711,56.707
1278,uniform,indexscan,1,master,io_uring,3,32GB,0.064,1.138,477.946,8.853
1279,uniform,bitmapscan,1,master,io_uring,3,32GB,0.004,0.077,32.735,1.898
1280,uniform,indexscan,1,prefetch-simple,worker,12,32GB,0.21,3.725,1836.987,19.997
1281,uniform,indexscan,0,prefetch-simple,worker,12,32GB,0.027,0.486,166.69,5.192
1282,uniform,bitmapscan,16,prefetch-simple,io_uring,3,32GB,0.095,1.701,193.481,13.682
1283,uniform,bitmapscan,0,prefetch-simple,sync,3,32GB,0.041,0.744,249.062,7.772
1284,uniform,indexscan,0,master,worker,12,32GB,0.211,3.729,1301.657,21.974
1285,uniform,bitmapscan,16,prefetch-complex,io_uring,3,32GB,0.063,1.138,124.503,10.168
1286,uniform,bitmapscan,1,prefetch-simple,worker,12,32GB,0.141,2.509,1193.773,19.407
1287,uniform,bitmapscan,1,prefetch-simple,worker,3,32GB,57.294,100.0,5521.927,1247.25
1288,uniform,indexscan,64,prefetch-complex,worker,3,32GB,2.389,35.243,4096.329,214.76
1289,uniform,indexscan,16,master,sync,3,32GB,0.009,0.165,52.882,2.944
1290,uniform,indexscan,64,prefetch-simple,worker,12,32GB,0.713,12.062,1464.339,64.085
1291,uniform,indexscan,1,prefetch-complex,sync,3,32GB,0.041,0.732,369.137,7.106
1292,uniform,bitmapscan,64,prefetch-simple,worker,12,32GB,0.013,0.232,25.949,3.795
1293,uniform,bitmapscan,16,master,worker,12,32GB,97.312,100.0,3038.378,1309.76
1294,uniform,bitmapscan,0,prefetch-simple,worker,12,32GB,0.211,3.731,1305.05,28.957
1295,uniform,bitmapscan,0,prefetch-complex,worker,3,32GB,0.006,0.105,40.041,2.477
1296,uniform,bitmapscan,1,master,sync,3,32GB,37.273,99.977,6666.681,1190.525
1297,uniform,bitmapscan,64,prefetch-simple,worker,12,32GB,0.478,8.257,885.169,55.368
1298,uniform,indexscan,64,prefetch-complex,worker,3,32GB,0.013,0.23,25.496,3.204
1299,uniform,bitmapscan,0,prefetch-simple,sync,3,32GB,0.313,5.494,1840.41,41.236
1300,uniform,bitmapscan,0,master,sync,3,32GB,12.15,90.248,4863.859,969.485
1301,uniform,bitmapscan,16,prefetch-simple,worker,3,32GB,0.013,0.235,25.778,3.392
1302,uniform,bitmapscan,64,prefetch-simple,io_uring,3,32GB,3.604,48.316,3200.072,495.576
1303,uniform,indexscan,16,prefetch-simple,worker,12,32GB,1.604,25.228,2939.818,140.632
1304,uniform,indexscan,16,master,worker,3,32GB,0.714,12.108,4406.499,75.213
1305,uniform,bitmapscan,1,master,worker,3,32GB,0.003,0.053,23.297,1.983
1306,uniform,indexscan,1,master,io_uring,3,32GB,0.027,0.49,168.021,6.246
1307,uniform,bitmapscan,64,prefetch-complex,sync,3,32GB,1.595,25.148,2278.397,256.43
1308,uniform,bitmapscan,1,master,io_uring,3,32GB,0.02,0.355,201.653,4.835
1309,uniform,indexscan,64,master,sync,3,32GB,0.019,0.336,108.806,4.863
1310,uniform,indexscan,1,prefetch-complex,io_uring,3,32GB,0.004,0.076,39.726,1.997
1311,uniform,bitmapscan,0,prefetch-simple,sync,3,32GB,0.712,12.065,3976.31,125.164
1312,uniform,bitmapscan,64,master,sync,3,32GB,0.013,0.232,46.983,3.898
1313,uniform,bitmapscan,64,master,io_uring,3,32GB,1.594,25.151,2299.317,253.769
1314,uniform,bitmapscan,64,prefetch-simple,worker,3,32GB,0.009,0.16,17.818,2.724
1315,uniform,bitmapscan,64,prefetch-simple,io_uring,3,32GB,5.394,63.164,3388.289,651.323
1316,uniform,indexscan,1,prefetch-complex,io_uring,3,32GB,0.714,12.098,5743.277,65.332
1317,uniform,bitmapscan,0,prefetch-simple,worker,12,32GB,37.298,99.979,5074.476,1232.197
1318,uniform,indexscan,64,prefetch-complex,sync,3,32GB,0.001,0.016,3.578,1.228
1319,uniform,indexscan,1,master,sync,3,32GB,47.278,99.999,28193.692,4280.638
1320,uniform,indexscan,16,master,io_uring,3,32GB,0.472,8.155,2770.676,49.489
1321,uniform,indexscan,16,master,io_uring,3,32GB,0.042,0.756,314.355,6.55
1322,uniform,indexscan,64,prefetch-complex,sync,3,32GB,57.305,100.0,12387.601,4528.652
1323,uniform,indexscan,16,prefetch-complex,sync,3,32GB,8.098,78.152,7578.85,681.715
1324,uniform,indexscan,1,prefetch-complex,sync,3,32GB,0.009,0.162,75.666,2.818
1325,uniform,bitmapscan,0,prefetch-simple,io_uring,3,32GB,0.004,0.07,23.176,1.907
1326,uniform,bitmapscan,16,prefetch-complex,io_uring,3,32GB,3.6,48.342,3320.782,512.685
1327,uniform,bitmapscan,64,master,sync,3,32GB,0.062,1.116,125.153,10.539
1328,uniform,indexscan,0,prefetch-complex,worker,3,32GB,77.298,100.0,30048.885,6047.617
1329,uniform,indexscan,1,master,worker,12,32GB,0.02,0.352,138.817,4.282
1330,uniform,bitmapscan,1,prefetch-simple,worker,3,32GB,0.316,5.532,2539.771,41.633
1331,uniform,bitmapscan,0,prefetch-complex,io_uring,3,32GB,0.093,1.668,584.286,14.915
1332,uniform,indexscan,1,prefetch-complex,worker,3,32GB,8.105,78.264,33862.132,675.083
1333,uniform,indexscan,64,master,worker,3,32GB,2.4,35.406,12528.693,237.406
1334,uniform,bitmapscan,16,master,worker,3,32GB,47.29,99.999,3240.654,1237.284
1335,uniform,indexscan,0,prefetch-simple,io_uring,3,32GB,8.079,78.018,23312.626,734.676
1336,uniform,bitmapscan,16,prefetch-complex,worker,3,32GB,37.286,99.98,2790.875,1245.619
1337,uniform,indexscan,1,prefetch-simple,io_uring,3,32GB,0.212,3.741,1838.529,20.726
1338,uniform,indexscan,0,master,sync,3,32GB,8.086,78.016,23196.363,747.389
1339,uniform,bitmapscan,64,master,io_uring,3,32GB,47.288,100.0,2819.971,1237.673
1340,uniform,indexscan,0,prefetch-complex,worker,3,32GB,0.004,0.067,23.273,1.843
1341,uniform,indexscan,64,prefetch-simple,io_uring,3,32GB,0.712,12.103,1457.719,64.004
1342,uniform,indexscan,1,prefetch-complex,sync,3,32GB,37.286,99.976,40388.24,2933.311
1343,uniform,indexscan,1,master,sync,3,32GB,3.586,48.197,16824.813,345.773
1344,uniform,indexscan,0,prefetch-complex,io_uring,3,32GB,0.139,2.475,891.913,16.036
1345,uniform,indexscan,64,master,io_uring,3,32GB,0.001,0.017,6.745,1.107
1346,uniform,indexscan,64,prefetch-simple,io_uring,3,32GB,0.001,0.017,3.624,1.151
1347,uniform,indexscan,64,prefetch-simple,io_uring,3,32GB,67.291,100.0,13212.867,5225.184
1348,uniform,indexscan,64,master,io_uring,3,32GB,37.282,99.975,27447.174,3400.244
1349,uniform,bitmapscan,1,master,worker,3,32GB,0.043,0.763,369.062,7.535
1350,uniform,bitmapscan,0,prefetch-complex,worker,12,32GB,0.094,1.674,595.119,14.537
1351,uniform,bitmapscan,64,prefetch-complex,worker,3,32GB,8.095,78.124,2635.924,821.127
1352,uniform,bitmapscan,16,master,worker,3,32GB,67.288,100.0,2943.786,1282.422
1353,uniform,indexscan,1,prefetch-simple,worker,3,32GB,97.31,100.0,45767.843,7746.442
1354,uniform,bitmapscan,1,prefetch-simple,sync,3,32GB,0.475,8.211,4025.69,56.098
1355,uniform,indexscan,64,master,worker,12,32GB,0.003,0.054,18.68,1.625
1356,uniform,indexscan,1,prefetch-simple,worker,3,32GB,0.316,5.532,2802.621,30.021
1357,uniform,indexscan,1,prefetch-simple,sync,3,32GB,0.314,5.505,2793.763,30.83
1358,uniform,indexscan,0,prefetch-simple,worker,3,32GB,47.298,99.999,27894.871,3767.862
1359,uniform,bitmapscan,16,master,worker,12,32GB,0.711,12.043,1265.903,116.625
1360,uniform,bitmapscan,0,prefetch-simple,sync,3,32GB,0.002,0.033,12.635,1.359
1361,uniform,bitmapscan,1,prefetch-complex,sync,3,32GB,8.089,78.019,7503.344,848.95
1362,uniform,bitmapscan,64,prefetch-complex,sync,3,32GB,1.063,17.504,1769.109,153.611
1363,uniform,indexscan,16,prefetch-simple,sync,3,32GB,97.31,100.0,15869.493,7461.317
1364,uniform,indexscan,64,prefetch-simple,worker,3,32GB,0.004,0.074,12.876,2.157
1365,uniform,indexscan,16,prefetch-simple,worker,3,32GB,47.269,99.998,12014.626,3681.284
1366,uniform,bitmapscan,0,prefetch-complex,io_uring,3,32GB,0.317,5.556,1978.392,45.468
1367,uniform,bitmapscan,16,prefetch-simple,worker,12,32GB,0.141,2.514,315.44,18.444
1368,uniform,indexscan,1,prefetch-complex,sync,3,32GB,67.286,100.0,45025.919,5187.159
1369,uniform,indexscan,64,prefetch-simple,worker,3,32GB,37.274,99.977,11157.974,2934.923
1370,uniform,bitmapscan,64,master,worker,12,32GB,0.473,8.168,989.677,56.135
1371,uniform,bitmapscan,64,master,worker,3,32GB,0.214,3.788,411.619,27.069
1372,uniform,indexscan,16,prefetch-complex,worker,12,32GB,0.006,0.105,41.421,2.25
1373,uniform,indexscan,16,prefetch-complex,sync,3,32GB,77.292,100.0,14058.667,5979.748
1374,uniform,bitmapscan,64,prefetch-simple,io_uring,3,32GB,0.476,8.224,868.841,55.32
1375,uniform,indexscan,64,prefetch-simple,io_uring,3,32GB,37.299,99.979,10798.946,2916.787
1376,uniform,bitmapscan,64,prefetch-simple,worker,3,32GB,57.289,100.0,2854.616,1262.911
1377,uniform,bitmapscan,1,prefetch-complex,sync,3,32GB,12.129,90.222,5853.906,986.295
1378,uniform,bitmapscan,64,prefetch-simple,worker,3,32GB,18.193,97.274,2809.629,1065.931
1379,uniform,indexscan,0,master,worker,3,32GB,47.281,99.999,28374.352,4316.909
1380,uniform,bitmapscan,1,prefetch-complex,worker,12,32GB,0.211,3.741,1792.593,27.105
1381,uniform,indexscan,1,master,worker,12,32GB,0.003,0.062,22.052,1.66
1382,uniform,indexscan,0,prefetch-complex,sync,3,32GB,0.315,5.528,1990.408,32.156
1383,uniform,indexscan,1,master,worker,3,32GB,0.001,0.022,8.751,1.219
1384,uniform,indexscan,0,prefetch-simple,worker,12,32GB,0.211,3.736,1368.124,22.248
1385,uniform,bitmapscan,0,prefetch-simple,sync,3,32GB,87.308,100.0,5331.961,1337.487
1386,uniform,indexscan,16,prefetch-simple,sync,3,32GB,0.027,0.49,51.849,5.544
1387,uniform,indexscan,16,prefetch-simple,worker,3,32GB,0.013,0.241,26.086,3.893
1388,uniform,indexscan,1,prefetch-complex,worker,3,32GB,47.29,99.999,42821.858,3699.778
1389,uniform,indexscan,64,prefetch-complex,io_uring,3,32GB,0.473,8.191,940.275,43.872
1390,uniform,indexscan,0,prefetch-simple,io_uring,3,32GB,0.041,0.732,258.311,6.559
1391,uniform,bitmapscan,1,prefetch-complex,io_uring,3,32GB,12.143,90.267,5748.961,993.194
1392,uniform,indexscan,1,prefetch-simple,io_uring,3,32GB,1.604,25.215,12528.24,136.922
1393,uniform,indexscan,0,prefetch-complex,io_uring,3,32GB,0.006,0.103,34.492,2.292
1394,uniform,bitmapscan,64,prefetch-simple,worker,3,32GB,8.085,78.083,2591.624,828.698
1395,uniform,bitmapscan,16,master,sync,3,32GB,5.393,63.102,3452.307,655.747
1396,uniform,indexscan,1,prefetch-complex,worker,3,32GB,0.21,3.705,1912.121,20.946
1397,uniform,bitmapscan,64,master,worker,12,32GB,0.028,0.5,67.41,5.333
1398,uniform,indexscan,0,prefetch-complex,worker,3,32GB,0.475,8.215,2903.688,48.529
1399,uniform,bitmapscan,16,prefetch-simple,io_uring,3,32GB,12.144,90.28,2620.133,985.354
1400,uniform,indexscan,64,prefetch-complex,worker,3,32GB,57.279,100.0,12445.935,4508.07
1401,uniform,bitmapscan,1,prefetch-simple,worker,12,32GB,3.602,48.337,13411.317,505.915
1402,uniform,bitmapscan,16,prefetch-complex,worker,3,32GB,47.281,99.999,2867.602,1290.856
1403,uniform,indexscan,1,master,io_uring,3,32GB,37.32,99.977,27059.912,3415.925
1404,uniform,bitmapscan,1,prefetch-simple,worker,12,32GB,97.31,100.0,5816.345,1317.811
1405,uniform,bitmapscan,1,prefetch-complex,io_uring,3,32GB,0.062,1.111,622.15,10.745
1406,uniform,indexscan,1,prefetch-complex,io_uring,3,32GB,0.042,0.756,445.235,7.54
1407,uniform,indexscan,0,prefetch-complex,worker,12,32GB,3.597,48.28,19023.387,334.948
1408,uniform,bitmapscan,16,prefetch-complex,worker,12,32GB,2.398,35.387,2828.615,357.297
1409,uniform,bitmapscan,0,master,sync,3,32GB,0.063,1.122,432.595,10.48
1410,uniform,bitmapscan,16,prefetch-simple,worker,3,32GB,3.599,48.338,3316.242,514.971
1411,uniform,bitmapscan,64,prefetch-complex,worker,3,32GB,0.028,0.495,53.444,5.502
1412,uniform,indexscan,64,prefetch-simple,worker,12,32GB,77.299,100.0,14322.092,6044.119
1413,uniform,indexscan,1,prefetch-complex,worker,3,32GB,57.277,100.0,41926.328,4535.121
1414,uniform,bitmapscan,64,prefetch-simple,sync,3,32GB,0.003,0.06,7.89,2.107
1415,uniform,bitmapscan,16,master,io_uring,3,32GB,0.474,8.186,837.882,55.38
1416,uniform,bitmapscan,1,prefetch-simple,worker,12,32GB,57.279,100.0,5434.634,1262.92
1417,uniform,indexscan,16,master,worker,12,32GB,2.404,35.452,12494.697,232.105
1418,uniform,indexscan,0,prefetch-complex,sync,3,32GB,97.308,100.0,32086.562,7581.766
1419,uniform,bitmapscan,1,prefetch-simple,io_uring,3,32GB,1.602,25.207,9536.125,260.152
1420,uniform,indexscan,1,prefetch-simple,worker,3,32GB,0.096,1.714,786.806,11.157
1421,uniform,bitmapscan,16,prefetch-complex,io_uring,3,32GB,1.061,17.457,1754.289,154.209
1422,uniform,bitmapscan,0,prefetch-simple,io_uring,3,32GB,0.477,8.24,2623.158,62.8
1423,uniform,bitmapscan,16,prefetch-simple,io_uring,3,32GB,8.084,78.092,2490.896,821.243
1424,uniform,indexscan,16,prefetch-complex,sync,3,32GB,87.3,100.0,15219.726,6904.821
1425,uniform,bitmapscan,0,prefetch-simple,sync,3,32GB,12.156,90.261,4955.341,993.955
1426,uniform,bitmapscan,0,prefetch-complex,worker,12,32GB,0.009,0.161,52.961,3.607
1427,uniform,indexscan,0,prefetch-simple,worker,3,32GB,97.31,100.0,32265.505,7733.148
1428,uniform,bitmapscan,0,master,worker,3,32GB,0.093,1.653,608.25,15.477
1429,uniform,bitmapscan,16,prefetch-simple,sync,3,32GB,27.304,99.669,2688.128,1124.108
1430,uniform,bitmapscan,0,prefetch-complex,sync,3,32GB,47.28,99.999,5235.14,1303.143
1431,uniform,indexscan,0,master,worker,12,32GB,0.013,0.234,86.885,3.242
1432,uniform,indexscan,64,prefetch-complex,io_uring,3,32GB,18.195,97.279,8908.722,1476.829
1433,uniform,indexscan,1,prefetch-simple,worker,12,32GB,1.601,25.192,12735.033,140.429
1434,uniform,bitmapscan,16,prefetch-simple,io_uring,3,32GB,57.278,100.0,2895.09,1255.571
1435,uniform,bitmapscan,0,master,worker,12,32GB,3.584,48.209,10508.469,541.267
1436,uniform,indexscan,1,prefetch-simple,sync,3,32GB,1.602,25.181,12586.59,142.024
1437,uniform,indexscan,0,prefetch-simple,worker,3,32GB,0.314,5.511,2302.761,33.048
1438,uniform,bitmapscan,0,prefetch-complex,io_uring,3,32GB,0.019,0.345,131.845,4.957
1439,uniform,indexscan,1,prefetch-complex,worker,3,32GB,37.319,99.977,39817.916,2945.007
1440,uniform,bitmapscan,1,master,worker,12,32GB,0.21,3.713,1827.156,26.256
1441,uniform,indexscan,16,prefetch-complex,worker,3,32GB,97.313,100.0,15986.353,7704.372
1442,uniform,indexscan,1,prefetch-simple,io_uring,3,32GB,0.315,5.516,2702.42,29.723
1443,uniform,indexscan,16,prefetch-complex,worker,12,32GB,2.399,35.388,4112.215,215.753
1444,uniform,bitmapscan,0,master,sync,3,32GB,47.289,99.999,5427.508,1279.847
1445,uniform,bitmapscan,64,prefetch-complex,sync,3,32GB,12.139,90.164,2640.989,973.332
1446,uniform,indexscan,1,prefetch-simple,sync,3,32GB,0.013,0.231,106.019,3.987
1447,uniform,bitmapscan,16,prefetch-simple,io_uring,3,32GB,2.401,35.438,2871.198,354.065
1448,uniform,bitmapscan,64,prefetch-simple,worker,3,32GB,0.013,0.232,26.295,3.432
1449,uniform,indexscan,64,master,worker,12,32GB,57.282,100.0,29173.085,5158.315
1450,uniform,bitmapscan,1,master,sync,3,32GB,97.31,100.0,5777.886,1316.103
1451,uniform,bitmapscan,64,prefetch-complex,worker,12,32GB,0.009,0.159,23.081,2.883
1452,uniform,bitmapscan,0,prefetch-simple,worker,12,32GB,0.006,0.111,73.784,2.471
1453,uniform,bitmapscan,64,prefetch-complex,worker,12,32GB,97.307,100.0,3166.447,1420.864
1454,uniform,bitmapscan,1,master,sync,3,32GB,0.042,0.757,836.68,7.562
1455,uniform,indexscan,0,master,worker,3,32GB,2.398,35.419,12279.187,226.053
1456,uniform,bitmapscan,16,master,io_uring,3,32GB,27.298,99.67,2720.158,1141.668
1457,uniform,bitmapscan,64,prefetch-simple,worker,12,32GB,8.098,78.108,2543.004,819.714
1458,uniform,bitmapscan,64,prefetch-complex,worker,12,32GB,57.289,100.0,2921.763,1320.496
1459,uniform,indexscan,1,prefetch-simple,worker,3,32GB,0.042,0.761,360.235,6.804
1460,uniform,indexscan,64,prefetch-simple,io_uring,3,32GB,0.47,8.134,987.839,43.959
1461,uniform,bitmapscan,16,master,worker,3,32GB,1.063,17.495,1735.823,151.697
1462,uniform,indexscan,1,master,worker,12,32GB,0.01,0.171,62.768,2.802
1463,uniform,bitmapscan,1,master,worker,3,32GB,8.095,78.182,7565.467,820.904
1464,uniform,bitmapscan,1,prefetch-complex,worker,12,32GB,0.009,0.166,74.234,3.277
1465,uniform,indexscan,1,prefetch-simple,sync,3,32GB,0.003,0.055,26.33,1.542
1466,uniform,indexscan,64,master,worker,12,32GB,67.289,100.0,30430.58,6119.955
1467,uniform,bitmapscan,1,prefetch-complex,io_uring,3,32GB,0.001,0.022,11.325,1.359
1468,uniform,bitmapscan,16,prefetch-simple,sync,3,32GB,0.21,3.712,396.464,28.149
1469,uniform,indexscan,0,prefetch-simple,io_uring,3,32GB,87.304,100.0,31020.831,6854.482
1470,uniform,indexscan,0,master,worker,12,32GB,1.603,25.268,9303.077,160.234
1471,uniform,indexscan,1,prefetch-simple,worker,12,32GB,0.707,11.99,6083.808,65.345
1472,uniform,bitmapscan,0,prefetch-simple,worker,12,32GB,0.474,8.204,2849.019,62.252
1473,uniform,bitmapscan,64,master,io_uring,3,32GB,0.001,0.015,3.536,1.1
1474,uniform,bitmapscan,64,prefetch-simple,sync,3,32GB,12.128,90.235,2629.688,974.981
1475,uniform,indexscan,16,prefetch-complex,io_uring,3,32GB,5.387,63.026,6717.586,463.65
1476,uniform,indexscan,64,prefetch-complex,io_uring,3,32GB,0.141,2.505,297.685,14.71
1477,uniform,bitmapscan,64,prefetch-simple,sync,3,32GB,5.396,63.173,3336.69,648.288
1478,uniform,bitmapscan,0,prefetch-complex,io_uring,3,32GB,0.064,1.144,454.437,10.825
1479,uniform,indexscan,16,master,worker,12,32GB,57.288,100.0,29235.363,5156.155
1480,uniform,indexscan,1,master,worker,12,32GB,0.062,1.119,403.562,8.692
1481,uniform,bitmapscan,16,prefetch-complex,worker,3,32GB,0.001,0.023,4.332,1.366
1482,uniform,indexscan,16,master,sync,3,32GB,0.21,3.706,1337.535,21.719
1483,uniform,bitmapscan,0,master,io_uring,3,32GB,3.6,48.318,10644.902,535.651
1484,uniform,bitmapscan,1,prefetch-complex,io_uring,3,32GB,0.474,8.208,3836.093,56.08
1485,uniform,indexscan,1,prefetch-complex,io_uring,3,32GB,12.153,90.34,38840.008,1003.021
1486,uniform,bitmapscan,1,prefetch-complex,io_uring,3,32GB,0.028,0.508,291.697,6.078
1487,uniform,bitmapscan,16,master,worker,12,32GB,0.317,5.563,708.543,39.309
1488,uniform,indexscan,16,prefetch-complex,worker,12,32GB,0.013,0.239,26.645,3.218
1489,uniform,indexscan,0,prefetch-simple,io_uring,3,32GB,0.002,0.033,13.339,1.309
1490,uniform,bitmapscan,0,prefetch-simple,worker,3,32GB,3.598,48.298,10757.71,546.447
1491,uniform,indexscan,0,prefetch-simple,sync,3,32GB,47.281,99.999,28234.927,3741.706
1492,uniform,indexscan,1,prefetch-simple,sync,3,32GB,0.009,0.155,85.079,2.79
1493,uniform,bitmapscan,0,prefetch-simple,worker,12,32GB,3.599,48.314,10785.076,534.173
1494,uniform,bitmapscan,16,master,worker,12,32GB,0.019,0.338,36.182,4.198
1495,uniform,indexscan,16,master,sync,3,32GB,0.094,1.679,585.65,11.34
1496,uniform,indexscan,16,master,sync,3,32GB,0.471,8.126,2956.333,47.556
1497,uniform,bitmapscan,64,prefetch-simple,worker,12,32GB,0.061,1.096,157.644,9.182
1498,uniform,indexscan,64,prefetch-simple,sync,3,32GB,0.093,1.667,205.221,10.353
1499,uniform,bitmapscan,1,prefetch-complex,io_uring,3,32GB,18.185,97.287,5431.968,1106.235
1500,uniform,bitmapscan,0,master,worker,12,32GB,0.019,0.345,129.198,4.958
1501,uniform,bitmapscan,16,master,worker,3,32GB,0.062,1.111,117.69,9.933
1502,uniform,bitmapscan,64,master,sync,3,32GB,0.212,3.747,469.866,25.957
1503,uniform,bitmapscan,1,prefetch-simple,worker,12,32GB,0.093,1.668,905.994,12.961
1504,uniform,bitmapscan,16,master,sync,3,32GB,0.141,2.511,302.294,20.129
1505,uniform,bitmapscan,1,prefetch-simple,worker,3,32GB,12.123,90.223,5877.983,977.132
1506,uniform,bitmapscan,1,prefetch-simple,io_uring,3,32GB,3.604,48.338,13896.473,503.603
1507,uniform,bitmapscan,0,prefetch-complex,worker,12,32GB,0.316,5.549,1896.604,46.893
1508,uniform,indexscan,16,prefetch-simple,sync,3,32GB,18.22,97.321,9338.519,1460.915
1509,uniform,bitmapscan,1,prefetch-complex,worker,3,32GB,18.19,97.269,5625.407,1096.87
1510,uniform,bitmapscan,0,prefetch-simple,worker,12,32GB,0.317,5.549,1964.9,47.997
1511,uniform,bitmapscan,1,master,io_uring,3,32GB,67.304,100.0,5525.679,1280.323
1512,uniform,indexscan,16,prefetch-complex,worker,12,32GB,47.287,99.999,11857.573,3747.66
1513,uniform,indexscan,0,prefetch-complex,io_uring,3,32GB,0.47,8.133,2922.115,51.53
1514,uniform,bitmapscan,16,prefetch-complex,sync,3,32GB,0.709,12.018,1277.321,117.108
1515,uniform,indexscan,1,master,worker,3,32GB,0.013,0.234,75.584,3.298
1516,uniform,indexscan,1,prefetch-simple,worker,3,32GB,1.598,25.136,12597.264,137.554
1517,uniform,indexscan,16,prefetch-complex,worker,3,32GB,0.004,0.064,10.072,1.819
1518,uniform,indexscan,16,master,io_uring,3,32GB,0.009,0.162,54.433,3.356
1519,uniform,bitmapscan,64,prefetch-complex,worker,3,32GB,0.473,8.188,967.328,55.807
1520,uniform,bitmapscan,64,master,worker,12,32GB,37.272,99.976,2792.313,1203.647
1521,uniform,bitmapscan,0,master,worker,12,32GB,67.289,100.0,5412.381,1300.205
1522,uniform,indexscan,0,prefetch-simple,io_uring,3,32GB,0.013,0.231,93.432,3.263
1523,uniform,indexscan,16,master,worker,3,32GB,12.156,90.269,25528.942,1141.17
1524,uniform,bitmapscan,16,prefetch-complex,sync,3,32GB,0.004,0.076,15.264,2.017
1525,uniform,indexscan,16,prefetch-complex,sync,3,32GB,0.474,8.205,1052.301,44.151
1526,uniform,bitmapscan,1,prefetch-complex,worker,3,32GB,1.594,25.077,9510.249,255.162
1527,uniform,indexscan,0,master,worker,12,32GB,0.095,1.703,563.306,11.466
1528,uniform,indexscan,1,prefetch-simple,worker,3,32GB,5.386,63.017,29510.673,448.657
1529,uniform,indexscan,64,master,worker,12,32GB,97.309,100.0,33189.27,8885.694
1530,uniform,indexscan,0,prefetch-complex,worker,3,32GB,12.125,90.216,25007.572,1062.478
1531,uniform,indexscan,64,prefetch-simple,worker,12,32GB,47.282,99.999,11759.585,3723.794
1532,uniform,bitmapscan,1,prefetch-simple,worker,12,32GB,0.213,3.767,1927.34,27.261
1533,uniform,indexscan,64,master,io_uring,3,32GB,0.002,0.036,14.21,1.365
1534,uniform,indexscan,0,prefetch-simple,io_uring,3,32GB,0.019,0.348,110.789,4.228
1535,uniform,bitmapscan,0,master,sync,3,32GB,0.141,2.509,837.086,20.454
1536,uniform,indexscan,16,master,io_uring,3,32GB,3.604,48.32,17261.301,346.646
1537,uniform,indexscan,64,master,worker,3,32GB,0.063,1.127,390.334,8.617
1538,uniform,indexscan,64,prefetch-complex,io_uring,3,32GB,0.043,0.771,82.151,6.897
1539,uniform,bitmapscan,0,prefetch-simple,worker,12,32GB,12.139,90.237,4867.051,1004.154
1540,uniform,indexscan,64,prefetch-simple,worker,3,32GB,0.001,0.022,4.176,1.154
1541,uniform,indexscan,64,prefetch-simple,io_uring,3,32GB,18.191,97.287,9049.553,1473.028
1542,uniform,indexscan,16,master,io_uring,3,32GB,0.142,2.516,920.497,15.862
1543,uniform,indexscan,64,prefetch-simple,io_uring,3,32GB,27.309,99.668,10043.636,2153.736
1544,uniform,bitmapscan,16,master,sync,3,32GB,0.004,0.069,8.657,1.764
1545,uniform,indexscan,16,prefetch-simple,io_uring,3,32GB,87.299,100.0,15570.224,6791.394
1546,uniform,bitmapscan,64,prefetch-simple,sync,3,32GB,8.094,78.168,2656.623,820.897
1547,uniform,indexscan,64,prefetch-simple,worker,3,32GB,3.597,48.263,5605.987,314.928
1548,uniform,bitmapscan,16,prefetch-simple,io_uring,3,32GB,18.183,97.29,8406.467,1090.66
1549,uniform,indexscan,16,master,sync,3,32GB,18.187,97.272,25672.373,1691.375
1550,uniform,indexscan,16,prefetch-complex,worker,3,32GB,18.195,97.294,9068.908,1455.311
1551,uniform,indexscan,0,prefetch-simple,sync,3,32GB,8.087,78.047,23842.265,715.859
1552,uniform,bitmapscan,1,master,io_uring,3,32GB,57.287,100.0,5574.697,1261.302
1553,uniform,bitmapscan,64,prefetch-simple,sync,3,32GB,0.043,0.766,84.587,7.8
1554,uniform,indexscan,0,prefetch-complex,worker,12,32GB,0.028,0.501,160.624,5.446
1555,uniform,bitmapscan,16,prefetch-simple,worker,12,32GB,0.018,0.33,51.758,4.586
1556,uniform,indexscan,1,prefetch-simple,worker,3,32GB,0.009,0.167,73.782,2.749
1557,uniform,bitmapscan,1,master,sync,3,32GB,0.142,2.519,1192.015,18.756
1558,uniform,bitmapscan,16,prefetch-complex,io_uring,3,32GB,0.471,8.148,871.057,56.006
1559,uniform,bitmapscan,0,prefetch-simple,worker,12,32GB,0.009,0.157,76.765,2.946
1560,uniform,indexscan,16,prefetch-simple,worker,3,32GB,1.061,17.485,2018.91,97.795
1561,uniform,bitmapscan,64,master,sync,3,32GB,37.272,99.976,2766.382,1195.603
1562,uniform,bitmapscan,0,prefetch-simple,sync,3,32GB,0.003,0.056,40.551,1.776
1563,uniform,indexscan,1,prefetch-complex,worker,12,32GB,0.01,0.175,87.415,2.87
1564,uniform,bitmapscan,1,prefetch-complex,worker,3,32GB,0.317,5.562,2999.981,40.38
1565,uniform,indexscan,0,prefetch-complex,io_uring,3,32GB,0.014,0.248,97.813,3.792
1566,uniform,indexscan,1,prefetch-complex,sync,3,32GB,0.019,0.339,159.275,4.476
1567,uniform,bitmapscan,64,prefetch-simple,worker,3,32GB,67.288,100.0,2894.677,1270.888
1568,uniform,bitmapscan,64,prefetch-complex,sync,3,32GB,77.298,100.0,3069.534,1386.862
1569,uniform,bitmapscan,0,master,worker,12,32GB,0.042,0.759,264.511,7.966
1570,uniform,indexscan,1,prefetch-simple,io_uring,3,32GB,0.717,12.134,5992.587,63.197
1571,uniform,indexscan,16,prefetch-simple,sync,3,32GB,0.006,0.111,14.218,2.036
1572,uniform,bitmapscan,0,prefetch-complex,io_uring,3,32GB,0.042,0.756,304.835,8.281
1573,uniform,bitmapscan,16,prefetch-simple,io_uring,3,32GB,77.297,100.0,2919.246,1275.98
1574,uniform,bitmapscan,1,master,worker,3,32GB,0.028,0.5,229.747,5.605
1575,uniform,indexscan,0,prefetch-simple,sync,3,32GB,0.143,2.536,865.7,15.67
1576,uniform,indexscan,64,prefetch-simple,worker,12,32GB,3.595,48.225,5531.364,308.312
1577,uniform,bitmapscan,1,prefetch-complex,worker,3,32GB,0.092,1.641,794.587,15.132
1578,uniform,bitmapscan,64,prefetch-simple,worker,3,32GB,0.708,12.013,1276.334,115.909
1579,uniform,bitmapscan,1,prefetch-simple,io_uring,3,32GB,0.096,1.707,934.045,13.867
1580,uniform,indexscan,16,prefetch-simple,io_uring,3,32GB,0.013,0.232,25.397,3.058
1581,uniform,bitmapscan,0,prefetch-simple,sync,3,32GB,0.028,0.51,201.518,6.5
1582,uniform,indexscan,16,prefetch-complex,sync,3,32GB,3.6,48.348,5369.882,314.255
1583,uniform,bitmapscan,0,master,worker,3,32GB,1.062,17.481,5554.689,168.164
1584,uniform,indexscan,64,master,io_uring,3,32GB,0.042,0.762,246.982,6.716
1585,uniform,indexscan,16,master,worker,12,32GB,87.306,100.0,32222.327,7980.881
1586,uniform,bitmapscan,64,master,worker,12,32GB,77.304,100.0,2932.71,1271.16
1587,uniform,bitmapscan,16,prefetch-complex,io_uring,3,32GB,0.002,0.031,5.213,1.485
1588,uniform,bitmapscan,16,prefetch-simple,sync,3,32GB,87.29,100.0,3007.683,1294.992
1589,uniform,indexscan,16,prefetch-complex,worker,12,32GB,8.099,78.15,7853.984,685.917
1590,uniform,indexscan,0,prefetch-complex,sync,3,32GB,0.004,0.07,23.148,1.921
1591,uniform,bitmapscan,1,master,sync,3,32GB,0.004,0.08,43.592,2.012
1592,uniform,bitmapscan,16,prefetch-complex,sync,3,32GB,97.312,100.0,3151.916,1432.869
1593,uniform,bitmapscan,64,prefetch-complex,worker,3,32GB,0.142,2.522,270.448,21.311
1594,uniform,indexscan,64,prefetch-simple,worker,12,32GB,57.307,100.0,12777.67,4416.167
1595,uniform,bitmapscan,1,prefetch-complex,sync,3,32GB,0.003,0.053,27.208,1.789
1596,uniform,indexscan,16,prefetch-simple,worker,3,32GB,87.306,100.0,15523.601,6802.844
1597,uniform,indexscan,1,master,io_uring,3,32GB,87.311,100.0,32055.536,8047.267
1598,uniform,bitmapscan,64,master,io_uring,3,32GB,0.006,0.105,15.091,2.147
1599,uniform,bitmapscan,16,master,worker,12,32GB,1.074,17.666,1778.651,149.858
1600,uniform,indexscan,0,prefetch-complex,worker,12,32GB,0.316,5.548,1986.379,34.492
1601,uniform,indexscan,16,master,worker,12,32GB,8.085,77.991,23118.122,744.183
1602,uniform,indexscan,0,prefetch-complex,sync,3,32GB,8.083,77.996,24041.963,725.234
1603,uniform,indexscan,64,master,worker,12,32GB,0.001,0.017,8.679,1.08
1604,uniform,bitmapscan,0,master,sync,3,32GB,37.284,99.978,5061.215,1206.211
1605,uniform,indexscan,16,prefetch-complex,worker,3,32GB,37.295,99.98,10855.288,2935.277
1606,uniform,indexscan,1,master,worker,12,32GB,0.141,2.51,948.722,17.467
1607,uniform,indexscan,64,prefetch-complex,worker,12,32GB,0.473,8.176,940.039,43.405
1608,uniform,bitmapscan,0,prefetch-complex,sync,3,32GB,0.474,8.211,2767.086,63.179
1609,uniform,bitmapscan,0,master,sync,3,32GB,0.211,3.735,1233.009,29.499
1610,uniform,indexscan,1,prefetch-simple,worker,12,32GB,0.004,0.072,64.152,1.78
1611,uniform,bitmapscan,64,prefetch-complex,sync,3,32GB,0.028,0.499,54.084,5.615
1612,uniform,bitmapscan,16,prefetch-complex,worker,3,32GB,0.316,5.539,599.502,39.996
1613,uniform,bitmapscan,0,prefetch-complex,worker,12,32GB,27.288,99.673,5059.755,1197.858
1614,uniform,indexscan,64,prefetch-complex,worker,3,32GB,0.001,0.019,3.778,1.309
1615,uniform,indexscan,0,prefetch-simple,worker,3,32GB,0.003,0.056,26.514,1.64
1616,uniform,bitmapscan,16,prefetch-simple,io_uring,3,32GB,37.274,99.977,2758.319,1181.617
1617,uniform,indexscan,64,prefetch-simple,worker,3,32GB,0.008,0.152,17.172,2.686
1618,uniform,indexscan,1,master,io_uring,3,32GB,27.284,99.667,27673.285,2479.434
1619,uniform,bitmapscan,64,prefetch-complex,sync,3,32GB,0.014,0.243,27.077,3.579
1620,uniform,indexscan,0,prefetch-complex,worker,12,32GB,0.003,0.049,16.967,1.7
1621,uniform,bitmapscan,1,prefetch-complex,worker,12,32GB,0.006,0.103,46.498,2.346
1622,uniform,bitmapscan,16,prefetch-simple,sync,3,32GB,0.042,0.751,79.098,7.587
1623,uniform,bitmapscan,1,prefetch-simple,io_uring,3,32GB,0.213,3.771,1846.412,26.239
1624,uniform,indexscan,1,prefetch-simple,sync,3,32GB,0.213,3.774,1874.66,21.824
1625,uniform,indexscan,1,prefetch-simple,worker,12,32GB,1.064,17.512,8958.988,91.852
1626,uniform,bitmapscan,1,master,sync,3,32GB,0.009,0.156,98.401,2.959
1627,uniform,bitmapscan,64,master,io_uring,3,32GB,0.474,8.208,903.717,56.022
1628,uniform,indexscan,64,prefetch-simple,worker,12,32GB,0.001,0.019,3.702,1.175
1629,uniform,bitmapscan,0,prefetch-complex,worker,3,32GB,0.139,2.472,839.511,20.58
1630,uniform,bitmapscan,16,prefetch-complex,worker,3,32GB,0.093,1.668,209.302,13.461
1631,uniform,indexscan,0,master,worker,3,32GB,0.002,0.034,12.098,1.335
1632,uniform,indexscan,0,master,worker,3,32GB,0.013,0.228,96.737,3.281
1633,uniform,bitmapscan,0,prefetch-simple,worker,3,32GB,0.004,0.073,29.312,1.99
1634,uniform,indexscan,1,prefetch-simple,sync,3,32GB,0.004,0.069,29.702,2.068
1635,uniform,indexscan,64,prefetch-complex,worker,3,32GB,0.009,0.157,17.917,2.588
1636,uniform,bitmapscan,64,prefetch-complex,worker,3,32GB,67.283,100.0,2994.686,1335.86
1637,uniform,indexscan,1,prefetch-complex,worker,3,32GB,0.317,5.554,2814.363,30.335
1638,uniform,bitmapscan,1,master,worker,3,32GB,2.392,35.35,11856.567,357.879
1639,uniform,bitmapscan,0,prefetch-simple,sync,3,32GB,57.277,100.0,5299.168,1298.962
1640,uniform,bitmapscan,1,prefetch-simple,worker,3,32GB,27.299,99.664,5356.17,1134.109
1641,uniform,bitmapscan,64,prefetch-complex,sync,3,32GB,0.004,0.074,11.08,2.083
1642,uniform,bitmapscan,16,prefetch-simple,sync,3,32GB,0.006,0.106,12.892,2.298
1643,uniform,bitmapscan,16,prefetch-simple,sync,3,32GB,0.474,8.215,911.225,56.22
1644,uniform,indexscan,16,prefetch-complex,worker,3,32GB,0.14,2.491,304.8,16.017
1645,uniform,indexscan,0,master,worker,3,32GB,0.028,0.509,184.568,5.334
1646,uniform,bitmapscan,64,prefetch-simple,io_uring,3,32GB,8.096,78.174,2591.624,833.191
1647,uniform,indexscan,1,master,sync,3,32GB,37.275,99.977,27000.923,3432.22
1648,uniform,bitmapscan,64,prefetch-simple,worker,12,32GB,0.001,0.017,3.449,1.151
1649,uniform,bitmapscan,1,master,worker,3,32GB,0.062,1.109,581.259,9.479
1650,uniform,indexscan,1,master,sync,3,32GB,0.042,0.757,247.897,6.457
1651,uniform,bitmapscan,64,prefetch-complex,sync,3,32GB,0.009,0.163,33.3,3.126
1652,uniform,bitmapscan,0,master,io_uring,3,32GB,0.14,2.489,855.122,19.736
1653,uniform,bitmapscan,16,master,io_uring,3,32GB,18.202,97.288,2671.095,1072.698
1654,uniform,bitmapscan,64,prefetch-complex,sync,3,32GB,0.216,3.83,426.19,26.96
1655,uniform,bitmapscan,64,master,worker,12,32GB,0.002,0.035,6.215,1.342
1656,uniform,bitmapscan,16,prefetch-complex,sync,3,32GB,18.186,97.28,2680.332,1073.4
1657,uniform,indexscan,64,prefetch-simple,sync,3,32GB,3.593,48.207,5607.276,312.255
1658,uniform,indexscan,0,prefetch-simple,io_uring,3,32GB,0.001,0.021,15.792,1.174
1659,uniform,indexscan,1,prefetch-complex,worker,12,32GB,97.312,100.0,46003.346,7592.013
1660,uniform,bitmapscan,0,prefetch-simple,io_uring,3,32GB,0.013,0.231,82.435,3.651
1661,uniform,indexscan,64,prefetch-complex,sync,3,32GB,0.013,0.24,42.764,3.348
1662,uniform,indexscan,0,prefetch-simple,worker,12,32GB,0.062,1.119,364.322,8.523
1663,uniform,indexscan,0,master,sync,3,32GB,0.001,0.022,21.956,1.149
1664,uniform,indexscan,16,master,worker,3,32GB,5.398,63.117,20621.559,506.135
1665,uniform,indexscan,16,prefetch-complex,worker,12,32GB,0.003,0.053,7.276,1.66
1666,uniform,bitmapscan,16,prefetch-simple,worker,12,32GB,0.003,0.051,6.782,1.524
1667,uniform,bitmapscan,0,prefetch-simple,io_uring,3,32GB,0.002,0.036,15.592,1.42
1668,uniform,indexscan,1,master,worker,3,32GB,0.317,5.573,2888.435,32.268
1669,uniform,indexscan,1,prefetch-complex,worker,12,32GB,0.474,8.189,4262.051,44.394
1670,uniform,bitmapscan,64,master,worker,12,32GB,0.001,0.018,4.002,1.111
1671,uniform,bitmapscan,16,prefetch-simple,worker,3,32GB,37.276,99.975,2725.531,1204.886
1672,uniform,indexscan,16,prefetch-simple,worker,3,32GB,18.189,97.265,9351.364,1485.443
1673,uniform,indexscan,64,prefetch-complex,worker,12,32GB,67.29,100.0,13323.095,5330.268
1674,uniform,indexscan,16,master,worker,12,32GB,97.311,100.0,33016.478,8867.262
1675,uniform,bitmapscan,1,master,worker,12,32GB,0.472,8.155,3692.742,56.926
1676,uniform,bitmapscan,64,master,sync,3,32GB,27.282,99.668,2684.203,1130.451
1677,uniform,indexscan,64,prefetch-complex,io_uring,3,32GB,37.277,99.977,10856.289,2944.029
1678,uniform,indexscan,0,prefetch-complex,worker,3,32GB,0.714,12.104,4484.482,73.73
1679,uniform,indexscan,16,prefetch-complex,worker,3,32GB,47.291,99.999,11830.913,3714.96
1680,uniform,indexscan,1,prefetch-simple,io_uring,3,32GB,0.474,8.195,4119.827,43.853
1681,uniform,bitmapscan,1,prefetch-complex,worker,12,32GB,5.408,63.212,13646.85,671.404
1682,uniform,bitmapscan,0,prefetch-simple,io_uring,3,32GB,0.093,1.657,546.149,14.512
1683,uniform,indexscan,0,prefetch-simple,io_uring,3,32GB,0.212,3.746,1319.879,23.286
1684,uniform,bitmapscan,16,prefetch-complex,io_uring,3,32GB,0.003,0.057,8.099,2.217
1685,uniform,indexscan,64,prefetch-simple,io_uring,3,32GB,0.019,0.344,46.236,4.644
1686,uniform,indexscan,64,prefetch-simple,worker,3,32GB,8.085,77.961,7712.072,669.456
1687,uniform,bitmapscan,0,master,sync,3,32GB,0.013,0.241,92.574,3.75
1688,uniform,bitmapscan,0,prefetch-simple,io_uring,3,32GB,0.042,0.755,258.987,8
1689,uniform,bitmapscan,16,prefetch-complex,io_uring,3,32GB,18.197,97.278,2675.807,1091.085
1690,uniform,indexscan,0,master,sync,3,32GB,0.064,1.149,427.809,8.799
1691,uniform,bitmapscan,0,master,io_uring,3,32GB,0.003,0.051,19.829,2.064
1692,uniform,bitmapscan,64,prefetch-complex,worker,3,32GB,47.282,99.998,2858.945,1294.644
1693,uniform,indexscan,1,master,worker,12,32GB,3.6,48.327,16498.293,349.336
1694,uniform,indexscan,0,master,sync,3,32GB,27.3,99.677,26193.348,2484.473
1695,uniform,indexscan,16,prefetch-simple,worker,12,32GB,0.009,0.164,20.047,2.968
1696,uniform,bitmapscan,0,master,sync,3,32GB,77.3,100.0,6550.673,1320.658
1697,uniform,indexscan,16,prefetch-simple,io_uring,3,32GB,8.086,77.976,7954.396,676.225
1698,uniform,bitmapscan,64,prefetch-simple,worker,3,32GB,0.21,3.719,444.853,26.04
1699,uniform,indexscan,16,prefetch-complex,worker,12,32GB,1.593,25.101,2882.46,140.639
1700,uniform,bitmapscan,64,prefetch-simple,sync,3,32GB,0.019,0.341,39.805,4.364
1701,uniform,bitmapscan,0,master,worker,12,32GB,0.142,2.528,942.545,20.755
1702,uniform,bitmapscan,1,master,sync,3,32GB,0.47,8.143,3723.505,55.352
1703,uniform,indexscan,64,master,sync,3,32GB,8.095,78.115,23755.887,776.087
1704,uniform,indexscan,1,prefetch-simple,sync,3,32GB,18.189,97.281,38564.038,1454.045
1705,uniform,indexscan,1,prefetch-complex,worker,12,32GB,27.3,99.668,40026.639,2165.619
1706,uniform,bitmapscan,0,prefetch-simple,io_uring,3,32GB,27.293,99.661,5189.347,1165.269
1707,uniform,indexscan,1,prefetch-complex,worker,3,32GB,97.304,100.0,46138.629,7573.342
1708,uniform,indexscan,0,prefetch-complex,sync,3,32GB,2.394,35.342,12668.794,238.652
1709,uniform,indexscan,0,master,worker,3,32GB,1.6,25.208,8970.536,156.321
1710,uniform,indexscan,16,prefetch-complex,worker,3,32GB,0.008,0.149,19.202,2.753
1711,uniform,indexscan,1,prefetch-complex,worker,12,32GB,0.019,0.333,150.867,4.653
1712,uniform,indexscan,64,prefetch-complex,sync,3,32GB,0.004,0.07,8.692,1.812
1713,uniform,bitmapscan,1,master,io_uring,3,32GB,3.587,48.203,13374.003,503.531
1714,uniform,indexscan,0,prefetch-complex,worker,12,32GB,0.013,0.238,105.042,4.598
1715,uniform,bitmapscan,64,master,io_uring,3,32GB,0.019,0.34,36.204,4.371
1716,uniform,bitmapscan,0,prefetch-simple,worker,3,32GB,87.3,100.0,5266.84,1321.928
1717,uniform,bitmapscan,1,master,io_uring,3,32GB,0.001,0.019,10.051,1.146
1718,uniform,bitmapscan,0,prefetch-complex,worker,12,32GB,18.199,97.298,5860.223,1108.412
1719,uniform,bitmapscan,64,prefetch-simple,worker,12,32GB,67.293,100.0,2891.991,1255.24
1720,uniform,bitmapscan,64,prefetch-simple,worker,3,32GB,0.028,0.504,77.043,5.807
1721,uniform,indexscan,0,prefetch-complex,worker,12,32GB,0.009,0.161,58.458,2.879
1722,uniform,bitmapscan,0,master,worker,3,32GB,57.28,100.0,5365.509,1273.635
1723,uniform,bitmapscan,0,prefetch-complex,io_uring,3,32GB,0.21,3.711,1274.618,30.158
1724,uniform,indexscan,64,prefetch-simple,io_uring,3,32GB,57.279,100.0,12543.974,4499.275
1725,uniform,bitmapscan,16,prefetch-complex,io_uring,3,32GB,0.006,0.108,14.078,2.456
1726,uniform,indexscan,64,prefetch-complex,io_uring,3,32GB,0.002,0.037,8.395,1.522
1727,uniform,indexscan,0,master,io_uring,3,32GB,0.002,0.035,13.016,1.342
1728,uniform,indexscan,0,prefetch-simple,worker,3,32GB,8.091,78.129,23106.929,710.523
1729,uniform,indexscan,1,prefetch-simple,worker,12,32GB,0.042,0.753,384.137,6.535
1730,uniform,indexscan,0,master,sync,3,32GB,5.384,63.059,20841.006,522.902
1731,uniform,bitmapscan,16,master,sync,3,32GB,27.288,99.682,2694.445,1163.997
1732,uniform,bitmapscan,0,prefetch-complex,worker,3,32GB,0.211,3.732,1357.256,30.012
1733,uniform,bitmapscan,0,prefetch-complex,sync,3,32GB,0.002,0.036,14.007,1.556
1734,uniform,indexscan,1,prefetch-simple,worker,12,32GB,0.317,5.567,2730.336,30.294
1735,uniform,bitmapscan,1,prefetch-simple,worker,12,32GB,0.001,0.019,9.459,1.147
1736,uniform,bitmapscan,1,master,worker,12,32GB,1.069,17.591,7572.772,155.705
1737,uniform,indexscan,0,prefetch-complex,sync,3,32GB,0.475,8.229,2953.171,50.753
1738,uniform,indexscan,64,prefetch-complex,sync,3,32GB,2.409,35.506,4262.272,210.956
1739,uniform,indexscan,0,prefetch-simple,io_uring,3,32GB,5.392,63.109,21479.374,488.436
1740,uniform,bitmapscan,1,prefetch-simple,sync,3,32GB,0.003,0.051,22.175,1.588
1741,uniform,indexscan,16,prefetch-complex,worker,3,32GB,12.127,90.247,8219.831,1000.918
1742,uniform,indexscan,64,master,io_uring,3,32GB,97.309,100.0,32930.682,8997.597
1743,uniform,bitmapscan,64,prefetch-complex,worker,12,32GB,0.014,0.249,28.537,3.78
1744,uniform,bitmapscan,64,prefetch-complex,io_uring,3,32GB,0.042,0.744,95.688,7.692
1745,uniform,bitmapscan,1,prefetch-complex,sync,3,32GB,77.293,100.0,5531.454,1387.899
1746,uniform,indexscan,1,prefetch-complex,sync,3,32GB,0.013,0.227,118.345,3.412
1747,uniform,bitmapscan,64,prefetch-simple,worker,12,32GB,77.301,100.0,2931.551,1278.239
1748,uniform,indexscan,0,master,worker,3,32GB,0.019,0.348,116.47,4.164
1749,uniform,indexscan,16,master,worker,3,32GB,0.063,1.123,385.677,8.489
1750,uniform,indexscan,0,prefetch-complex,io_uring,3,32GB,0.042,0.749,266.469,6.692
1751,uniform,indexscan,64,prefetch-simple,sync,3,32GB,67.304,100.0,19031.45,5207.19
1752,uniform,bitmapscan,64,prefetch-simple,sync,3,32GB,27.294,99.663,2685.353,1147.236
1753,uniform,indexscan,1,prefetch-simple,io_uring,3,32GB,0.006,0.107,48.043,2.225
1754,uniform,indexscan,16,master,io_uring,3,32GB,0.211,3.726,1393.303,24.681
1755,uniform,indexscan,16,master,worker,3,32GB,3.608,48.408,17106.444,340.152
1756,uniform,bitmapscan,0,prefetch-complex,worker,12,32GB,97.312,100.0,5630.312,1458.73
1757,uniform,bitmapscan,1,prefetch-complex,worker,3,32GB,67.29,100.0,5705.924,1343.053
1758,uniform,bitmapscan,64,prefetch-complex,io_uring,3,32GB,37.301,99.979,2791.563,1264.001
1759,uniform,indexscan,16,prefetch-complex,worker,12,32GB,67.292,100.0,13538.019,5293.57
1760,uniform,bitmapscan,64,master,worker,12,32GB,97.308,100.0,3087.276,1329.209
1761,uniform,indexscan,16,prefetch-complex,worker,12,32GB,27.308,99.657,9946.955,2198.701
1762,uniform,indexscan,0,prefetch-simple,sync,3,32GB,27.294,99.661,26673.324,2213.185
1763,uniform,bitmapscan,0,master,worker,3,32GB,5.392,63.068,10798.096,702.19
1764,uniform,bitmapscan,64,master,worker,12,32GB,0.142,2.528,284.562,19.742
1765,uniform,indexscan,16,prefetch-complex,io_uring,3,32GB,0.001,0.017,10.565,1.361
1766,uniform,bitmapscan,64,master,io_uring,3,32GB,0.009,0.161,19.453,2.752
1767,uniform,indexscan,1,master,worker,12,32GB,1.597,25.176,9108.81,154.384
1768,uniform,bitmapscan,1,prefetch-simple,worker,3,32GB,0.139,2.472,1262.313,18.241
1769,uniform,bitmapscan,1,prefetch-simple,sync,3,32GB,0.718,12.151,5332.611,117.407
1770,uniform,indexscan,16,master,worker,12,32GB,77.3,100.0,31607.653,7094.567
1771,uniform,indexscan,16,prefetch-complex,sync,3,32GB,0.019,0.347,49.269,4.109
1772,uniform,indexscan,16,master,sync,3,32GB,0.14,2.492,952.989,16.101
1773,uniform,bitmapscan,16,master,sync,3,32GB,0.001,0.017,4.738,1.084
1774,uniform,bitmapscan,1,prefetch-simple,sync,3,32GB,97.311,100.0,5657.528,1329.913
1775,uniform,indexscan,16,prefetch-complex,worker,3,32GB,0.093,1.662,187.308,11.865
1776,uniform,bitmapscan,0,prefetch-simple,worker,12,32GB,1.067,17.577,5116.169,165.078
1777,uniform,bitmapscan,1,master,sync,3,32GB,0.019,0.341,161.872,5.122
1778,uniform,indexscan,0,prefetch-simple,io_uring,3,32GB,97.312,100.0,33332.01,7568.202
1779,uniform,bitmapscan,16,master,worker,12,32GB,0.013,0.233,29.749,3.773
1780,uniform,indexscan,0,prefetch-simple,sync,3,32GB,0.001,0.017,6.937,1.107
1781,uniform,bitmapscan,64,master,worker,12,32GB,8.094,78.093,2632.713,840.862
1782,uniform,indexscan,1,prefetch-simple,sync,3,32GB,0.006,0.109,53.958,2.134
1783,uniform,indexscan,16,prefetch-simple,worker,12,32GB,18.184,97.295,10254.799,1459.482
1784,uniform,indexscan,64,prefetch-complex,worker,12,32GB,3.599,48.292,5416.063,315.456
1785,uniform,bitmapscan,0,prefetch-complex,worker,3,32GB,5.397,63.196,10994.524,704.641
1786,uniform,indexscan,1,prefetch-simple,worker,12,32GB,37.318,99.977,40638.649,2918.045
1787,uniform,bitmapscan,0,master,sync,3,32GB,18.202,97.297,5139.329,1101.576
1788,uniform,bitmapscan,64,prefetch-simple,sync,3,32GB,1.6,25.204,2257.921,258.103
1789,uniform,indexscan,16,prefetch-complex,io_uring,3,32GB,0.71,12.046,1381.525,64.869
1790,uniform,indexscan,0,prefetch-simple,worker,3,32GB,0.141,2.514,951.245,17.281
1791,uniform,indexscan,64,prefetch-simple,sync,3,32GB,12.15,90.316,8080.582,991.002
1792,uniform,indexscan,64,prefetch-simple,worker,12,32GB,12.153,90.264,8274.94,1015.108
1793,uniform,indexscan,1,master,io_uring,3,32GB,97.31,100.0,33816.742,8904.067
1794,uniform,indexscan,0,prefetch-complex,worker,3,32GB,8.106,78.274,24158.833,738.538
1795,uniform,indexscan,1,prefetch-complex,worker,3,32GB,12.135,90.222,37835.831,1002.236
1796,uniform,bitmapscan,64,prefetch-simple,io_uring,3,32GB,77.296,100.0,2962.942,1308.407
1797,uniform,indexscan,64,master,worker,3,32GB,8.087,78.051,23184.719,757.575
1798,uniform,bitmapscan,1,prefetch-complex,sync,3,32GB,5.391,63.089,13376.509,669.565
1799,uniform,bitmapscan,64,master,worker,12,32GB,0.013,0.231,25.614,3.439
1800,uniform,bitmapscan,64,prefetch-complex,worker,3,32GB,97.31,100.0,3140.303,1452.016
1801,uniform,bitmapscan,0,master,sync,3,32GB,3.591,48.217,10480.921,539.647
1802,uniform,indexscan,0,master,sync,3,32GB,0.472,8.166,2896.535,52.313
1803,uniform,indexscan,1,prefetch-simple,worker,3,32GB,1.061,17.485,8707.094,94.349
1804,uniform,bitmapscan,16,prefetch-complex,worker,3,32GB,57.277,100.0,2939.996,1308.094
1805,uniform,bitmapscan,1,prefetch-simple,io_uring,3,32GB,18.202,97.306,5449.178,1097.3
1806,uniform,bitmapscan,16,master,io_uring,3,32GB,0.027,0.487,55.091,5.597
1807,uniform,indexscan,0,prefetch-complex,worker,12,32GB,27.311,99.66,26423.594,2244.369
1808,uniform,bitmapscan,64,prefetch-simple,io_uring,3,32GB,0.003,0.051,7.448,1.629
1809,uniform,bitmapscan,0,prefetch-simple,sync,3,32GB,0.095,1.689,609.853,14.727
1810,uniform,indexscan,16,prefetch-simple,sync,3,32GB,0.062,1.119,122.535,7.633
1811,uniform,indexscan,64,master,sync,3,32GB,67.283,100.0,30618.787,6204.83
1812,uniform,bitmapscan,16,prefetch-complex,io_uring,3,32GB,0.316,5.531,633.338,40.667
1813,uniform,indexscan,64,prefetch-complex,io_uring,3,32GB,0.013,0.235,27.558,3.218
1814,uniform,indexscan,0,prefetch-simple,io_uring,3,32GB,3.588,48.14,16599.498,330.821
1815,uniform,indexscan,16,prefetch-complex,io_uring,3,32GB,0.064,1.14,118,8.643
1816,uniform,indexscan,0,prefetch-simple,worker,12,32GB,12.135,90.22,24597.499,1051.571
1817,uniform,bitmapscan,16,master,io_uring,3,32GB,0.71,12.043,1268.674,118.282
1818,uniform,indexscan,16,master,io_uring,3,32GB,0.062,1.11,401.71,8.308
1819,uniform,bitmapscan,1,prefetch-simple,worker,12,32GB,0.064,1.142,680.241,10.657
1820,uniform,bitmapscan,1,prefetch-simple,worker,12,32GB,0.006,0.108,48.819,2.245
1821,uniform,indexscan,16,master,sync,3,32GB,0.019,0.341,115.649,4.555
1822,uniform,indexscan,0,prefetch-simple,worker,12,32GB,2.396,35.37,12447.647,219.797
1823,uniform,bitmapscan,64,prefetch-simple,sync,3,32GB,87.302,100.0,3034.053,1299.22
1824,uniform,bitmapscan,16,prefetch-complex,worker,12,32GB,0.001,0.017,6.746,1.418
1825,uniform,bitmapscan,1,prefetch-complex,worker,3,32GB,0.006,0.104,45.915,2.743
1826,uniform,indexscan,0,master,worker,12,32GB,67.29,100.0,30416.617,6097.24
1827,uniform,bitmapscan,16,prefetch-complex,worker,3,32GB,0.14,2.492,263.137,19.409
1828,uniform,bitmapscan,64,prefetch-simple,io_uring,3,32GB,67.288,100.0,2878.847,1278.779
1829,uniform,bitmapscan,0,prefetch-simple,worker,12,32GB,0.042,0.748,298.216,7.743
1830,uniform,bitmapscan,16,prefetch-complex,worker,3,32GB,0.009,0.164,19.788,2.815
1831,uniform,indexscan,1,prefetch-complex,worker,12,32GB,3.586,48.191,23773.955,303.412
1832,uniform,indexscan,64,master,io_uring,3,32GB,1.596,25.139,9265.163,159.456
1833,uniform,indexscan,16,master,io_uring,3,32GB,12.134,90.164,24656.53,1136.873
1834,uniform,indexscan,0,prefetch-complex,worker,12,32GB,67.29,100.0,29745.997,5423.046
1835,uniform,indexscan,64,prefetch-complex,io_uring,3,32GB,77.299,100.0,14260.708,6113.088
1836,uniform,bitmapscan,0,master,worker,3,32GB,0.212,3.743,1315.318,28.816
1837,uniform,indexscan,0,prefetch-simple,io_uring,3,32GB,0.063,1.128,444.069,8.722
1838,uniform,indexscan,1,prefetch-simple,io_uring,3,32GB,0.002,0.035,44.307,1.377
1839,uniform,bitmapscan,0,prefetch-simple,worker,12,32GB,5.408,63.198,10863.416,686.635
1840,uniform,bitmapscan,0,master,io_uring,3,32GB,77.292,100.0,5364.371,1344.575
1841,uniform,indexscan,1,prefetch-simple,io_uring,3,32GB,0.004,0.066,58.976,1.877
1842,uniform,indexscan,16,prefetch-complex,worker,3,32GB,3.598,48.304,5378.234,325.757
1843,uniform,indexscan,16,master,worker,12,32GB,0.317,5.552,2098.991,33.034
1844,uniform,bitmapscan,16,prefetch-complex,io_uring,3,32GB,5.388,63.025,3440.671,657.418
1845,uniform,bitmapscan,16,prefetch-simple,worker,3,32GB,2.4,35.407,2933.741,346.671
1846,uniform,bitmapscan,0,prefetch-simple,worker,3,32GB,0.028,0.503,184.19,5.949
1847,uniform,bitmapscan,0,prefetch-complex,worker,3,32GB,12.132,90.258,4951.954,1009.162
1848,uniform,bitmapscan,0,prefetch-complex,sync,3,32GB,5.405,63.217,10371.291,690.312
1849,uniform,bitmapscan,0,prefetch-complex,sync,3,32GB,0.006,0.106,104.886,2.707
1850,uniform,indexscan,0,master,worker,12,32GB,0.019,0.347,123.192,4.185
1851,uniform,bitmapscan,1,prefetch-simple,worker,12,32GB,0.473,8.183,4742.724,55.266
1852,uniform,bitmapscan,1,prefetch-complex,worker,3,32GB,0.019,0.332,175.815,4.722
1853,uniform,indexscan,64,prefetch-simple,sync,3,32GB,0.006,0.105,12.184,2.069
1854,uniform,bitmapscan,64,prefetch-complex,worker,3,32GB,0.004,0.077,9.691,2.085
1855,uniform,bitmapscan,16,master,io_uring,3,32GB,0.095,1.703,203.005,13.499
1856,uniform,indexscan,16,prefetch-complex,worker,12,32GB,0.212,3.75,483.619,22.009
1857,uniform,indexscan,1,master,sync,3,32GB,87.308,100.0,31806.123,7856.087
1858,uniform,indexscan,0,master,sync,3,32GB,1.061,17.477,6181.183,105.343
1859,uniform,indexscan,16,master,sync,3,32GB,3.595,48.212,16492.867,358.741
1860,uniform,indexscan,1,prefetch-complex,sync,3,32GB,0.027,0.494,222.706,5.422
1861,uniform,bitmapscan,64,prefetch-simple,io_uring,3,32GB,87.3,100.0,3051.428,1325.357
1862,uniform,indexscan,16,prefetch-complex,io_uring,3,32GB,87.312,100.0,14733.86,6780.096
1863,uniform,bitmapscan,0,master,worker,12,32GB,0.002,0.038,18.822,1.535
1864,uniform,bitmapscan,64,prefetch-complex,worker,3,32GB,0.002,0.033,5.312,1.56
1865,uniform,bitmapscan,16,master,worker,3,32GB,37.281,99.976,2778.209,1615.828
1866,uniform,indexscan,16,master,sync,3,32GB,67.282,100.0,29987.032,6068.99
1867,uniform,bitmapscan,64,master,sync,3,32GB,0.003,0.051,9.306,1.536
1868,uniform,indexscan,0,prefetch-simple,io_uring,3,32GB,0.003,0.053,18.503,1.585
1869,uniform,bitmapscan,16,prefetch-complex,sync,3,32GB,12.129,90.236,2620.79,978.892
1870,uniform,indexscan,16,prefetch-simple,io_uring,3,32GB,0.009,0.163,17.82,2.457
1871,uniform,bitmapscan,16,master,worker,3,32GB,18.198,97.269,2644.755,1058.427
1872,uniform,bitmapscan,1,prefetch-simple,sync,3,32GB,0.009,0.159,99.864,2.94
1873,uniform,bitmapscan,0,prefetch-complex,worker,12,32GB,0.001,0.016,6.397,1.229
1874,uniform,indexscan,1,prefetch-complex,io_uring,3,32GB,0.002,0.035,16.597,1.46
1875,uniform,indexscan,1,prefetch-simple,io_uring,3,32GB,57.294,100.0,42222.11,4460.983
1876,uniform,bitmapscan,0,master,io_uring,3,32GB,0.094,1.672,626.84,14.792
1877,uniform,bitmapscan,1,prefetch-simple,sync,3,32GB,2.391,35.336,11824.535,351.755
1878,uniform,bitmapscan,0,prefetch-simple,worker,3,32GB,0.708,12.006,4144.115,128.857
1879,uniform,indexscan,16,prefetch-simple,io_uring,3,32GB,5.386,63.119,7011.114,467.91
1880,uniform,bitmapscan,1,prefetch-simple,io_uring,3,32GB,1.061,17.455,7202.403,160.216
1881,uniform,bitmapscan,1,prefetch-simple,worker,12,32GB,2.394,35.339,12090.869,357.239
1882,uniform,indexscan,16,master,worker,12,32GB,0.001,0.021,12.979,1.472
1883,uniform,bitmapscan,16,master,sync,3,32GB,47.274,100.0,2768.433,1238.797
1884,uniform,indexscan,64,master,sync,3,32GB,77.298,100.0,32176.422,7724.342
1885,uniform,indexscan,1,master,sync,3,32GB,67.303,100.0,30685.621,6560.627
1886,uniform,indexscan,64,prefetch-simple,io_uring,3,32GB,0.042,0.755,84.384,6.031
1887,uniform,indexscan,16,master,io_uring,3,32GB,0.006,0.111,36.462,2.176
1888,uniform,indexscan,16,prefetch-complex,worker,12,32GB,0.029,0.523,74.96,5.831
1889,uniform,indexscan,1,prefetch-complex,sync,3,32GB,87.299,100.0,44469.898,6805.644
1890,uniform,indexscan,1,prefetch-simple,worker,12,32GB,0.028,0.51,261.731,5.406
1891,uniform,indexscan,0,prefetch-complex,worker,3,32GB,0.063,1.121,429.98,8.585
1892,uniform,bitmapscan,64,master,io_uring,3,32GB,0.029,0.522,59.269,5.764
1893,uniform,indexscan,64,prefetch-complex,worker,12,32GB,0.709,12.007,1397.032,65.342
1894,uniform,indexscan,64,master,worker,3,32GB,57.288,100.0,29231.313,5187.311
1895,uniform,bitmapscan,64,prefetch-complex,sync,3,32GB,57.304,100.0,2938.117,1317.925
1896,uniform,indexscan,0,prefetch-simple,worker,12,32GB,0.043,0.769,250.612,8.201
1897,uniform,bitmapscan,1,master,sync,3,32GB,8.089,78.024,7806.213,820.622
1898,uniform,bitmapscan,0,prefetch-complex,sync,3,32GB,0.001,0.018,7.449,1.318
1899,uniform,bitmapscan,1,prefetch-simple,worker,12,32GB,27.306,99.671,5395.225,1123.483
1900,uniform,indexscan,16,master,worker,12,32GB,1.608,25.283,8877.022,156.923
1901,uniform,bitmapscan,64,master,io_uring,3,32GB,3.607,48.406,3252.53,506.229
1902,uniform,bitmapscan,0,prefetch-simple,worker,12,32GB,0.014,0.244,99.824,3.833
1903,uniform,indexscan,0,prefetch-simple,worker,3,32GB,87.312,100.0,30910.643,6919.813
1904,uniform,indexscan,16,prefetch-simple,io_uring,3,32GB,67.278,100.0,13607.836,5243.634
1905,uniform,indexscan,16,prefetch-complex,sync,3,32GB,57.28,100.0,12550.726,4551.95
1906,uniform,indexscan,1,prefetch-complex,io_uring,3,32GB,0.092,1.634,778.116,11.097
1907,uniform,bitmapscan,0,prefetch-simple,sync,3,32GB,27.281,99.671,5073.819,1165.624
1908,uniform,bitmapscan,16,prefetch-complex,sync,3,32GB,0.211,3.734,489.243,26.313
1909,uniform,indexscan,1,prefetch-simple,sync,3,32GB,97.315,100.0,44599.244,7478.445
1910,uniform,indexscan,16,prefetch-simple,io_uring,3,32GB,0.003,0.051,6.737,1.622
1911,uniform,bitmapscan,64,prefetch-complex,sync,3,32GB,97.313,100.0,3104.094,1435.9
1912,uniform,bitmapscan,0,prefetch-complex,io_uring,3,32GB,0.714,12.095,3927.172,123.179
1913,uniform,indexscan,0,prefetch-simple,worker,3,32GB,18.189,97.295,25913.259,1498.441
1914,uniform,bitmapscan,64,prefetch-complex,worker,3,32GB,0.014,0.248,33.342,4.002
1915,uniform,bitmapscan,16,master,sync,3,32GB,57.295,100.0,2835.826,1274.544
1916,uniform,indexscan,16,master,io_uring,3,32GB,47.279,99.999,27770.485,4372.822
1917,uniform,bitmapscan,64,master,worker,12,32GB,0.21,3.713,407.384,26.763
1918,uniform,bitmapscan,0,prefetch-complex,io_uring,3,32GB,0.027,0.481,220.693,6.165
1919,uniform,indexscan,64,master,io_uring,3,32GB,87.293,100.0,33144.235,7938.627
1920,uniform,indexscan,16,prefetch-simple,worker,12,32GB,87.29,100.0,15253.997,6794.213
1921,uniform,bitmapscan,64,prefetch-simple,worker,3,32GB,0.006,0.107,13.089,2.451
1922,uniform,indexscan,64,prefetch-complex,worker,12,32GB,2.408,35.504,3932.327,209.495
1923,uniform,indexscan,1,master,worker,12,32GB,37.315,99.98,27196.545,3407.97
1924,uniform,indexscan,1,master,worker,12,32GB,1.061,17.464,6308.949,105.126
1925,uniform,bitmapscan,0,master,worker,12,32GB,18.215,97.284,4938.168,1097.279
1926,uniform,indexscan,16,master,worker,3,32GB,0.004,0.077,25.766,1.937
1927,uniform,indexscan,1,master,worker,12,32GB,97.313,100.0,33021.931,8806.996
1928,uniform,bitmapscan,1,prefetch-simple,worker,3,32GB,67.288,100.0,5705.114,1292.01
1929,uniform,indexscan,16,master,io_uring,3,32GB,57.29,100.0,29317.79,5304.991
1930,uniform,indexscan,0,prefetch-simple,sync,3,32GB,0.013,0.234,85.381,3.391
1931,uniform,bitmapscan,1,prefetch-simple,worker,12,32GB,0.002,0.037,18.746,1.479
1932,uniform,indexscan,64,prefetch-simple,worker,12,32GB,18.203,97.3,9158.6,1472.739
1933,uniform,indexscan,0,prefetch-simple,worker,3,32GB,0.477,8.247,2985.941,49.676
1934,uniform,indexscan,64,prefetch-complex,worker,12,32GB,57.282,100.0,12473.572,4511.91
1935,uniform,bitmapscan,64,master,worker,12,32GB,0.062,1.108,153.347,9.708
1936,uniform,indexscan,1,prefetch-complex,worker,3,32GB,1.591,25.059,12471.439,135.33
1937,uniform,indexscan,0,prefetch-complex,sync,3,32GB,0.028,0.506,187.865,5.374
1938,uniform,bitmapscan,16,prefetch-complex,worker,12,32GB,0.003,0.055,7.601,1.788
1939,uniform,bitmapscan,1,master,worker,12,32GB,0.043,0.769,384.511,7.731
1940,uniform,bitmapscan,0,master,worker,3,32GB,12.136,90.249,4793.04,984.461
1941,uniform,indexscan,16,prefetch-complex,worker,3,32GB,0.212,3.75,399.429,21.303
1942,uniform,indexscan,0,prefetch-simple,io_uring,3,32GB,27.286,99.679,27416.549,2233.521
1943,uniform,indexscan,1,prefetch-complex,io_uring,3,32GB,3.593,48.256,23455.109,309.962
1944,uniform,bitmapscan,1,prefetch-simple,worker,3,32GB,5.388,63.074,13293.899,666.501
1945,uniform,indexscan,64,prefetch-simple,worker,12,32GB,0.209,3.704,455.499,20.915
1946,uniform,bitmapscan,1,prefetch-simple,io_uring,3,32GB,27.294,99.671,5264.987,1135.603
1947,uniform,bitmapscan,1,prefetch-simple,worker,12,32GB,0.314,5.508,2476.327,39.124
1948,uniform,indexscan,0,master,io_uring,3,32GB,0.143,2.549,894.35,16.651
1949,uniform,bitmapscan,0,master,worker,3,32GB,77.308,100.0,5531.261,1310.439
1950,uniform,indexscan,16,master,io_uring,3,32GB,18.212,97.318,25526.009,1659.341
1951,uniform,bitmapscan,64,prefetch-simple,io_uring,3,32GB,0.002,0.038,5.81,1.471
1952,uniform,indexscan,0,prefetch-simple,worker,3,32GB,0.213,3.756,1250.946,21.763
1953,uniform,indexscan,16,prefetch-simple,io_uring,3,32GB,0.028,0.506,75.9,4.682
1954,uniform,indexscan,0,master,worker,3,32GB,0.315,5.528,1854.813,31.328
1955,uniform,indexscan,1,prefetch-simple,io_uring,3,32GB,27.298,99.674,39590.399,2155.678
1956,uniform,indexscan,1,prefetch-complex,sync,3,32GB,12.15,90.278,36600.57,1002.943
1957,uniform,bitmapscan,16,prefetch-simple,worker,3,32GB,0.009,0.166,18.799,2.875
1958,uniform,bitmapscan,16,prefetch-complex,sync,3,32GB,0.001,0.022,4.332,1.352
1959,uniform,bitmapscan,16,prefetch-complex,sync,3,32GB,5.392,63.117,3413.667,656.726
1960,uniform,indexscan,0,master,sync,3,32GB,0.14,2.495,1035.721,16.319
1961,uniform,indexscan,64,prefetch-complex,worker,12,32GB,0.315,5.524,647.2,30.557
1962,uniform,indexscan,64,prefetch-complex,worker,3,32GB,5.393,63.093,6744.667,466.984
1963,uniform,bitmapscan,64,prefetch-simple,worker,3,32GB,0.472,8.164,833.615,56.105
1964,uniform,indexscan,16,master,worker,12,32GB,0.013,0.228,74.9,4.196
1965,uniform,bitmapscan,1,master,worker,3,32GB,47.298,100.0,5472.453,1214.469
1966,uniform,indexscan,64,prefetch-simple,worker,12,32GB,0.028,0.505,82.092,5.511
1967,uniform,bitmapscan,16,prefetch-simple,io_uring,3,32GB,5.392,63.083,3312.318,651.468
1968,uniform,indexscan,16,prefetch-simple,io_uring,3,32GB,27.316,99.659,10764.356,2149.271
1969,uniform,bitmapscan,0,master,io_uring,3,32GB,0.029,0.52,172.672,6.029
1970,uniform,bitmapscan,1,prefetch-simple,worker,3,32GB,77.29,100.0,5568.187,1279.196
1971,uniform,indexscan,1,prefetch-simple,worker,3,32GB,0.474,8.189,4132.891,43.016
1972,uniform,indexscan,16,prefetch-simple,sync,3,32GB,0.004,0.068,8.365,1.618
1973,uniform,bitmapscan,64,prefetch-complex,sync,3,32GB,18.218,97.326,2673.146,1075.531
1974,uniform,bitmapscan,0,prefetch-simple,worker,3,32GB,0.477,8.251,2873.963,63.016
1975,uniform,indexscan,0,prefetch-complex,worker,3,32GB,18.205,97.302,25112.424,1534.877
1976,uniform,bitmapscan,64,master,worker,12,32GB,0.003,0.053,7.207,1.608
1977,uniform,indexscan,64,prefetch-simple,worker,12,32GB,0.094,1.684,175.965,10.717
1978,uniform,bitmapscan,64,master,worker,3,32GB,0.013,0.237,28.261,3.447
1979,uniform,indexscan,16,prefetch-simple,io_uring,3,32GB,1.06,17.464,2023.151,94.17
1980,uniform,indexscan,1,prefetch-simple,sync,3,32GB,57.294,100.0,42297.375,4504.356
1981,uniform,bitmapscan,1,prefetch-simple,worker,12,32GB,18.193,97.289,5483.598,1089.813
1982,uniform,indexscan,0,prefetch-complex,sync,3,32GB,0.003,0.05,33.114,1.793
1983,uniform,bitmapscan,64,prefetch-complex,sync,3,32GB,0.707,11.996,1205.423,118.687
1984,uniform,bitmapscan,0,master,io_uring,3,32GB,97.312,100.0,5313.82,1350.973
1985,uniform,bitmapscan,0,master,sync,3,32GB,0.019,0.348,122.406,5.699
1986,uniform,indexscan,1,master,io_uring,3,32GB,5.399,63.166,20728.64,522.252
1987,uniform,bitmapscan,0,prefetch-complex,worker,3,32GB,1.067,17.537,5310.598,175.511
1988,uniform,bitmapscan,64,prefetch-complex,io_uring,3,32GB,0.012,0.222,24.994,3.54
1989,uniform,indexscan,1,prefetch-complex,worker,12,32GB,0.004,0.075,38.238,2.174
1990,uniform,bitmapscan,16,master,worker,12,32GB,0.009,0.169,20.316,3.291
1991,uniform,bitmapscan,0,prefetch-complex,sync,3,32GB,37.272,99.976,5401.876,1382.084
1992,uniform,indexscan,0,master,io_uring,3,32GB,18.191,97.288,25589.323,1695.24
1993,uniform,bitmapscan,1,prefetch-simple,sync,3,32GB,0.027,0.492,241.46,5.918
1994,uniform,indexscan,16,master,worker,12,32GB,0.14,2.497,865.917,15.841
1995,uniform,indexscan,64,prefetch-simple,io_uring,3,32GB,77.299,100.0,14208.368,5982.002
1996,uniform,bitmapscan,0,prefetch-simple,io_uring,3,32GB,77.296,100.0,5494.219,1331.303
1997,uniform,bitmapscan,1,prefetch-complex,worker,3,32GB,0.063,1.124,581.892,10.294
1998,uniform,indexscan,1,prefetch-simple,sync,3,32GB,1.067,17.556,8740.002,93.875
1999,uniform,bitmapscan,1,prefetch-simple,io_uring,3,32GB,0.005,0.098,43.328,2.261
2000,uniform,indexscan,64,master,sync,3,32GB,0.095,1.691,676.436,11.058
2001,uniform,bitmapscan,64,prefetch-simple,io_uring,3,32GB,0.013,0.23,25.304,3.295
2002,uniform,bitmapscan,64,master,sync,3,32GB,0.019,0.347,37.776,4.225
2003,uniform,bitmapscan,1,master,worker,3,32GB,87.292,100.0,5621.163,1291.097
2004,uniform,bitmapscan,1,prefetch-simple,io_uring,3,32GB,0.711,12.041,5517.748,118.772
2005,uniform,bitmapscan,1,prefetch-simple,sync,3,32GB,0.004,0.072,32.453,2.098
2006,uniform,bitmapscan,0,master,worker,3,32GB,18.193,97.271,4917.698,1094.201
2007,uniform,bitmapscan,0,master,io_uring,3,32GB,67.305,100.0,5249.911,1327.088
2008,uniform,bitmapscan,1,master,sync,3,32GB,27.282,99.671,5242.82,1143.735
2009,uniform,indexscan,0,prefetch-simple,sync,3,32GB,77.291,100.0,30868.508,6096.422
2010,uniform,bitmapscan,64,prefetch-complex,io_uring,3,32GB,0.064,1.146,183.958,9.92
2011,uniform,bitmapscan,1,prefetch-simple,worker,3,32GB,8.088,78.06,7595.536,826.397
2012,uniform,indexscan,1,prefetch-complex,sync,3,32GB,0.003,0.052,53.105,1.701
2013,uniform,bitmapscan,0,master,io_uring,3,32GB,0.014,0.244,86.058,3.6
2014,uniform,bitmapscan,16,prefetch-simple,worker,12,32GB,12.132,90.229,2636.837,986.268
2015,uniform,bitmapscan,64,master,sync,3,32GB,97.303,100.0,3064.924,1320.528
2016,uniform,indexscan,1,master,worker,12,32GB,27.281,99.681,26617.17,2507.107
2017,uniform,bitmapscan,1,master,io_uring,3,32GB,47.296,99.999,5585.571,1218.308
2018,uniform,bitmapscan,0,prefetch-simple,worker,12,32GB,47.281,99.998,5311.094,1271.364
2019,uniform,indexscan,0,prefetch-complex,worker,12,32GB,0.006,0.108,36.279,2.864
2020,uniform,indexscan,16,prefetch-complex,io_uring,3,32GB,0.013,0.236,28.946,3.261
2021,uniform,bitmapscan,1,prefetch-complex,sync,3,32GB,0.013,0.231,105.471,3.871
2022,uniform,indexscan,64,prefetch-complex,worker,12,32GB,0.002,0.035,5.257,1.474
2023,uniform,bitmapscan,1,prefetch-simple,io_uring,3,32GB,0.003,0.052,39.914,1.685
2024,uniform,bitmapscan,64,prefetch-complex,io_uring,3,32GB,1.069,17.575,1683.958,154.8
2025,uniform,bitmapscan,16,prefetch-complex,io_uring,3,32GB,87.303,100.0,3105.593,1411.572
2026,uniform,bitmapscan,16,prefetch-complex,worker,3,32GB,0.013,0.237,26.392,3.534
2027,uniform,indexscan,64,prefetch-complex,worker,3,32GB,0.027,0.485,53.308,5.245
2028,uniform,bitmapscan,0,prefetch-complex,sync,3,32GB,57.279,100.0,5338.304,1354.407
2029,uniform,indexscan,16,prefetch-complex,sync,3,32GB,0.002,0.035,5.439,1.54
2030,uniform,indexscan,64,prefetch-complex,worker,12,32GB,37.273,99.977,11095.339,2978.923
2031,uniform,indexscan,1,master,worker,12,32GB,0.212,3.747,1407.135,23.051
2032,uniform,indexscan,0,prefetch-complex,io_uring,3,32GB,5.393,63.127,21700.224,503.287
2033,uniform,indexscan,1,master,worker,3,32GB,0.092,1.647,580.122,11.787
2034,uniform,indexscan,1,prefetch-simple,sync,3,32GB,0.475,8.204,4085.353,42.961
2035,uniform,indexscan,0,prefetch-simple,worker,3,32GB,0.004,0.071,24.028,1.772
2036,uniform,bitmapscan,0,prefetch-complex,io_uring,3,32GB,47.27,99.998,5254.971,1312.862
2037,uniform,indexscan,16,prefetch-complex,io_uring,3,32GB,0.143,2.546,304.672,14.917
2038,uniform,bitmapscan,64,prefetch-complex,worker,3,32GB,0.001,0.019,4.622,1.347
2039,uniform,indexscan,0,master,sync,3,32GB,12.127,90.209,24367.521,1120.7
2040,uniform,indexscan,0,master,worker,3,32GB,0.21,3.714,1355.199,22.545
2041,uniform,bitmapscan,0,prefetch-complex,worker,3,32GB,97.312,100.0,5543.24,1450.972
2042,uniform,indexscan,64,master,worker,12,32GB,0.211,3.733,1317.135,22.556
2043,uniform,bitmapscan,16,prefetch-complex,sync,3,32GB,27.286,99.673,2729.019,1167.763
2044,uniform,indexscan,64,prefetch-simple,sync,3,32GB,0.142,2.516,304.725,14.784
2045,uniform,indexscan,1,master,worker,3,32GB,77.305,100.0,30961.997,7086.009
2046,uniform,indexscan,1,master,worker,3,32GB,0.213,3.772,1558.234,22.917
2047,uniform,bitmapscan,64,prefetch-simple,worker,3,32GB,77.296,100.0,2952.481,1271.674
2048,uniform,indexscan,1,master,sync,3,32GB,1.064,17.535,6785.56,102.003
2049,uniform,indexscan,0,master,worker,12,32GB,0.029,0.513,197.04,6.414
2050,uniform,bitmapscan,0,master,io_uring,3,32GB,0.006,0.111,36.352,2.413
2051,uniform,indexscan,0,prefetch-complex,sync,3,32GB,27.286,99.673,27028.582,2232.909
2052,uniform,indexscan,0,master,worker,12,32GB,0.711,12.064,4156.53,74.004
2053,uniform,bitmapscan,1,master,worker,3,32GB,0.013,0.231,104.801,3.516
2054,uniform,indexscan,16,prefetch-simple,worker,12,32GB,27.286,99.681,10335.945,2184.798
2055,uniform,indexscan,64,prefetch-complex,worker,3,32GB,0.042,0.751,84.438,6.14
2056,uniform,bitmapscan,0,prefetch-simple,sync,3,32GB,0.209,3.685,1261.767,27.452
2057,uniform,bitmapscan,0,prefetch-simple,io_uring,3,32GB,5.385,63.019,10634.827,706.487
2058,uniform,bitmapscan,0,prefetch-simple,worker,3,32GB,8.093,78.087,6017.902,878.115
2059,uniform,bitmapscan,16,prefetch-complex,sync,3,32GB,8.098,78.165,2606.698,832.953
2060,uniform,bitmapscan,16,prefetch-simple,io_uring,3,32GB,0.02,0.355,37.185,4.697
2061,uniform,bitmapscan,0,master,sync,3,32GB,0.044,0.785,258.498,8.341
2062,uniform,indexscan,16,master,io_uring,3,32GB,0.002,0.034,24.386,1.338
2063,uniform,indexscan,0,prefetch-complex,io_uring,3,32GB,0.095,1.703,585.024,11.821
2064,uniform,bitmapscan,64,master,worker,3,32GB,0.064,1.146,125.741,10.746
2065,uniform,indexscan,64,prefetch-complex,sync,3,32GB,0.003,0.054,7.687,1.71
2066,uniform,indexscan,16,prefetch-simple,io_uring,3,32GB,18.196,97.304,9060.796,1454.148
2067,uniform,indexscan,0,prefetch-complex,worker,3,32GB,2.393,35.337,13401.254,233.363
2068,uniform,bitmapscan,16,master,worker,12,32GB,0.094,1.68,181.569,13.604
2069,uniform,indexscan,0,prefetch-complex,worker,3,32GB,0.009,0.157,65.548,3.194
2070,uniform,indexscan,0,prefetch-simple,worker,12,32GB,0.004,0.07,24.911,1.809
2071,uniform,bitmapscan,0,prefetch-simple,worker,3,32GB,0.14,2.487,893.632,21.126
2072,uniform,indexscan,1,master,worker,3,32GB,18.196,97.3,25327.164,1688.61
2073,uniform,indexscan,0,prefetch-complex,sync,3,32GB,1.603,25.241,9606.51,163.046
2074,uniform,indexscan,16,prefetch-simple,worker,12,32GB,0.063,1.133,123.722,7.886
2075,uniform,indexscan,0,prefetch-simple,io_uring,3,32GB,57.277,100.0,30480.289,4501.551
2076,uniform,bitmapscan,64,prefetch-simple,io_uring,3,32GB,0.209,3.691,388.107,27.993
2077,uniform,bitmapscan,1,master,worker,12,32GB,0.019,0.332,144.47,4.493
2078,uniform,bitmapscan,1,prefetch-complex,worker,12,32GB,0.062,1.113,530.881,9.777
2079,uniform,indexscan,1,prefetch-complex,sync,3,32GB,0.312,5.466,2847.721,29.219
2080,uniform,indexscan,1,prefetch-complex,io_uring,3,32GB,97.304,100.0,45512.332,7526.482
2081,uniform,bitmapscan,16,master,worker,3,32GB,0.711,12.07,1353.486,117.913
2082,uniform,indexscan,0,prefetch-simple,worker,3,32GB,0.001,0.016,6.542,1.1
2083,uniform,indexscan,1,prefetch-complex,worker,12,32GB,57.273,100.0,42698.326,4478.52
2084,uniform,bitmapscan,0,prefetch-simple,worker,12,32GB,0.093,1.669,560.131,14.361
2085,uniform,indexscan,64,master,worker,12,32GB,77.305,100.0,31050.328,6971.076
2086,uniform,indexscan,64,prefetch-simple,worker,3,32GB,0.143,2.545,289.895,15.69
2087,uniform,bitmapscan,0,prefetch-simple,sync,3,32GB,37.32,99.979,5243.229,1204.539
2088,uniform,bitmapscan,16,prefetch-complex,worker,3,32GB,2.402,35.452,2933.624,355.868
2089,uniform,indexscan,1,prefetch-simple,sync,3,32GB,27.293,99.659,41021.526,2173.52
2090,uniform,bitmapscan,0,prefetch-complex,worker,12,32GB,0.474,8.196,2739.082,63.874
2091,uniform,bitmapscan,1,prefetch-complex,worker,12,32GB,87.287,100.0,5885.437,1393.33
2092,uniform,bitmapscan,16,prefetch-complex,worker,3,32GB,0.004,0.07,9.934,2.282
2093,uniform,indexscan,0,prefetch-complex,io_uring,3,32GB,67.302,100.0,30108.098,5296.302
2094,uniform,bitmapscan,64,master,worker,3,32GB,37.275,99.977,2803.876,1199.623
2095,uniform,indexscan,0,prefetch-complex,sync,3,32GB,0.009,0.159,56.884,2.849
2096,uniform,indexscan,1,prefetch-simple,sync,3,32GB,0.71,12.038,5917.342,62.703
2097,uniform,bitmapscan,16,prefetch-complex,sync,3,32GB,1.067,17.574,1896.945,155.014
2098,uniform,indexscan,1,prefetch-complex,worker,12,32GB,1.6,25.204,12398.441,140.274
2099,uniform,indexscan,16,prefetch-simple,io_uring,3,32GB,47.291,99.999,12027.331,3748.019
2100,uniform,indexscan,64,prefetch-simple,worker,3,32GB,77.304,100.0,14027.785,6007.066
2101,uniform,indexscan,0,prefetch-simple,worker,12,32GB,57.287,100.0,28884.26,4491.109
2102,uniform,indexscan,1,prefetch-complex,io_uring,3,32GB,0.009,0.165,75.151,2.985
2103,uniform,indexscan,16,prefetch-simple,sync,3,32GB,37.29,99.976,11142.665,2925.262
2104,uniform,indexscan,16,prefetch-complex,worker,12,32GB,18.193,97.313,9068.771,1469.335
2105,uniform,bitmapscan,64,prefetch-complex,sync,3,32GB,0.141,2.496,306.545,17.988
2106,uniform,bitmapscan,64,master,worker,3,32GB,18.183,97.282,2640.569,1079.999
2107,uniform,indexscan,64,prefetch-simple,worker,3,32GB,0.003,0.055,87.762,1.918
2108,uniform,indexscan,64,prefetch-complex,io_uring,3,32GB,3.584,48.205,5401.47,308.047
2109,uniform,indexscan,1,prefetch-complex,sync,3,32GB,57.277,100.0,43119.659,4485.453
2110,uniform,bitmapscan,1,prefetch-complex,io_uring,3,32GB,0.013,0.24,120.831,3.973
2111,uniform,bitmapscan,64,prefetch-complex,worker,3,32GB,0.009,0.158,19.558,2.898
2112,uniform,bitmapscan,0,prefetch-complex,io_uring,3,32GB,27.284,99.678,5068.27,1199.829
2113,uniform,indexscan,0,prefetch-complex,sync,3,32GB,12.135,90.258,24424.206,1038.853
2114,uniform,bitmapscan,64,master,sync,3,32GB,1.059,17.436,1787.907,157.173
2115,uniform,indexscan,1,prefetch-complex,io_uring,3,32GB,87.292,100.0,44243.316,6961.36
2116,uniform,indexscan,0,prefetch-simple,worker,3,32GB,0.712,12.077,4185.527,74.883
2117,uniform,indexscan,0,master,sync,3,32GB,47.273,100.0,28508.549,4339.054
2118,uniform,indexscan,0,master,worker,12,32GB,2.404,35.458,12576.823,239.989
2119,uniform,bitmapscan,1,prefetch-simple,io_uring,3,32GB,8.097,78.169,7969.635,849.205
2120,uniform,indexscan,1,master,sync,3,32GB,27.29,99.674,26500.75,2511.465
2121,uniform,indexscan,16,master,sync,3,32GB,27.289,99.672,26568.674,2493.256
2122,uniform,indexscan,64,master,io_uring,3,32GB,0.029,0.514,182.593,5.29
2123,uniform,bitmapscan,64,prefetch-simple,worker,12,32GB,2.4,35.417,2857.422,353.942
2124,uniform,bitmapscan,64,prefetch-simple,worker,12,32GB,5.395,63.078,3518.206,666.924
2125,uniform,indexscan,0,prefetch-simple,sync,3,32GB,0.042,0.747,258.306,7.746
2126,uniform,bitmapscan,1,master,sync,3,32GB,0.028,0.505,312.981,6.808
2127,uniform,indexscan,16,master,worker,3,32GB,0.475,8.216,2884.858,52.717
2128,uniform,bitmapscan,1,prefetch-complex,worker,3,32GB,37.32,99.978,5536.912,1251.02
2129,uniform,indexscan,1,prefetch-complex,io_uring,3,32GB,18.198,97.288,38712.338,1471.189
2130,uniform,indexscan,1,prefetch-complex,io_uring,3,32GB,8.091,78.048,34467.906,678.504
2131,uniform,bitmapscan,64,master,io_uring,3,32GB,2.406,35.471,2840.951,348.754
2132,uniform,indexscan,16,prefetch-complex,sync,3,32GB,0.042,0.761,95.133,6.62
2133,uniform,indexscan,16,master,worker,3,32GB,67.303,100.0,30261.548,6154.687
2134,uniform,indexscan,16,prefetch-simple,io_uring,3,32GB,57.305,100.0,12580.624,4550.772
2135,uniform,indexscan,16,prefetch-simple,io_uring,3,32GB,0.14,2.481,364.535,15.976
2136,uniform,bitmapscan,64,master,worker,12,32GB,67.279,100.0,2897.582,1264.929
2137,uniform,indexscan,16,prefetch-simple,worker,12,32GB,57.293,100.0,13118.285,4431.765
2138,uniform,bitmapscan,16,prefetch-complex,sync,3,32GB,0.013,0.232,25.829,3.516
2139,uniform,indexscan,64,master,worker,3,32GB,0.004,0.072,57.125,1.792
2140,uniform,bitmapscan,64,master,worker,3,32GB,12.144,90.235,2645.637,961.216
2141,uniform,bitmapscan,0,master,worker,12,32GB,0.01,0.175,62.619,3.246
2142,uniform,indexscan,16,prefetch-simple,worker,3,32GB,0.002,0.034,5.275,1.281
2143,uniform,indexscan,16,prefetch-complex,io_uring,3,32GB,57.279,100.0,12532.381,4539.185
2144,uniform,bitmapscan,1,master,worker,12,32GB,0.001,0.017,9.317,1.106
2145,uniform,indexscan,1,prefetch-simple,sync,3,32GB,0.064,1.142,547.11,8.377
2146,uniform,indexscan,64,master,sync,3,32GB,0.211,3.734,1296.671,26.333
2147,uniform,indexscan,16,master,worker,3,32GB,0.028,0.496,180.58,5.338
2148,uniform,bitmapscan,1,prefetch-complex,io_uring,3,32GB,0.143,2.553,1299.384,19.51
2149,uniform,bitmapscan,16,master,io_uring,3,32GB,1.066,17.536,1876.532,154.229
2150,uniform,indexscan,16,master,worker,3,32GB,8.095,78.129,23689.491,751.793
2151,uniform,indexscan,64,prefetch-simple,io_uring,3,32GB,47.283,99.998,13003.963,3757.98
2152,uniform,bitmapscan,0,master,worker,12,32GB,0.093,1.666,606.306,14.215
2153,uniform,indexscan,64,master,sync,3,32GB,47.285,99.999,29692.774,4308.278
2154,uniform,bitmapscan,16,prefetch-simple,io_uring,3,32GB,27.28,99.674,2767.187,1151.588
2155,uniform,indexscan,16,prefetch-complex,sync,3,32GB,0.064,1.149,153.215,8.279
2156,uniform,bitmapscan,1,prefetch-complex,sync,3,32GB,57.29,100.0,5688.206,1328.284
2157,uniform,bitmapscan,16,prefetch-complex,sync,3,32GB,0.095,1.689,217.853,14.417
2158,uniform,bitmapscan,16,prefetch-simple,worker,12,32GB,47.272,99.999,2830.66,1246.618
2159,uniform,indexscan,64,master,worker,3,32GB,1.064,17.513,6574.326,104.389
2160,uniform,indexscan,1,prefetch-complex,worker,12,32GB,5.394,63.135,30683.585,463.866
2161,uniform,indexscan,64,prefetch-complex,worker,12,32GB,77.296,100.0,14114.629,6234.86
2162,uniform,indexscan,1,master,io_uring,3,32GB,2.405,35.466,12658.631,233.869
2163,uniform,bitmapscan,16,master,sync,3,32GB,77.292,100.0,2950.467,1307.04
2164,uniform,indexscan,64,master,worker,3,32GB,27.308,99.659,26199.766,2525.89
2165,uniform,indexscan,16,prefetch-simple,sync,3,32GB,0.708,12.001,1360.262,66.833
2166,uniform,indexscan,64,prefetch-complex,worker,12,32GB,1.062,17.494,1992.731,94.943
2167,uniform,bitmapscan,16,prefetch-complex,io_uring,3,32GB,0.041,0.746,81.118,7.989
2168,uniform,indexscan,0,prefetch-simple,worker,12,32GB,18.189,97.267,25281.606,1501.47
2169,uniform,bitmapscan,0,prefetch-simple,worker,12,32GB,0.062,1.104,391.534,10.031
2170,uniform,bitmapscan,1,prefetch-simple,worker,3,32GB,2.4,35.389,12274.567,354.732
2171,uniform,indexscan,16,prefetch-complex,worker,3,32GB,2.4,35.406,4095.686,213.116
2172,uniform,indexscan,64,prefetch-simple,worker,3,32GB,97.308,100.0,16571.031,7613.26
2173,uniform,bitmapscan,0,master,worker,3,32GB,3.608,48.453,10978.856,571.016
2174,uniform,bitmapscan,16,master,worker,3,32GB,0.002,0.039,5.776,1.397
2175,uniform,indexscan,0,prefetch-simple,worker,3,32GB,77.298,100.0,30125.145,6040.842
2176,uniform,bitmapscan,1,prefetch-simple,worker,3,32GB,0.006,0.109,51.097,2.361
2177,uniform,bitmapscan,0,prefetch-complex,worker,3,32GB,8.093,78.086,5901.461,884.364
2178,uniform,bitmapscan,1,prefetch-complex,io_uring,3,32GB,0.002,0.04,17.514,1.652
2179,uniform,bitmapscan,16,master,worker,3,32GB,0.093,1.661,179.002,13.492
2180,uniform,bitmapscan,1,prefetch-complex,worker,3,32GB,0.013,0.232,140.474,4.006
2181,uniform,bitmapscan,1,prefetch-complex,worker,3,32GB,87.312,100.0,5692.55,1397.462
2182,uniform,indexscan,0,master,io_uring,3,32GB,0.043,0.769,330.838,7.17
2183,uniform,indexscan,0,master,worker,3,32GB,0.044,0.784,323.134,6.723
2184,uniform,bitmapscan,64,prefetch-complex,worker,3,32GB,1.068,17.579,1726.544,155.797
2185,uniform,indexscan,64,master,sync,3,32GB,2.404,35.458,12809.651,228.857
2186,uniform,indexscan,0,master,sync,3,32GB,1.6,25.213,9058.144,156.838
2187,uniform,bitmapscan,1,prefetch-complex,worker,12,32GB,0.716,12.131,5238.747,120.446
2188,uniform,indexscan,64,prefetch-complex,sync,3,32GB,0.208,3.677,406.131,21.422
2189,uniform,indexscan,1,prefetch-simple,io_uring,3,32GB,0.009,0.164,81.791,2.86
2190,uniform,indexscan,1,master,sync,3,32GB,0.001,0.019,7.597,1.139
2191,uniform,indexscan,64,prefetch-complex,sync,3,32GB,5.398,63.108,6594.378,468.842
2192,uniform,bitmapscan,1,prefetch-simple,io_uring,3,32GB,12.156,90.361,5950.705,969.794
2193,uniform,indexscan,1,prefetch-simple,worker,12,32GB,57.28,100.0,42078.064,4485.086
2194,uniform,indexscan,64,prefetch-simple,worker,12,32GB,0.004,0.074,19.675,1.806
2195,uniform,indexscan,0,prefetch-complex,worker,12,32GB,0.019,0.334,125.022,4.376
2196,uniform,bitmapscan,0,prefetch-complex,worker,3,32GB,18.19,97.271,5060.035,1109.38
2197,uniform,indexscan,64,master,io_uring,3,32GB,77.295,100.0,30783.391,7051.262
2198,uniform,indexscan,16,master,io_uring,3,32GB,27.283,99.68,27790.545,2512.626
2199,uniform,indexscan,0,prefetch-simple,worker,3,32GB,37.319,99.978,26895.353,3016.209
2200,uniform,bitmapscan,16,master,io_uring,3,32GB,87.312,100.0,3015.716,1314.257
2201,uniform,bitmapscan,1,prefetch-complex,sync,3,32GB,0.009,0.162,89.393,3.191
2202,uniform,bitmapscan,64,master,sync,3,32GB,67.285,100.0,2934.437,1268.976
2203,uniform,bitmapscan,0,prefetch-complex,worker,3,32GB,0.004,0.066,22.691,1.985
2204,uniform,indexscan,16,master,sync,3,32GB,12.136,90.171,24302.587,1118.473
2205,uniform,indexscan,64,prefetch-complex,worker,3,32GB,0.142,2.535,275.982,15.796
2206,uniform,indexscan,64,prefetch-complex,worker,3,32GB,87.301,100.0,14848.718,6754.459
2207,uniform,bitmapscan,1,prefetch-complex,io_uring,3,32GB,27.277,99.673,5496.142,1181.26
2208,uniform,indexscan,16,prefetch-simple,sync,3,32GB,0.002,0.032,5.39,1.299
2209,uniform,indexscan,1,master,io_uring,3,32GB,0.317,5.547,2057.167,31.504
2210,uniform,indexscan,0,master,io_uring,3,32GB,0.009,0.155,88.681,2.674
2211,uniform,indexscan,16,prefetch-simple,worker,12,32GB,0.095,1.698,230.77,11.219
2212,uniform,indexscan,16,prefetch-complex,io_uring,3,32GB,0.473,8.202,945.948,43.598
2213,uniform,indexscan,0,prefetch-simple,worker,3,32GB,0.094,1.676,670.167,12.069
2214,uniform,indexscan,16,prefetch-simple,worker,12,32GB,0.712,12.07,1358.667,63.514
2215,uniform,bitmapscan,16,master,worker,3,32GB,8.083,77.989,2585.388,831.308
2216,uniform,indexscan,1,prefetch-complex,worker,12,32GB,37.289,99.98,40394.814,2945.333
2217,uniform,bitmapscan,64,prefetch-complex,worker,3,32GB,1.598,25.161,2311.384,265.8
2218,uniform,bitmapscan,64,prefetch-complex,worker,3,32GB,77.288,100.0,3020.317,1397.252
2219,uniform,indexscan,16,prefetch-simple,io_uring,3,32GB,2.401,35.408,3969.565,206.069
2220,uniform,indexscan,1,prefetch-complex,sync,3,32GB,8.094,78.075,33568.739,684.077
2221,uniform,indexscan,16,master,sync,3,32GB,0.013,0.238,76.693,3.345
2222,uniform,indexscan,0,master,worker,12,32GB,0.141,2.517,905.387,15.807
2223,uniform,indexscan,0,master,worker,3,32GB,67.306,100.0,30944.992,6160.8
2224,uniform,indexscan,64,prefetch-complex,sync,3,32GB,0.095,1.691,184.07,11.526
2225,uniform,indexscan,1,master,io_uring,3,32GB,12.133,90.198,24650.185,1131.348
2226,uniform,indexscan,1,master,io_uring,3,32GB,0.042,0.759,258.034,6.737
2227,uniform,bitmapscan,64,master,worker,12,32GB,27.277,99.678,2698.041,1144.126
2228,uniform,indexscan,0,prefetch-simple,worker,12,32GB,0.473,8.168,3167.533,48.022
2229,uniform,bitmapscan,0,prefetch-complex,io_uring,3,32GB,57.306,100.0,5224.359,1330.688
2230,uniform,bitmapscan,64,prefetch-complex,sync,3,32GB,8.085,78.052,2549.553,834.835
2231,uniform,bitmapscan,16,master,sync,3,32GB,0.472,8.163,877.146,55.726
2232,uniform,bitmapscan,0,prefetch-complex,io_uring,3,32GB,0.477,8.249,2629.422,65.251
2233,uniform,indexscan,64,master,worker,3,32GB,0.003,0.057,19.464,1.736
2234,uniform,indexscan,16,prefetch-simple,sync,3,32GB,0.042,0.76,83.455,5.942
2235,uniform,indexscan,16,prefetch-complex,sync,3,32GB,1.069,17.605,2037.036,95.285
2236,uniform,bitmapscan,0,master,sync,3,32GB,0.316,5.534,1903.392,43.733
2237,uniform,indexscan,0,prefetch-complex,worker,3,32GB,0.028,0.508,202.468,5.954
2238,uniform,indexscan,64,prefetch-simple,sync,3,32GB,0.709,11.999,1373.151,62.78
2239,uniform,indexscan,16,master,io_uring,3,32GB,37.275,99.978,27532.504,3437.192
2240,uniform,indexscan,1,prefetch-simple,io_uring,3,32GB,87.306,100.0,44480.203,6838.374
2241,uniform,indexscan,0,prefetch-simple,worker,3,32GB,67.303,100.0,29131.376,5359.225
2242,uniform,indexscan,0,master,worker,12,32GB,87.314,100.0,31737.254,8081.265
2243,uniform,indexscan,64,prefetch-complex,sync,3,32GB,0.019,0.346,67.805,3.915
2244,uniform,bitmapscan,64,prefetch-simple,worker,12,32GB,0.006,0.109,12.986,2.263
2245,uniform,bitmapscan,0,master,worker,3,32GB,0.475,8.219,2807.74,60.529
2246,uniform,bitmapscan,0,master,io_uring,3,32GB,57.305,100.0,5300.094,1264.255
2247,uniform,bitmapscan,0,prefetch-simple,sync,3,32GB,0.064,1.14,394.363,10.212
2248,uniform,indexscan,1,prefetch-simple,worker,12,32GB,5.407,63.233,29803.908,452.243
2249,uniform,bitmapscan,0,prefetch-simple,io_uring,3,32GB,0.001,0.018,9.597,1.159
2250,uniform,bitmapscan,16,prefetch-complex,worker,12,32GB,0.064,1.138,118.025,9.358
2251,uniform,bitmapscan,0,prefetch-simple,sync,3,32GB,0.474,8.211,2661.051,60.347
2252,uniform,bitmapscan,0,master,worker,12,32GB,8.088,78.101,6067.697,860.76
2253,uniform,bitmapscan,1,master,io_uring,3,32GB,0.315,5.516,2537.639,39.817
2254,uniform,bitmapscan,64,prefetch-simple,sync,3,32GB,47.298,99.999,2810.922,1218.04
2255,uniform,bitmapscan,1,master,worker,3,32GB,0.009,0.164,70.332,2.916
2256,uniform,indexscan,16,prefetch-simple,sync,3,32GB,0.003,0.052,7.024,1.531
2257,uniform,indexscan,1,master,worker,12,32GB,0.004,0.069,31.305,1.711
2258,uniform,bitmapscan,16,prefetch-complex,worker,3,32GB,12.128,90.214,2665.786,983.4
2259,uniform,indexscan,16,prefetch-simple,worker,3,32GB,27.288,99.673,10251.017,2175.517
2260,uniform,bitmapscan,1,master,io_uring,3,32GB,1.073,17.651,7414.247,156.881
2261,uniform,indexscan,1,master,worker,3,32GB,0.712,12.07,4225.892,73.905
2262,uniform,indexscan,16,prefetch-simple,sync,3,32GB,0.019,0.34,39.079,3.764
2263,uniform,indexscan,1,master,worker,12,32GB,0.093,1.66,585.032,12.562
2264,uniform,bitmapscan,1,prefetch-simple,sync,3,32GB,0.006,0.106,62.669,2.345
2265,uniform,indexscan,0,prefetch-simple,worker,12,32GB,0.019,0.346,114.752,4.37
2266,uniform,bitmapscan,0,prefetch-simple,io_uring,3,32GB,2.402,35.465,8719.875,377.04
2267,uniform,bitmapscan,0,prefetch-simple,sync,3,32GB,1.065,17.522,5620.665,169.847
2268,uniform,bitmapscan,16,prefetch-complex,sync,3,32GB,0.313,5.471,607.247,39.549
2269,uniform,bitmapscan,0,prefetch-simple,sync,3,32GB,0.013,0.23,95.168,3.631
2270,uniform,bitmapscan,64,master,worker,3,32GB,0.096,1.708,208.881,13.199
2271,uniform,bitmapscan,1,master,sync,3,32GB,0.064,1.146,522.553,9.899
2272,uniform,bitmapscan,64,prefetch-complex,worker,12,32GB,2.393,35.375,2855.896,353.781
2273,uniform,bitmapscan,0,prefetch-simple,worker,3,32GB,12.127,90.229,4844.446,1010.757
2274,uniform,bitmapscan,0,prefetch-complex,sync,3,32GB,0.14,2.485,946.752,21.42
2275,uniform,indexscan,1,master,sync,3,32GB,0.013,0.235,84.066,3.239
2276,uniform,bitmapscan,1,master,worker,12,32GB,67.279,100.0,5425.371,1289.36
2277,uniform,indexscan,64,prefetch-complex,worker,12,32GB,8.093,78.091,7245.013,676.683
2278,uniform,bitmapscan,1,prefetch-complex,worker,12,32GB,1.071,17.58,7352.27,155.476
2279,uniform,indexscan,64,master,io_uring,3,32GB,0.318,5.572,2091.264,33.827
2280,uniform,indexscan,1,prefetch-complex,worker,12,32GB,1.069,17.572,8716.433,95.378
2281,uniform,bitmapscan,16,prefetch-complex,worker,12,32GB,1.071,17.637,1751.506,155.218
2282,uniform,bitmapscan,64,prefetch-simple,worker,12,32GB,0.142,2.53,321.452,19.138
2283,uniform,bitmapscan,16,prefetch-complex,sync,3,32GB,1.606,25.25,2363.024,258.931
2284,uniform,bitmapscan,1,prefetch-simple,io_uring,3,32GB,57.295,100.0,5465.965,1261.351
2285,uniform,bitmapscan,64,prefetch-simple,io_uring,3,32GB,0.093,1.66,171.553,14.248
2286,uniform,indexscan,64,prefetch-simple,sync,3,32GB,0.211,3.732,487.295,21.714
2287,uniform,bitmapscan,16,master,io_uring,3,32GB,67.298,100.0,2912.126,1271.827
2288,uniform,bitmapscan,16,prefetch-complex,worker,3,32GB,77.294,100.0,3033.83,1361.952
2289,uniform,indexscan,1,prefetch-complex,worker,12,32GB,0.027,0.49,624.91,5.069
2290,uniform,bitmapscan,1,prefetch-simple,worker,3,32GB,0.212,3.76,1738.474,26.855
2291,uniform,indexscan,16,prefetch-complex,worker,3,32GB,67.298,100.0,13564.305,5214.712
2292,uniform,bitmapscan,0,master,io_uring,3,32GB,0.212,3.754,1209.668,28.619
2293,uniform,bitmapscan,16,prefetch-complex,io_uring,3,32GB,77.301,100.0,3058.445,1381.483
2294,uniform,indexscan,1,master,worker,3,32GB,0.01,0.175,56.402,3.336
2295,uniform,indexscan,0,prefetch-complex,worker,3,32GB,0.006,0.112,42.223,2.382
2296,uniform,indexscan,64,prefetch-simple,worker,12,32GB,27.285,99.676,10032.581,2182.391
2297,uniform,bitmapscan,16,prefetch-complex,sync,3,32GB,0.002,0.035,5.496,1.504
2298,uniform,indexscan,1,prefetch-simple,worker,12,32GB,0.473,8.185,4195.995,42.332
2299,uniform,indexscan,0,master,worker,3,32GB,18.205,97.298,25635.393,1669.705
2300,uniform,bitmapscan,64,master,worker,12,32GB,0.316,5.529,639.648,40.899
2301,uniform,indexscan,1,master,sync,3,32GB,0.002,0.037,12.979,1.427
2302,uniform,bitmapscan,16,prefetch-simple,sync,3,32GB,37.298,99.98,2787.931,1182.027
2303,uniform,indexscan,1,master,worker,3,32GB,0.003,0.049,17.892,1.443
2304,uniform,bitmapscan,64,prefetch-complex,io_uring,3,32GB,0.028,0.504,88.549,6.338
2305,uniform,bitmapscan,64,prefetch-complex,io_uring,3,32GB,0.003,0.055,7.615,1.8
2306,uniform,bitmapscan,1,prefetch-simple,worker,3,32GB,0.063,1.129,588.893,9.693
2307,uniform,bitmapscan,1,master,worker,12,32GB,3.585,48.214,13720.278,511.767
2308,uniform,bitmapscan,64,prefetch-simple,worker,12,32GB,0.019,0.338,36.165,4.359
2309,uniform,indexscan,0,prefetch-simple,worker,3,32GB,2.403,35.457,12273.968,228.16
2310,uniform,bitmapscan,64,prefetch-simple,io_uring,3,32GB,0.315,5.525,634.152,39.562
2311,uniform,indexscan,0,prefetch-complex,worker,3,32GB,87.302,100.0,31131.886,6863.996
2312,uniform,bitmapscan,16,prefetch-simple,worker,12,32GB,0.064,1.138,124.559,9.441
2313,uniform,bitmapscan,0,master,sync,3,32GB,57.278,100.0,5371.736,1298.555
2314,uniform,bitmapscan,64,prefetch-simple,worker,12,32GB,37.286,99.98,2755.77,1196.989
2315,uniform,indexscan,64,master,sync,3,32GB,18.197,97.296,25453.616,1685.898
2316,uniform,indexscan,64,prefetch-simple,io_uring,3,32GB,12.125,90.232,8099.793,1015.014
2317,uniform,bitmapscan,64,prefetch-complex,worker,3,32GB,0.041,0.731,79.214,7.403
2318,uniform,bitmapscan,16,master,worker,12,32GB,0.474,8.175,825.911,55.031
2319,uniform,bitmapscan,16,master,worker,12,32GB,0.042,0.75,83.142,7.691
2320,uniform,indexscan,16,prefetch-simple,worker,3,32GB,97.3,100.0,15860.021,7590.703
2321,uniform,indexscan,1,master,worker,3,32GB,0.002,0.036,14.845,1.374
2322,uniform,bitmapscan,1,prefetch-simple,worker,3,32GB,0.042,0.745,346.195,8.18
2323,uniform,bitmapscan,1,prefetch-simple,io_uring,3,32GB,77.295,100.0,5476.628,1268.517
2324,uniform,indexscan,64,prefetch-complex,worker,3,32GB,0.479,8.278,1008.817,43.845
2325,uniform,indexscan,0,master,worker,12,32GB,18.202,97.317,24986.926,1671.719
2326,uniform,bitmapscan,64,prefetch-simple,worker,12,32GB,0.712,12.075,1362.851,115.187
2327,uniform,indexscan,1,prefetch-complex,io_uring,3,32GB,0.019,0.337,178.374,4.306
2328,uniform,indexscan,0,prefetch-complex,io_uring,3,32GB,0.709,12.04,4356.238,69.788
2329,uniform,indexscan,0,prefetch-simple,io_uring,3,32GB,0.028,0.495,161.935,5.207
2330,uniform,indexscan,64,prefetch-simple,worker,3,32GB,0.012,0.224,24.285,3.175
2331,uniform,bitmapscan,16,master,worker,12,32GB,0.002,0.037,6.253,1.365
2332,uniform,indexscan,16,prefetch-simple,worker,3,32GB,0.01,0.173,19.797,2.836
2333,uniform,bitmapscan,1,prefetch-complex,io_uring,3,32GB,2.406,35.475,11983.981,351.93
2334,uniform,indexscan,16,master,worker,3,32GB,18.201,97.289,24937.722,1681.316
2335,uniform,bitmapscan,16,prefetch-complex,worker,3,32GB,87.3,100.0,3155.312,1419.334
2336,uniform,indexscan,64,master,worker,12,32GB,0.006,0.113,47.259,2.402
2337,uniform,bitmapscan,16,prefetch-simple,worker,12,32GB,0.013,0.231,25.407,3.388
2338,uniform,indexscan,0,prefetch-simple,sync,3,32GB,37.276,99.976,27386.813,3012.977
2339,uniform,indexscan,1,prefetch-simple,worker,3,32GB,12.142,90.255,38475.851,995.738
2340,uniform,bitmapscan,64,prefetch-simple,io_uring,3,32GB,0.009,0.164,19.748,3.249
2341,uniform,bitmapscan,0,master,io_uring,3,32GB,0.473,8.19,2694.049,60.995
2342,uniform,indexscan,16,prefetch-complex,io_uring,3,32GB,0.019,0.34,41.759,3.873
2343,uniform,bitmapscan,64,prefetch-complex,worker,12,32GB,5.39,63.06,3312.758,666.859
2344,uniform,indexscan,16,prefetch-simple,worker,12,32GB,0.142,2.515,281.343,14.711
2345,uniform,indexscan,16,prefetch-simple,worker,3,32GB,0.139,2.47,307.742,14.318
2346,uniform,bitmapscan,64,master,worker,12,32GB,18.196,97.279,2641.129,1068.146
2347,uniform,indexscan,1,master,worker,12,32GB,0.028,0.496,157.889,5.063
2348,uniform,indexscan,16,master,worker,12,32GB,1.065,17.545,6091.807,102.774
2349,uniform,indexscan,64,prefetch-simple,worker,3,32GB,18.187,97.286,8912.284,1458.219
2350,uniform,indexscan,16,prefetch-simple,io_uring,3,32GB,0.019,0.337,40.413,4.002
2351,uniform,bitmapscan,64,prefetch-complex,io_uring,3,32GB,0.004,0.066,9.868,2.32
2352,uniform,bitmapscan,16,master,sync,3,32GB,0.019,0.339,35.94,4.227
2353,uniform,indexscan,64,master,io_uring,3,32GB,0.714,12.115,4135.899,67.932
2354,uniform,indexscan,1,prefetch-simple,io_uring,3,32GB,37.272,99.976,41744.685,2922.947
2355,uniform,indexscan,64,prefetch-simple,sync,3,32GB,1.065,17.527,2065.971,93.772
2356,uniform,indexscan,64,prefetch-complex,io_uring,3,32GB,1.608,25.319,2860.483,140.018
2357,uniform,bitmapscan,0,master,worker,3,32GB,47.294,99.999,5245.944,1257.763
2358,uniform,bitmapscan,1,master,io_uring,3,32GB,37.276,99.976,5415.339,1195.302
2359,uniform,indexscan,64,prefetch-complex,sync,3,32GB,67.302,100.0,13122.863,5301.712
2360,uniform,bitmapscan,64,prefetch-simple,worker,12,32GB,47.294,99.999,2774.497,1229.294
2361,uniform,indexscan,64,prefetch-simple,sync,3,32GB,0.001,0.018,3.664,1.144
2362,uniform,indexscan,0,master,io_uring,3,32GB,0.213,3.764,1375.205,22.651
2363,uniform,indexscan,16,master,worker,3,32GB,0.02,0.366,126.075,4.321
2364,uniform,bitmapscan,64,prefetch-complex,worker,12,32GB,0.092,1.645,173.364,14.1
2365,uniform,indexscan,16,prefetch-complex,worker,12,32GB,77.291,100.0,14718.638,6160.784
2366,uniform,indexscan,16,prefetch-complex,worker,12,32GB,3.609,48.462,5317.965,311.576
2367,uniform,indexscan,1,master,worker,12,32GB,12.13,90.216,24491.713,1141.878
2368,uniform,bitmapscan,16,prefetch-simple,worker,12,32GB,0.092,1.65,192.079,14.574
2369,uniform,indexscan,1,prefetch-simple,sync,3,32GB,12.156,90.354,36390.717,976.802
2370,uniform,indexscan,1,prefetch-complex,worker,12,32GB,0.062,1.116,505.84,8.099
2371,uniform,indexscan,0,prefetch-complex,worker,3,32GB,0.002,0.033,11.661,1.454
2372,uniform,indexscan,16,prefetch-complex,worker,3,32GB,0.315,5.523,681.602,30.899
2373,uniform,bitmapscan,64,prefetch-complex,worker,3,32GB,0.063,1.126,130.294,9.638
2374,uniform,bitmapscan,0,master,worker,3,32GB,1.598,25.181,7357.367,271.748
2375,uniform,bitmapscan,64,prefetch-simple,io_uring,3,32GB,0.019,0.347,42.785,4.465
2376,uniform,bitmapscan,1,master,io_uring,3,32GB,0.003,0.054,30.834,1.65
2377,uniform,bitmapscan,16,prefetch-simple,sync,3,32GB,0.319,5.606,669.285,39.92
2378,uniform,bitmapscan,64,prefetch-simple,sync,3,32GB,0.028,0.496,65.258,5.445
2379,uniform,indexscan,1,prefetch-complex,worker,3,32GB,0.093,1.657,825.797,11.419
2380,uniform,indexscan,16,prefetch-simple,io_uring,3,32GB,0.004,0.071,10.06,1.731
2381,uniform,indexscan,0,prefetch-complex,sync,3,32GB,47.285,99.999,28056.713,3732.42
2382,uniform,bitmapscan,64,prefetch-simple,sync,3,32GB,37.319,99.977,2764.807,1193.628
2383,uniform,bitmapscan,64,prefetch-complex,io_uring,3,32GB,57.304,100.0,2907.506,1316.805
2384,uniform,indexscan,64,prefetch-complex,worker,12,32GB,0.003,0.054,7.527,1.867
2385,uniform,indexscan,0,master,sync,3,32GB,0.009,0.164,55.372,2.635
2386,uniform,indexscan,64,prefetch-simple,worker,3,32GB,0.027,0.491,52.316,4.856
2387,uniform,bitmapscan,1,prefetch-simple,worker,12,32GB,0.003,0.054,24.753,1.648
2388,uniform,indexscan,0,master,worker,12,32GB,37.275,99.976,27487.051,3444.711
2389,uniform,indexscan,64,master,worker,12,32GB,0.317,5.556,1937.191,34.239
2390,uniform,indexscan,16,prefetch-complex,sync,3,32GB,0.095,1.691,208.274,10.811
2391,uniform,indexscan,1,master,io_uring,3,32GB,0.02,0.353,126.591,4.563
2392,uniform,bitmapscan,64,master,io_uring,3,32GB,0.21,3.72,427.303,27.09
2393,uniform,bitmapscan,1,master,worker,12,32GB,87.311,100.0,5617.096,1287.452
2394,uniform,bitmapscan,16,prefetch-simple,worker,3,32GB,0.317,5.531,681.938,39.582
2395,uniform,bitmapscan,0,prefetch-simple,io_uring,3,32GB,3.608,48.426,10498.631,531.846
2396,uniform,indexscan,64,prefetch-simple,io_uring,3,32GB,0.003,0.06,8.593,1.623
2397,uniform,bitmapscan,0,prefetch-simple,sync,3,32GB,0.001,0.018,7.782,1.177
2398,uniform,indexscan,16,master,worker,3,32GB,0.214,3.791,1314.494,22.244
2399,uniform,indexscan,16,prefetch-complex,worker,3,32GB,0.002,0.031,5.306,1.454
2400,uniform,bitmapscan,16,master,worker,3,32GB,0.472,8.161,900.692,54.428
2401,uniform,bitmapscan,0,prefetch-complex,worker,3,32GB,87.291,100.0,5433.96,1439.446
2402,uniform,bitmapscan,64,prefetch-complex,worker,12,32GB,18.193,97.28,2673.128,1087.992
2403,uniform,bitmapscan,64,prefetch-complex,worker,12,32GB,37.289,99.977,2807.332,1241.816
2404,uniform,indexscan,0,master,worker,12,32GB,47.283,99.999,28285.177,4365.42
2405,uniform,bitmapscan,16,master,sync,3,32GB,8.085,78.055,2675.165,865.706
2406,uniform,bitmapscan,0,prefetch-complex,worker,12,32GB,37.287,99.978,5263.015,1274.973
2407,uniform,indexscan,16,prefetch-complex,io_uring,3,32GB,47.28,99.999,11722.064,3715.679
2408,uniform,indexscan,0,prefetch-simple,worker,12,32GB,5.396,63.185,21300.849,505.007
2409,uniform,bitmapscan,16,prefetch-complex,sync,3,32GB,67.298,100.0,2955.343,1346.57
2410,uniform,indexscan,64,prefetch-simple,io_uring,3,32GB,87.304,100.0,15179.999,6775.899
2411,uniform,bitmapscan,0,prefetch-complex,worker,12,32GB,0.002,0.034,24.884,1.654
2412,uniform,indexscan,1,prefetch-simple,sync,3,32GB,0.141,2.512,1248.64,14.85
2413,uniform,indexscan,1,prefetch-simple,worker,12,32GB,0.094,1.684,829.316,11.578
2414,uniform,indexscan,1,prefetch-complex,worker,3,32GB,0.139,2.47,1301.887,14.729
2415,uniform,indexscan,1,prefetch-complex,worker,12,32GB,18.185,97.297,40744.786,1459.582
2416,uniform,indexscan,0,prefetch-complex,sync,3,32GB,18.204,97.288,25765.723,1517.659
2417,uniform,indexscan,0,master,worker,3,32GB,8.09,78.124,23301.819,765.741
2418,uniform,bitmapscan,64,prefetch-complex,worker,12,32GB,0.006,0.113,13.436,2.543
2419,uniform,bitmapscan,16,master,worker,12,32GB,0.063,1.12,138.342,9.398
2420,uniform,indexscan,1,master,worker,12,32GB,0.71,12.033,4134.158,68.842
2421,uniform,indexscan,1,master,worker,12,32GB,2.39,35.318,12123.298,235.62
2422,uniform,indexscan,1,prefetch-complex,worker,12,32GB,0.002,0.035,18.325,1.446
2423,uniform,bitmapscan,64,prefetch-simple,worker,3,32GB,0.019,0.346,82.073,4.469
2424,uniform,bitmapscan,64,prefetch-simple,worker,3,32GB,0.094,1.68,283.362,13.721
2425,uniform,indexscan,1,prefetch-simple,io_uring,3,32GB,0.02,0.358,159.675,4.372
2426,uniform,bitmapscan,64,master,worker,12,32GB,0.009,0.17,19.064,2.88
2427,uniform,bitmapscan,64,master,worker,3,32GB,0.004,0.073,9.485,1.792
2428,uniform,indexscan,16,master,worker,3,32GB,97.312,100.0,32775.813,8913.09
2429,uniform,bitmapscan,16,prefetch-complex,worker,12,32GB,0.207,3.669,407.058,26.849
2430,uniform,bitmapscan,16,master,worker,12,32GB,67.307,100.0,2942.503,1273.307
2431,uniform,bitmapscan,1,prefetch-complex,worker,3,32GB,0.002,0.036,16.415,1.558
2432,uniform,bitmapscan,0,prefetch-complex,sync,3,32GB,0.003,0.053,19.858,1.775
2433,uniform,bitmapscan,0,prefetch-complex,io_uring,3,32GB,37.285,99.978,5219.211,1257.913
2434,uniform,bitmapscan,0,prefetch-simple,io_uring,3,32GB,0.028,0.51,184.292,6.846
2435,uniform,indexscan,1,master,sync,3,32GB,8.098,78.18,23515.849,756.075
2436,uniform,indexscan,16,master,sync,3,32GB,37.276,99.976,27292.356,3395.811
2437,uniform,bitmapscan,64,prefetch-simple,sync,3,32GB,67.285,100.0,2878.989,1279.331
2438,uniform,indexscan,64,prefetch-simple,worker,3,32GB,0.042,0.753,80.439,6.367
2439,uniform,indexscan,64,prefetch-complex,worker,12,32GB,1.608,25.312,2933,142.875
2440,uniform,bitmapscan,0,master,io_uring,3,32GB,2.401,35.412,8819.638,374.244
2441,uniform,bitmapscan,16,prefetch-simple,io_uring,3,32GB,3.602,48.349,4185.792,512.292
2442,uniform,indexscan,0,master,worker,12,32GB,0.47,8.132,2838.208,51.333
2443,uniform,indexscan,64,master,io_uring,3,32GB,0.003,0.054,18.336,1.74
2444,uniform,indexscan,16,prefetch-complex,sync,3,32GB,0.009,0.164,19.316,2.81
2445,uniform,indexscan,0,master,sync,3,32GB,0.003,0.05,16.79,1.478
2446,uniform,indexscan,64,prefetch-complex,worker,12,32GB,97.311,100.0,15657.015,7509.983
2447,uniform,bitmapscan,16,prefetch-simple,worker,3,32GB,0.001,0.016,3.696,1.116
2448,uniform,indexscan,0,prefetch-complex,io_uring,3,32GB,47.276,99.999,27750.539,3784.785
2449,uniform,indexscan,64,master,sync,3,32GB,57.307,100.0,28934.636,5172.844
2450,uniform,bitmapscan,16,prefetch-simple,sync,3,32GB,0.002,0.038,5.706,1.469
2451,uniform,bitmapscan,0,prefetch-complex,worker,12,32GB,0.004,0.066,23.494,1.91
2452,uniform,indexscan,64,prefetch-simple,worker,3,32GB,2.393,35.363,4024.715,206.213
2453,uniform,indexscan,1,master,worker,12,32GB,67.299,100.0,29855.758,6063.331
2454,uniform,indexscan,0,prefetch-simple,worker,12,32GB,8.088,78.106,23554.13,714.453
2455,uniform,indexscan,0,prefetch-simple,worker,3,32GB,0.028,0.506,160.759,5.119
2456,uniform,bitmapscan,64,prefetch-simple,worker,3,32GB,5.399,63.115,3461.289,654.894
2457,uniform,bitmapscan,1,prefetch-complex,worker,3,32GB,0.213,3.768,1812.526,26.868
2458,uniform,indexscan,16,master,worker,12,32GB,0.212,3.749,1250.008,22.184
2459,uniform,indexscan,0,master,worker,12,32GB,97.312,100.0,32706.346,8878.257
2460,uniform,indexscan,16,master,io_uring,3,32GB,0.317,5.547,1974.699,33.542
2461,uniform,bitmapscan,1,master,worker,12,32GB,0.715,12.103,5288.434,117.337
2462,uniform,indexscan,1,prefetch-complex,worker,12,32GB,87.287,100.0,45815.394,6829.652
2463,uniform,bitmapscan,16,master,worker,12,32GB,27.285,99.682,2715.274,1154.345
2464,uniform,bitmapscan,1,master,sync,3,32GB,0.001,0.016,9.343,1.079
2465,uniform,bitmapscan,64,master,sync,3,32GB,0.001,0.019,6.255,1.142
2466,uniform,indexscan,64,prefetch-complex,io_uring,3,32GB,97.31,100.0,15741.785,7508.998
2467,uniform,bitmapscan,0,master,sync,3,32GB,0.004,0.067,26.757,1.748
2468,uniform,bitmapscan,64,prefetch-simple,sync,3,32GB,97.31,100.0,3087.993,1338.8
2469,uniform,bitmapscan,1,prefetch-simple,worker,12,32GB,0.013,0.228,110.615,3.592
2470,uniform,bitmapscan,16,prefetch-simple,sync,3,32GB,0.096,1.723,176.492,13.16
2471,uniform,bitmapscan,16,prefetch-simple,worker,3,32GB,47.296,99.999,2771.284,1209.526
2472,uniform,bitmapscan,16,master,worker,12,32GB,57.273,100.0,2875.297,1246.086
2473,uniform,bitmapscan,1,master,worker,3,32GB,0.71,12.054,5244.034,115.282
2474,uniform,indexscan,64,prefetch-complex,sync,3,32GB,0.006,0.113,13.23,2.236
2475,uniform,bitmapscan,64,prefetch-simple,worker,3,32GB,0.142,2.53,264.549,19.072
2476,uniform,bitmapscan,16,prefetch-simple,io_uring,3,32GB,0.004,0.064,8.104,1.683
2477,uniform,bitmapscan,64,master,worker,3,32GB,0.006,0.111,13.337,2.175
2478,uniform,bitmapscan,0,prefetch-simple,sync,3,32GB,0.004,0.077,26.199,1.923
2479,uniform,indexscan,64,prefetch-simple,sync,3,32GB,0.004,0.065,8.226,1.661
2480,uniform,indexscan,0,prefetch-simple,sync,3,32GB,0.095,1.691,567.045,11.296
2481,uniform,bitmapscan,0,prefetch-complex,worker,12,32GB,1.6,25.193,7226.228,277.705
2482,uniform,bitmapscan,64,master,sync,3,32GB,87.312,100.0,3028.853,1323.647
2483,uniform,bitmapscan,0,prefetch-simple,io_uring,3,32GB,0.003,0.05,24.383,1.68
2484,uniform,indexscan,0,prefetch-complex,worker,3,32GB,3.586,48.146,16800.902,334.495
2485,uniform,indexscan,64,prefetch-simple,worker,3,32GB,0.019,0.348,37.881,3.906
2486,uniform,indexscan,1,prefetch-simple,worker,12,32GB,87.306,100.0,44260.028,6746.704
2487,uniform,bitmapscan,16,master,worker,12,32GB,8.094,78.164,2938.632,823.778
2488,uniform,bitmapscan,16,master,worker,3,32GB,0.027,0.487,71.907,5.95
2489,uniform,indexscan,1,master,sync,3,32GB,0.093,1.655,682.374,10.87
2490,uniform,bitmapscan,1,prefetch-simple,worker,12,32GB,8.092,78.118,8059.477,833.933
2491,uniform,indexscan,0,prefetch-complex,io_uring,3,32GB,0.063,1.125,478.366,8.712
2492,uniform,indexscan,1,prefetch-simple,worker,3,32GB,0.004,0.068,29.737,1.724
2493,uniform,bitmapscan,16,prefetch-complex,worker,3,32GB,0.041,0.726,85.748,7.205
2494,uniform,indexscan,0,prefetch-simple,io_uring,3,32GB,0.009,0.168,58.772,2.761
2495,uniform,indexscan,64,prefetch-complex,sync,3,32GB,12.158,90.367,8390.374,995.522
2496,uniform,indexscan,64,master,io_uring,3,32GB,67.301,100.0,32187.28,6066.323
2497,uniform,indexscan,0,master,sync,3,32GB,0.02,0.353,126.775,4.736
2498,uniform,indexscan,0,prefetch-simple,worker,12,32GB,37.286,99.978,26659.336,2951.594
2499,uniform,bitmapscan,0,prefetch-complex,worker,3,32GB,0.001,0.019,11.576,1.506
2500,uniform,bitmapscan,0,prefetch-complex,worker,3,32GB,67.278,100.0,5368.02,1388.966
2501,uniform,indexscan,1,prefetch-complex,sync,3,32GB,47.275,99.999,41129.32,3762.35
2502,uniform,indexscan,0,master,io_uring,3,32GB,0.014,0.243,85.358,3.519
2503,uniform,bitmapscan,0,master,worker,3,32GB,0.002,0.035,13.359,1.42
2504,uniform,bitmapscan,64,prefetch-simple,worker,12,32GB,0.041,0.727,78.854,7.556
2505,uniform,indexscan,16,prefetch-simple,worker,12,32GB,0.041,0.732,81.502,6.511
2506,uniform,bitmapscan,1,master,sync,3,32GB,1.067,17.577,7533.329,152.17
2507,uniform,bitmapscan,0,master,io_uring,3,32GB,47.275,99.999,5217.743,1261.78
2508,uniform,indexscan,0,master,sync,3,32GB,97.303,100.0,33052.103,8903.459
2509,uniform,bitmapscan,16,master,sync,3,32GB,0.095,1.7,179.465,13.105
2510,uniform,bitmapscan,64,master,io_uring,3,32GB,18.194,97.315,2643.82,1062.83
2511,uniform,bitmapscan,16,prefetch-complex,sync,3,32GB,0.063,1.138,170.69,9.705
2512,uniform,indexscan,16,prefetch-simple,worker,12,32GB,8.088,78.068,7598.536,678.282
2513,uniform,bitmapscan,16,master,worker,12,32GB,0.004,0.079,10.071,1.9
2514,uniform,bitmapscan,64,prefetch-complex,worker,3,32GB,5.397,63.182,3427.731,658.959
2515,uniform,bitmapscan,1,prefetch-complex,worker,12,32GB,0.476,8.242,3930.751,59.096
2516,uniform,indexscan,16,prefetch-complex,worker,12,32GB,57.292,100.0,12820.149,4614.14
2517,uniform,indexscan,1,master,io_uring,3,32GB,0.095,1.697,621.955,12.994
2518,uniform,bitmapscan,0,prefetch-simple,io_uring,3,32GB,0.313,5.483,1926.904,44.335
2519,uniform,indexscan,16,prefetch-simple,worker,12,32GB,0.002,0.035,5.624,1.322
2520,uniform,bitmapscan,64,prefetch-simple,io_uring,3,32GB,37.276,99.977,2767.224,1195.175
2521,uniform,bitmapscan,64,prefetch-complex,io_uring,3,32GB,0.001,0.017,3.485,1.294
2522,uniform,bitmapscan,16,prefetch-complex,worker,3,32GB,0.006,0.109,12.871,2.405
2523,uniform,bitmapscan,1,prefetch-complex,worker,12,32GB,0.004,0.071,391.178,2.239
2524,uniform,bitmapscan,64,prefetch-simple,sync,3,32GB,0.14,2.486,284.963,18.093
2525,uniform,bitmapscan,0,master,worker,12,32GB,0.314,5.493,1929.083,41.872
2526,uniform,indexscan,1,prefetch-simple,io_uring,3,32GB,47.285,99.999,41414.148,3719.478
2527,uniform,indexscan,0,master,io_uring,3,32GB,0.004,0.07,25.547,1.768
2528,uniform,bitmapscan,16,prefetch-simple,sync,3,32GB,3.598,48.295,3391.505,511.296
2529,uniform,indexscan,16,prefetch-simple,worker,12,32GB,0.003,0.054,8.293,1.535
2530,uniform,bitmapscan,64,prefetch-simple,worker,12,32GB,0.095,1.7,185.011,14.002
2531,uniform,indexscan,1,master,io_uring,3,32GB,1.07,17.602,6363.541,105.274
2532,uniform,bitmapscan,0,master,io_uring,3,32GB,0.316,5.535,2060.03,44.224
2533,uniform,indexscan,64,prefetch-complex,io_uring,3,32GB,0.004,0.073,10.124,2.049
2534,uniform,indexscan,1,master,io_uring,3,32GB,67.281,100.0,30029.628,6027.963
2535,uniform,indexscan,16,master,sync,3,32GB,47.267,99.998,28101.629,4298.15
2536,uniform,indexscan,16,prefetch-simple,io_uring,3,32GB,0.006,0.103,12.274,2.065
2537,uniform,indexscan,0,prefetch-complex,worker,3,32GB,0.14,2.494,874.866,16.052
2538,uniform,indexscan,1,prefetch-complex,sync,3,32GB,3.588,48.163,23468.641,305.21
2539,uniform,bitmapscan,64,master,worker,3,32GB,5.394,63.171,3637.962,652.957
2540,uniform,bitmapscan,16,prefetch-simple,sync,3,32GB,0.001,0.016,3.431,1.272
2541,uniform,indexscan,0,master,sync,3,32GB,87.311,100.0,31689.863,8004.705
2542,uniform,bitmapscan,16,prefetch-simple,io_uring,3,32GB,0.014,0.249,30.635,3.501
2543,uniform,bitmapscan,0,prefetch-complex,worker,3,32GB,0.013,0.242,104.773,4.133
2544,uniform,bitmapscan,64,master,worker,3,32GB,0.002,0.039,7.683,1.372
2545,uniform,bitmapscan,64,prefetch-simple,io_uring,3,32GB,57.275,100.0,2848.28,1243.756
2546,uniform,indexscan,64,master,io_uring,3,32GB,0.092,1.647,553.852,12.492
2547,uniform,indexscan,16,prefetch-simple,sync,3,32GB,12.122,90.234,8271.125,978.372
2548,uniform,indexscan,16,prefetch-complex,worker,12,32GB,5.391,63.144,6789.678,465.751
2549,uniform,bitmapscan,0,prefetch-complex,io_uring,3,32GB,1.062,17.507,5383.799,174.909
2550,uniform,bitmapscan,64,prefetch-simple,worker,12,32GB,0.317,5.57,1236.717,39.92
2551,uniform,bitmapscan,1,prefetch-simple,worker,12,32GB,1.601,25.168,9716.606,256.726
2552,uniform,indexscan,0,prefetch-complex,io_uring,3,32GB,57.282,100.0,28368.45,4510.138
2553,uniform,bitmapscan,64,prefetch-complex,worker,12,32GB,0.712,12.081,1277.372,117.688
2554,uniform,indexscan,64,prefetch-simple,sync,3,32GB,47.281,99.999,11497.856,3718.632
2555,uniform,bitmapscan,64,prefetch-complex,sync,3,32GB,5.4,63.119,3368.792,670.563
2556,uniform,indexscan,1,master,worker,3,32GB,0.028,0.494,184.673,5.185
2557,uniform,indexscan,0,prefetch-simple,worker,12,32GB,97.311,100.0,32811.508,7561.153
2558,uniform,indexscan,1,master,io_uring,3,32GB,3.602,48.308,16625.177,350.607
2559,uniform,indexscan,1,prefetch-complex,worker,3,32GB,0.477,8.241,3971.718,44.689
2560,uniform,indexscan,1,prefetch-complex,io_uring,3,32GB,0.006,0.11,62.058,2.392
2561,uniform,indexscan,1,prefetch-simple,io_uring,3,32GB,67.299,100.0,42456.393,5331.024
2562,uniform,indexscan,16,prefetch-simple,worker,12,32GB,0.019,0.343,48.994,4.679
2563,uniform,bitmapscan,0,prefetch-simple,io_uring,3,32GB,97.312,100.0,5356.673,1349.281
2564,uniform,bitmapscan,16,prefetch-complex,worker,12,32GB,0.029,0.512,74.02,6.732
2565,uniform,indexscan,64,prefetch-simple,worker,3,32GB,0.477,8.258,992.768,42.968
2566,uniform,indexscan,0,prefetch-complex,worker,12,32GB,2.396,35.375,12595.255,223.773
2567,uniform,indexscan,64,prefetch-complex,io_uring,3,32GB,0.019,0.345,37.521,4.01
2568,uniform,indexscan,16,prefetch-complex,worker,12,32GB,0.095,1.691,178.125,10.419
2569,uniform,indexscan,1,prefetch-complex,worker,12,32GB,0.21,3.7,1848.154,20.338
2570,uniform,bitmapscan,1,master,worker,3,32GB,0.094,1.675,806.294,13.257
2571,uniform,indexscan,16,master,sync,3,32GB,87.302,100.0,31796.724,7914.787
2572,uniform,indexscan,0,master,worker,3,32GB,0.062,1.117,356.166,8.538
2573,uniform,bitmapscan,1,master,sync,3,32GB,57.304,100.0,5404.183,1234.844
2574,uniform,bitmapscan,64,master,sync,3,32GB,8.085,78.005,2553.328,823.57
2575,uniform,indexscan,64,master,io_uring,3,32GB,0.064,1.147,403.596,8.776
2576,uniform,bitmapscan,64,prefetch-simple,io_uring,3,32GB,0.027,0.478,51.623,5.373
2577,uniform,bitmapscan,0,prefetch-simple,worker,12,32GB,0.002,0.035,12.312,1.388
2578,uniform,bitmapscan,1,prefetch-complex,worker,3,32GB,3.602,48.306,13369.816,511.334
2579,uniform,bitmapscan,0,prefetch-simple,worker,3,32GB,27.286,99.677,5098.088,1183.321
2580,uniform,indexscan,16,master,sync,3,32GB,8.092,78.099,23219.104,755.767
2581,uniform,bitmapscan,64,prefetch-simple,sync,3,32GB,0.002,0.035,5.314,1.341
2582,uniform,indexscan,0,prefetch-simple,sync,3,32GB,97.311,100.0,31802.645,7539.656
2583,uniform,bitmapscan,0,master,worker,3,32GB,0.019,0.342,150.432,5.668
2584,uniform,bitmapscan,64,master,worker,3,32GB,67.3,100.0,2888.191,1262.702
2585,uniform,bitmapscan,64,master,worker,12,32GB,2.408,35.484,2876.157,366.25
2586,uniform,indexscan,64,prefetch-complex,io_uring,3,32GB,1.068,17.562,2015.418,94.455
2587,uniform,bitmapscan,0,prefetch-simple,sync,3,32GB,5.413,63.323,10225.927,679.729
2588,uniform,bitmapscan,64,prefetch-complex,worker,12,32GB,12.131,90.227,2620.262,980.384
2589,uniform,bitmapscan,64,prefetch-complex,worker,12,32GB,47.27,99.998,2909.932,1291.203
2590,uniform,indexscan,16,prefetch-simple,worker,12,32GB,37.277,99.976,11225.44,2897.839
2591,uniform,indexscan,0,prefetch-simple,sync,3,32GB,0.063,1.122,461.046,10.165
2592,uniform,bitmapscan,0,master,sync,3,32GB,0.029,0.511,171.557,6.028
2593,uniform,bitmapscan,0,master,worker,12,32GB,1.598,25.189,6941.017,269.803
2594,uniform,bitmapscan,16,master,sync,3,32GB,97.311,100.0,3061.488,1315.601
2595,uniform,bitmapscan,16,master,sync,3,32GB,0.013,0.232,50.908,3.502
2596,uniform,bitmapscan,64,master,io_uring,3,32GB,0.71,12.053,1222.9,117.36
2597,uniform,bitmapscan,0,prefetch-simple,io_uring,3,32GB,0.706,11.984,3706.296,125.355
2598,uniform,indexscan,64,prefetch-simple,io_uring,3,32GB,0.092,1.65,232.272,11.361
2599,uniform,bitmapscan,64,master,io_uring,3,32GB,37.288,99.978,2760.396,1180.605
2600,uniform,indexscan,64,prefetch-complex,worker,3,32GB,67.304,100.0,12972.047,5318.376
2601,uniform,bitmapscan,64,master,worker,12,32GB,0.094,1.68,182.987,14.052
2602,uniform,indexscan,16,prefetch-complex,io_uring,3,32GB,0.003,0.046,6.527,1.569
2603,uniform,bitmapscan,64,prefetch-complex,io_uring,3,32GB,67.288,100.0,2927.485,1331.839
2604,uniform,bitmapscan,0,master,worker,3,32GB,0.142,2.523,1502.701,20.736
2605,uniform,bitmapscan,1,prefetch-simple,worker,3,32GB,97.301,100.0,5555.674,1353.569
2606,uniform,bitmapscan,16,prefetch-simple,sync,3,32GB,0.019,0.342,68.614,4.449
2607,uniform,indexscan,16,master,sync,3,32GB,0.029,0.523,184.811,5.938
2608,uniform,bitmapscan,16,prefetch-complex,worker,12,32GB,47.291,99.999,2834.773,1273.2
2609,uniform,indexscan,16,master,worker,12,32GB,47.287,99.999,27917.116,4357.624
2610,uniform,bitmapscan,16,prefetch-complex,io_uring,3,32GB,0.14,2.486,269.363,19.696
2611,uniform,bitmapscan,0,master,worker,3,32GB,67.291,100.0,5224.47,1299.934
2612,uniform,indexscan,1,prefetch-simple,io_uring,3,32GB,3.608,48.343,23369.635,310.268
2613,uniform,indexscan,0,prefetch-simple,worker,3,32GB,3.586,48.198,17031.571,333.43
2614,uniform,indexscan,1,prefetch-simple,worker,3,32GB,0.003,0.058,25.519,1.646
2615,uniform,indexscan,64,prefetch-simple,worker,3,32GB,0.006,0.107,13.222,2.021
2616,uniform,bitmapscan,0,prefetch-complex,io_uring,3,32GB,0.142,2.528,850.136,20.826
2617,uniform,indexscan,64,master,worker,3,32GB,5.416,63.369,20822.982,503.964
2618,uniform,indexscan,1,prefetch-simple,io_uring,3,32GB,2.395,35.333,17319.945,209.476
2619,uniform,bitmapscan,64,master,worker,3,32GB,1.597,25.185,2301.545,255.677
2620,uniform,indexscan,16,prefetch-simple,worker,12,32GB,3.599,48.258,5372.507,309.077
2621,uniform,indexscan,64,prefetch-simple,worker,3,32GB,12.127,90.216,8178.415,997.113
2622,uniform,bitmapscan,16,prefetch-simple,worker,3,32GB,0.028,0.502,115.778,5.757
2623,uniform,bitmapscan,1,prefetch-complex,worker,12,32GB,67.302,100.0,5666.083,1346.475
2624,uniform,bitmapscan,16,prefetch-complex,sync,3,32GB,0.008,0.153,18.898,2.918
2625,uniform,indexscan,0,master,worker,12,32GB,27.306,99.659,26623.832,2476.792
2626,uniform,indexscan,16,prefetch-simple,io_uring,3,32GB,0.001,0.019,3.564,1.096
2627,uniform,indexscan,0,prefetch-simple,sync,3,32GB,2.396,35.359,12633.501,221.306
2628,uniform,bitmapscan,1,prefetch-complex,sync,3,32GB,87.292,100.0,5738.562,1411.191
2629,uniform,bitmapscan,64,prefetch-simple,io_uring,3,32GB,1.595,25.147,2404.121,265.5
2630,uniform,bitmapscan,1,prefetch-simple,io_uring,3,32GB,0.318,5.561,2660.604,40.56
2631,uniform,bitmapscan,0,master,sync,3,32GB,0.093,1.664,604.657,14.292
2632,uniform,bitmapscan,0,prefetch-simple,sync,3,32GB,3.601,48.293,11183.785,531.341
2633,uniform,indexscan,0,master,io_uring,3,32GB,5.385,63.106,20727.648,512.033
2634,uniform,bitmapscan,1,prefetch-simple,worker,3,32GB,0.713,12.075,5183.398,115.987
2635,uniform,indexscan,64,prefetch-complex,worker,3,32GB,77.292,100.0,14181.836,6064.501
2636,uniform,indexscan,64,prefetch-complex,io_uring,3,32GB,8.089,78.1,7535.555,690.02
2637,uniform,indexscan,0,master,io_uring,3,32GB,0.71,12.047,4149.845,73.541
2638,uniform,indexscan,16,master,worker,3,32GB,2.4,35.411,12291.623,230.319
2639,uniform,bitmapscan,16,master,sync,3,32GB,0.213,3.759,458.6,26.038
2640,uniform,indexscan,0,master,io_uring,3,32GB,97.313,100.0,33406.712,8847.023
2641,uniform,bitmapscan,0,master,worker,3,32GB,0.001,0.016,19.299,1.27
2642,uniform,bitmapscan,64,prefetch-complex,sync,3,32GB,0.063,1.13,142.74,9.404
2643,uniform,bitmapscan,64,prefetch-complex,sync,3,32GB,0.006,0.101,11.828,2.279
2644,uniform,indexscan,64,master,sync,3,32GB,0.006,0.115,57.432,2.205
2645,uniform,indexscan,0,prefetch-complex,sync,3,32GB,0.02,0.351,147.531,4.319
2646,uniform,bitmapscan,0,prefetch-complex,io_uring,3,32GB,97.301,100.0,5481.86,1481.809
2647,uniform,indexscan,16,prefetch-complex,worker,12,32GB,0.063,1.129,147.093,8.52
2648,uniform,bitmapscan,16,prefetch-simple,worker,12,32GB,67.304,100.0,2872.638,1249.316
2649,uniform,indexscan,16,master,worker,3,32GB,47.27,99.999,27904.659,4272.611
2650,uniform,indexscan,64,prefetch-complex,sync,3,32GB,97.313,100.0,15820.577,7532.066
2651,uniform,bitmapscan,64,master,sync,3,32GB,0.094,1.685,198.491,13.454
2652,uniform,indexscan,0,prefetch-complex,worker,3,32GB,0.093,1.672,580.414,11.479
2653,uniform,indexscan,64,prefetch-complex,sync,3,32GB,77.296,100.0,13922.594,6084.788
2654,uniform,indexscan,16,prefetch-complex,worker,12,32GB,0.316,5.535,667.55,29.584
2655,uniform,indexscan,1,master,worker,12,32GB,8.094,78.129,24867.367,750.22
2656,uniform,indexscan,16,prefetch-simple,worker,3,32GB,3.584,48.122,5330.935,316.71
2657,uniform,bitmapscan,64,prefetch-simple,sync,3,32GB,0.316,5.539,668.528,39.679
2658,uniform,bitmapscan,16,prefetch-simple,io_uring,3,32GB,87.297,100.0,3008.488,1307.095
2659,uniform,bitmapscan,0,prefetch-complex,sync,3,32GB,27.28,99.666,5172.364,1207.251
2660,uniform,bitmapscan,16,master,worker,12,32GB,0.003,0.057,28.389,1.738
2661,uniform,bitmapscan,1,master,sync,3,32GB,77.291,100.0,5659.488,1282.216
2662,uniform,indexscan,64,master,worker,3,32GB,0.042,0.751,246.739,7.243
2663,uniform,indexscan,1,master,worker,12,32GB,0.006,0.104,34.011,2.101
2664,uniform,indexscan,16,prefetch-complex,worker,3,32GB,0.478,8.267,1015.636,46.768
2665,uniform,bitmapscan,64,prefetch-complex,worker,3,32GB,2.388,35.295,2814.631,363.424
2666,uniform,indexscan,0,master,sync,3,32GB,0.096,1.716,592.433,11.729
2667,uniform,bitmapscan,1,prefetch-complex,worker,3,32GB,12.133,90.202,5790.276,986.792
2668,uniform,bitmapscan,0,master,worker,12,32GB,87.303,100.0,5388.745,1331.96
2669,uniform,indexscan,16,prefetch-complex,sync,3,32GB,1.607,25.265,2852.837,141.823
2670,uniform,indexscan,1,prefetch-complex,io_uring,3,32GB,27.287,99.673,39208.8,2162.963
2671,uniform,bitmapscan,64,prefetch-complex,io_uring,3,32GB,2.401,35.412,2768.734,359.343
2672,uniform,bitmapscan,64,prefetch-simple,worker,12,32GB,0.028,0.51,76.945,5.463
2673,uniform,indexscan,1,prefetch-complex,io_uring,3,32GB,77.296,100.0,43568.756,6019.125
2674,uniform,bitmapscan,0,master,worker,12,32GB,2.385,35.246,8962.959,385.002
2675,uniform,indexscan,64,master,worker,3,32GB,0.001,0.017,6.4,1.097
2676,uniform,indexscan,0,master,io_uring,3,32GB,0.063,1.125,408.267,8.389
2677,uniform,indexscan,16,prefetch-complex,worker,3,32GB,0.001,0.017,3.619,1.281
2678,uniform,indexscan,0,prefetch-simple,sync,3,32GB,0.317,5.568,1922.129,32.107
2679,uniform,indexscan,16,master,sync,3,32GB,97.311,100.0,32831.539,8795.622
2680,uniform,bitmapscan,64,prefetch-complex,io_uring,3,32GB,97.31,100.0,3395.948,1445.252
2681,uniform,indexscan,1,master,worker,3,32GB,67.286,100.0,31022.038,6194.531
2682,uniform,bitmapscan,1,master,worker,3,32GB,1.066,17.567,7451.569,156.999
2683,uniform,bitmapscan,64,prefetch-simple,worker,12,32GB,27.299,99.665,2710.009,1134.236
2684,uniform,bitmapscan,16,prefetch-simple,io_uring,3,32GB,97.303,100.0,3120.433,1314.24
2685,uniform,bitmapscan,1,prefetch-simple,sync,3,32GB,67.288,100.0,5624.962,1289.077
2686,uniform,bitmapscan,16,prefetch-simple,sync,3,32GB,2.402,35.51,2795.93,381.744
2687,uniform,bitmapscan,1,prefetch-complex,sync,3,32GB,3.595,48.224,15656.892,525.951
2688,uniform,indexscan,16,prefetch-complex,worker,3,32GB,0.019,0.336,35.429,4.416
2689,uniform,indexscan,1,prefetch-simple,sync,3,32GB,0.002,0.032,14.848,1.255
2690,uniform,bitmapscan,64,prefetch-complex,io_uring,3,32GB,0.473,8.179,979.18,56.022
2691,uniform,indexscan,16,master,worker,12,32GB,0.028,0.502,197.826,5.21
2692,uniform,indexscan,0,prefetch-complex,io_uring,3,32GB,1.597,25.137,8917.031,155.379
2693,uniform,indexscan,64,prefetch-simple,sync,3,32GB,0.019,0.341,36.915,3.872
2694,uniform,indexscan,64,master,sync,3,32GB,0.318,5.573,1830.221,34.681
2695,uniform,indexscan,64,master,sync,3,32GB,0.009,0.154,50.454,2.536
2696,uniform,bitmapscan,0,prefetch-simple,worker,12,32GB,67.299,100.0,5215.041,1291.365
2697,uniform,bitmapscan,64,prefetch-complex,worker,12,32GB,0.142,2.524,267.114,19.959
2698,uniform,indexscan,16,prefetch-simple,sync,3,32GB,67.279,100.0,13575.884,5289.959
2699,uniform,bitmapscan,16,master,sync,3,32GB,0.042,0.753,87.901,7.165
2700,uniform,bitmapscan,1,prefetch-simple,sync,3,32GB,57.28,100.0,5395.346,1265.692
2701,uniform,indexscan,0,prefetch-simple,io_uring,3,32GB,0.143,2.541,836.778,16.419
2702,uniform,indexscan,64,prefetch-complex,sync,3,32GB,3.604,48.308,5295.688,313.491
2703,uniform,indexscan,0,prefetch-simple,sync,3,32GB,0.004,0.073,24.62,1.843
2704,uniform,indexscan,16,master,io_uring,3,32GB,2.397,35.382,12409.591,222.124
2705,uniform,indexscan,16,prefetch-simple,worker,3,32GB,0.003,0.052,7.079,1.487
2706,uniform,bitmapscan,0,prefetch-simple,worker,3,32GB,0.211,3.72,1205.447,28.643
2707,uniform,indexscan,16,master,worker,3,32GB,1.062,17.481,6180.137,105.15
2708,uniform,indexscan,1,prefetch-simple,sync,3,32GB,67.306,100.0,42759.034,5293.662
2709,uniform,bitmapscan,64,prefetch-simple,worker,3,32GB,0.062,1.106,116.496,9.806
2710,uniform,bitmapscan,0,master,sync,3,32GB,1.593,25.125,7751.768,274.315
2711,uniform,indexscan,1,prefetch-complex,sync,3,32GB,2.408,35.519,17185.484,207.25
2712,uniform,indexscan,0,master,sync,3,32GB,0.006,0.103,44.493,2.201
2713,uniform,bitmapscan,1,prefetch-complex,io_uring,3,32GB,57.305,100.0,5363.583,1313.642
2714,uniform,bitmapscan,0,prefetch-complex,sync,3,32GB,0.02,0.352,185.462,5.24
2715,uniform,indexscan,0,prefetch-complex,sync,3,32GB,77.299,100.0,30632.382,6137.877
2716,uniform,bitmapscan,16,master,worker,12,32GB,37.299,99.979,2764.224,1192.505
2717,uniform,indexscan,64,master,worker,12,32GB,0.013,0.234,88.956,3.527
2718,uniform,bitmapscan,1,prefetch-complex,io_uring,3,32GB,67.29,100.0,5491.248,1340.957
2719,uniform,indexscan,64,master,sync,3,32GB,12.123,90.181,24515.925,1137.082
2720,uniform,indexscan,1,prefetch-simple,io_uring,3,32GB,0.001,0.017,8.865,1.108
2721,uniform,indexscan,64,prefetch-simple,io_uring,3,32GB,0.322,5.647,599.237,30.431
2722,uniform,bitmapscan,16,master,io_uring,3,32GB,47.275,99.999,2798.453,1242.553
2723,uniform,indexscan,64,prefetch-complex,worker,3,32GB,0.711,12.069,1392.715,63.559
2724,uniform,indexscan,0,prefetch-complex,sync,3,32GB,0.139,2.474,818.557,15.808
2725,uniform,indexscan,64,prefetch-complex,worker,3,32GB,0.211,3.731,493.375,20.529
2726,uniform,indexscan,64,prefetch-simple,worker,3,32GB,1.061,17.47,1992.691,93.869
2727,uniform,bitmapscan,64,prefetch-simple,sync,3,32GB,18.197,97.284,2657.417,1063.287
2728,uniform,indexscan,16,prefetch-simple,worker,3,32GB,0.314,5.505,704.216,29.027
2729,uniform,indexscan,0,prefetch-complex,worker,12,32GB,0.142,2.514,842.821,16.224
2730,uniform,bitmapscan,1,master,io_uring,3,32GB,12.157,90.381,5662.306,958.52
2731,uniform,bitmapscan,64,prefetch-complex,sync,3,32GB,2.407,35.485,2859.354,351.662
2732,uniform,indexscan,16,prefetch-complex,worker,12,32GB,12.126,90.238,8087.657,1009.71
2733,uniform,indexscan,64,master,worker,12,32GB,3.599,48.316,16962.186,354.615
2734,uniform,bitmapscan,0,prefetch-complex,sync,3,32GB,0.211,3.721,1248.837,29.709
2735,uniform,bitmapscan,0,prefetch-simple,worker,3,32GB,0.009,0.159,58.737,2.991
2736,uniform,bitmapscan,0,prefetch-simple,io_uring,3,32GB,0.211,3.738,1316.095,28.016
2737,uniform,indexscan,16,master,io_uring,3,32GB,8.098,78.095,23349.181,748.035
2738,uniform,bitmapscan,0,prefetch-simple,io_uring,3,32GB,0.006,0.1,38.882,2.424
2739,uniform,bitmapscan,0,prefetch-simple,worker,12,32GB,0.028,0.498,165.354,5.862
2740,uniform,indexscan,16,prefetch-simple,worker,3,32GB,0.212,3.752,443.065,22.001
2741,uniform,indexscan,0,prefetch-simple,io_uring,3,32GB,0.006,0.113,47.384,2.4
2742,uniform,bitmapscan,0,prefetch-complex,worker,12,32GB,0.209,3.696,1276.844,27.818
2743,uniform,bitmapscan,0,prefetch-complex,worker,12,32GB,0.029,0.515,185.278,6.09
2744,uniform,bitmapscan,64,prefetch-simple,worker,12,32GB,87.301,100.0,2987.737,1308.281
2745,uniform,bitmapscan,64,prefetch-complex,worker,12,32GB,0.002,0.036,5.7,1.539
2746,uniform,indexscan,16,master,sync,3,32GB,0.315,5.521,1904.228,31.931
2747,uniform,indexscan,16,prefetch-simple,io_uring,3,32GB,0.04,0.726,109.613,6.211
2748,uniform,indexscan,16,prefetch-complex,io_uring,3,32GB,2.398,35.411,4024.021,210.657
2749,uniform,bitmapscan,1,master,io_uring,3,32GB,0.209,3.695,1792.291,26.431
2750,uniform,bitmapscan,1,prefetch-simple,sync,3,32GB,0.139,2.47,1097.953,17.739
2751,uniform,indexscan,0,master,worker,12,32GB,5.413,63.288,20783.658,505.858
2752,uniform,bitmapscan,64,prefetch-simple,sync,3,32GB,0.474,8.199,872.283,58.951
2753,uniform,bitmapscan,64,prefetch-simple,sync,3,32GB,3.584,48.118,3368.412,511.828
2754,uniform,bitmapscan,1,prefetch-simple,worker,3,32GB,0.013,0.232,105.416,3.689
2755,uniform,bitmapscan,0,prefetch-complex,io_uring,3,32GB,8.087,77.976,5731.649,862.23
2756,uniform,bitmapscan,1,prefetch-simple,io_uring,3,32GB,0.013,0.242,109.299,3.928
2757,uniform,indexscan,1,master,worker,3,32GB,1.597,25.144,8781.313,155.966
2758,uniform,bitmapscan,0,prefetch-complex,worker,3,32GB,77.293,100.0,5518.271,1452.506
2759,uniform,bitmapscan,0,prefetch-complex,sync,3,32GB,0.316,5.544,1859.59,44.841
2760,uniform,indexscan,1,prefetch-simple,worker,12,32GB,47.296,100.0,40753.367,3692.916
2761,uniform,bitmapscan,64,prefetch-complex,worker,12,32GB,0.001,0.015,3.329,1.295
2762,uniform,bitmapscan,16,prefetch-complex,worker,12,32GB,0.013,0.227,24.914,4.15
2763,uniform,bitmapscan,0,prefetch-simple,worker,3,32GB,0.013,0.241,111.71,4.337
2764,uniform,bitmapscan,16,prefetch-simple,sync,3,32GB,1.595,25.154,2800.453,260.509
2765,uniform,indexscan,16,prefetch-complex,worker,12,32GB,0.042,0.759,94.984,7.584
2766,uniform,indexscan,0,master,sync,3,32GB,57.303,100.0,30706.803,5180.85
2767,uniform,indexscan,1,prefetch-complex,worker,3,32GB,27.311,99.657,39475.524,2170.571
2768,uniform,bitmapscan,16,prefetch-simple,worker,12,32GB,0.028,0.502,70.68,6.554
2769,uniform,indexscan,64,master,sync,3,32GB,0.476,8.238,2991.885,48.241
2770,uniform,indexscan,64,prefetch-complex,io_uring,3,32GB,0.006,0.112,13.081,2.209
2771,uniform,bitmapscan,1,prefetch-simple,sync,3,32GB,1.065,17.527,7230.585,157.073
2772,uniform,indexscan,0,prefetch-simple,sync,3,32GB,0.003,0.054,18.653,1.572
2773,uniform,indexscan,0,master,worker,3,32GB,97.303,100.0,33112.175,8811.867
2774,uniform,bitmapscan,64,master,worker,3,32GB,3.599,48.32,3330.977,504.825
2775,uniform,bitmapscan,1,master,worker,3,32GB,57.276,100.0,5523.22,1249.873
2776,uniform,bitmapscan,64,prefetch-complex,worker,3,32GB,57.28,100.0,2933.043,1307.621
2777,uniform,indexscan,64,prefetch-simple,sync,3,32GB,18.219,97.32,8933.417,1454.379
2778,uniform,indexscan,1,master,io_uring,3,32GB,0.001,0.019,9.415,1.213
2779,uniform,indexscan,1,prefetch-complex,sync,3,32GB,18.198,97.303,38326.6,1462.01
2780,uniform,bitmapscan,64,master,worker,12,32GB,0.006,0.114,24.846,2.255
2781,uniform,indexscan,1,master,worker,3,32GB,8.098,78.117,23046.653,760.11
2782,uniform,indexscan,0,prefetch-complex,worker,12,32GB,1.068,17.548,6059.552,109.233
2783,uniform,bitmapscan,0,prefetch-complex,worker,3,32GB,3.602,48.307,10431.83,548.037
2784,uniform,indexscan,16,prefetch-complex,io_uring,3,32GB,0.042,0.755,113.118,6.911
2785,uniform,bitmapscan,0,master,worker,3,32GB,0.009,0.168,56.597,2.967
2786,uniform,indexscan,64,prefetch-simple,sync,3,32GB,0.476,8.243,977.054,44.622
2787,uniform,indexscan,64,prefetch-complex,io_uring,3,32GB,0.003,0.054,7.173,1.664
2788,uniform,bitmapscan,1,master,io_uring,3,32GB,0.042,0.759,416.151,8.279
2789,uniform,bitmapscan,1,prefetch-complex,io_uring,3,32GB,0.003,0.052,26.809,2.15
2790,uniform,indexscan,0,prefetch-simple,sync,3,32GB,3.595,48.229,16534.584,331.423
2791,uniform,indexscan,16,prefetch-complex,io_uring,3,32GB,1.066,17.544,1994.785,96.11
2792,uniform,indexscan,16,prefetch-complex,worker,12,32GB,0.002,0.037,12.124,1.499
2793,uniform,indexscan,16,prefetch-simple,worker,3,32GB,2.399,35.382,4103.529,206.28
2794,uniform,bitmapscan,0,prefetch-simple,io_uring,3,32GB,0.019,0.333,108.531,4.667
2795,uniform,indexscan,1,prefetch-complex,worker,12,32GB,0.006,0.109,63.79,2.352
2796,uniform,indexscan,64,master,worker,3,32GB,87.312,100.0,32004.645,8028.156
2797,uniform,bitmapscan,16,master,worker,3,32GB,1.601,25.19,2183.18,258.711
2798,uniform,indexscan,16,prefetch-complex,io_uring,3,32GB,0.002,0.035,5.85,1.523
2799,uniform,indexscan,1,prefetch-complex,sync,3,32GB,0.71,12.019,5882.033,65.234
2800,uniform,bitmapscan,0,prefetch-simple,worker,12,32GB,8.096,78.084,5927.261,864.225
2801,uniform,bitmapscan,16,prefetch-complex,io_uring,3,32GB,8.095,78.182,2637.957,835.142
2802,uniform,indexscan,64,prefetch-complex,worker,3,32GB,37.284,99.974,10670.026,2964.703
2803,uniform,bitmapscan,0,prefetch-simple,worker,3,32GB,5.384,63.016,11506.722,697.706
2804,uniform,indexscan,1,prefetch-simple,worker,3,32GB,47.275,100.0,41551.611,3748.002
2805,uniform,bitmapscan,0,prefetch-simple,worker,3,32GB,2.39,35.321,8898.019,379.818
2806,uniform,bitmapscan,64,master,io_uring,3,32GB,0.094,1.675,186.334,12.795
2807,uniform,indexscan,1,master,sync,3,32GB,0.027,0.493,182.747,5.134
2808,uniform,bitmapscan,0,master,sync,3,32GB,5.389,63.087,10543.134,692.052
2809,uniform,bitmapscan,16,master,worker,12,32GB,0.142,2.529,263.593,19.308
2810,uniform,indexscan,16,master,sync,3,32GB,0.063,1.131,439.274,8.52
2811,uniform,indexscan,0,master,sync,3,32GB,18.215,97.285,25165.263,1707.822
2812,uniform,indexscan,64,master,worker,3,32GB,77.3,100.0,30949.05,7064.104
2813,uniform,indexscan,0,master,io_uring,3,32GB,1.598,25.16,10230.879,161.539
2814,uniform,indexscan,0,prefetch-simple,worker,12,32GB,47.296,99.999,27918.184,3745.586
2815,uniform,indexscan,16,prefetch-simple,worker,3,32GB,5.392,63.123,7213.999,460.254
2816,uniform,indexscan,0,master,worker,12,32GB,0.008,0.152,53.468,2.548
2817,uniform,indexscan,0,master,io_uring,3,32GB,0.02,0.35,120.677,4.3
2818,uniform,bitmapscan,16,master,io_uring,3,32GB,0.004,0.069,9.528,1.72
2819,uniform,bitmapscan,1,master,sync,3,32GB,18.227,97.337,5880.069,1043.704
2820,uniform,indexscan,0,prefetch-complex,io_uring,3,32GB,2.396,35.365,12882.606,231.597
2821,uniform,indexscan,16,prefetch-simple,sync,3,32GB,0.142,2.53,276.268,16.273
2822,uniform,bitmapscan,64,prefetch-simple,worker,12,32GB,0.214,3.791,450.622,26.6
2823,uniform,indexscan,0,master,io_uring,3,32GB,0.315,5.529,1860.039,32.47
2824,uniform,indexscan,16,prefetch-simple,sync,3,32GB,0.008,0.152,18.309,2.461
2825,uniform,indexscan,16,master,sync,3,32GB,0.711,12.053,4229.403,68.407
2826,uniform,bitmapscan,64,prefetch-complex,sync,3,32GB,0.001,0.017,3.747,1.322
2827,uniform,bitmapscan,0,prefetch-simple,worker,12,32GB,0.141,2.507,807.44,20.459
2828,uniform,indexscan,16,prefetch-complex,worker,12,32GB,1.073,17.658,2088.509,95.113
2829,uniform,indexscan,0,master,worker,3,32GB,37.272,99.976,28331.815,3395.697
2830,uniform,bitmapscan,1,master,worker,3,32GB,5.391,63.07,13419.079,666.293
2831,uniform,bitmapscan,0,prefetch-complex,sync,3,32GB,2.404,35.419,8964.614,383.64
2832,uniform,bitmapscan,16,prefetch-complex,sync,3,32GB,87.299,100.0,3131.961,1402.749
2833,uniform,bitmapscan,1,prefetch-simple,worker,12,32GB,0.019,0.343,171.687,4.613
2834,uniform,indexscan,16,prefetch-simple,worker,3,32GB,0.71,12.043,1558.633,64.6
2835,uniform,bitmapscan,64,master,worker,3,32GB,47.29,99.999,2785.073,1236.512
2836,uniform,indexscan,64,prefetch-simple,worker,3,32GB,0.002,0.035,5.482,1.313
2837,uniform,indexscan,1,master,worker,12,32GB,0.001,0.016,42.901,1.179
2838,uniform,indexscan,16,prefetch-simple,worker,3,32GB,0.094,1.682,182.549,10.515
2839,uniform,bitmapscan,1,prefetch-complex,worker,3,32GB,0.003,0.054,28.531,1.848
2840,uniform,bitmapscan,0,prefetch-simple,worker,3,32GB,1.598,25.174,7382.725,273.939
2841,uniform,bitmapscan,1,prefetch-simple,sync,3,32GB,0.001,0.019,10.047,1.204
2842,uniform,indexscan,16,master,worker,3,32GB,27.313,99.659,26771.553,2530.019
2843,uniform,bitmapscan,16,master,sync,3,32GB,3.586,48.156,3261.339,515.74
2844,uniform,bitmapscan,16,prefetch-complex,worker,3,32GB,18.203,97.296,2682.166,1088.903
2845,uniform,bitmapscan,1,prefetch-complex,sync,3,32GB,0.004,0.08,51.408,2.232
2846,uniform,bitmapscan,0,prefetch-simple,worker,3,32GB,0.042,0.751,257.581,8.454
2847,uniform,bitmapscan,16,master,worker,12,32GB,0.001,0.019,3.65,1.144
2848,uniform,bitmapscan,16,master,io_uring,3,32GB,37.288,99.977,2770.584,1189.615
2849,uniform,bitmapscan,1,prefetch-simple,worker,3,32GB,0.003,0.062,27.575,1.736
2850,uniform,indexscan,16,prefetch-complex,worker,3,32GB,1.061,17.437,1940.874,100.788
2851,uniform,indexscan,1,prefetch-simple,io_uring,3,32GB,0.042,0.747,424.78,6.483
2852,uniform,indexscan,0,master,sync,3,32GB,37.29,99.979,27482.143,3451.985
2853,uniform,indexscan,0,prefetch-simple,io_uring,3,32GB,1.604,25.258,9215.168,163.518
2854,uniform,bitmapscan,16,master,io_uring,3,32GB,0.009,0.165,18.421,2.903
2855,uniform,bitmapscan,0,prefetch-simple,io_uring,3,32GB,0.062,1.117,344.389,9.934
2856,uniform,indexscan,0,prefetch-simple,sync,3,32GB,57.305,100.0,28638.075,4512.346
2857,uniform,indexscan,16,prefetch-simple,worker,3,32GB,0.043,0.767,88.509,6.508
2858,uniform,bitmapscan,1,prefetch-simple,worker,3,32GB,1.068,17.592,7201.878,153.61
2859,uniform,indexscan,16,prefetch-complex,worker,12,32GB,87.305,100.0,14857.03,6779.794
2860,uniform,bitmapscan,16,master,io_uring,3,32GB,0.209,3.691,461.927,27.964
2861,uniform,indexscan,0,master,worker,12,32GB,0.004,0.074,25.256,2.168
2862,uniform,indexscan,64,prefetch-simple,worker,12,32GB,2.409,35.505,3900.143,218.077
2863,uniform,indexscan,1,prefetch-complex,worker,12,32GB,0.013,0.242,143.89,3.875
2864,uniform,bitmapscan,1,prefetch-complex,worker,12,32GB,12.124,90.173,5729.737,994.2
2865,uniform,indexscan,64,prefetch-simple,worker,3,32GB,27.3,99.673,10209.519,2152.34
2866,uniform,indexscan,64,prefetch-simple,worker,12,32GB,97.311,100.0,15609.324,7581.983
2867,uniform,indexscan,0,prefetch-complex,worker,3,32GB,0.019,0.342,112.594,4.289
2868,uniform,bitmapscan,1,prefetch-simple,io_uring,3,32GB,97.301,100.0,5563.09,1325.574
2869,uniform,bitmapscan,16,prefetch-simple,worker,12,32GB,1.609,25.328,2444.715,257.611
2870,uniform,bitmapscan,64,prefetch-complex,io_uring,3,32GB,0.141,2.514,307.29,19.739
2871,uniform,bitmapscan,64,prefetch-complex,io_uring,3,32GB,0.094,1.685,200.332,13.468
2872,uniform,indexscan,64,master,sync,3,32GB,0.014,0.246,88.92,3.412
2873,uniform,indexscan,64,master,sync,3,32GB,0.002,0.038,12.896,1.296
2874,uniform,bitmapscan,16,master,worker,3,32GB,0.213,3.762,424.3,28.795
2875,uniform,indexscan,16,master,worker,3,32GB,0.142,2.518,906.429,16.063
2876,uniform,indexscan,1,master,worker,12,32GB,77.295,100.0,30759.722,7039.943
2877,uniform,bitmapscan,16,master,worker,12,32GB,18.189,97.274,2649.082,1081.238
2878,uniform,bitmapscan,16,prefetch-simple,worker,12,32GB,0.006,0.105,12.369,2.193
2879,uniform,indexscan,0,prefetch-simple,worker,12,32GB,3.594,48.197,16562.083,342.101
2880,uniform,indexscan,0,prefetch-complex,io_uring,3,32GB,97.308,100.0,31375.015,7554.379
2881,uniform,indexscan,0,master,sync,3,32GB,0.043,0.766,243.785,6.652
2882,uniform,bitmapscan,0,prefetch-complex,worker,12,32GB,47.277,99.999,5380.111,1301.149
2883,uniform,indexscan,16,master,worker,12,32GB,0.003,0.054,18.445,1.592
2884,uniform,bitmapscan,1,master,sync,3,32GB,0.003,0.051,22.868,1.659
2885,uniform,bitmapscan,16,prefetch-simple,worker,3,32GB,0.002,0.039,6.498,1.362
2886,uniform,indexscan,0,prefetch-simple,worker,3,32GB,0.062,1.11,381.668,8.293
2887,uniform,indexscan,64,master,io_uring,3,32GB,3.609,48.383,16392.614,336.579
2888,uniform,bitmapscan,16,prefetch-simple,io_uring,3,32GB,0.001,0.018,5.137,1.157
2889,uniform,bitmapscan,16,prefetch-simple,io_uring,3,32GB,0.317,5.543,670.528,39.97
2890,uniform,indexscan,1,prefetch-complex,worker,3,32GB,0.71,12.038,5787.449,64.111
2891,uniform,bitmapscan,0,prefetch-simple,io_uring,3,32GB,67.289,100.0,5201.314,1337.19
2892,uniform,indexscan,0,prefetch-simple,worker,12,32GB,77.303,100.0,30340.419,6082.42
2893,uniform,indexscan,1,prefetch-simple,worker,12,32GB,0.063,1.124,547.866,8.481
2894,uniform,bitmapscan,1,prefetch-simple,io_uring,3,32GB,87.31,100.0,5642.134,1296.783
2895,uniform,bitmapscan,1,master,worker,12,32GB,0.004,0.073,40.507,1.798
2896,uniform,bitmapscan,16,prefetch-simple,worker,3,32GB,0.216,3.832,455.078,26.281
2897,uniform,indexscan,0,prefetch-simple,worker,3,32GB,5.394,63.091,20294.344,476.083
2898,uniform,bitmapscan,1,prefetch-complex,io_uring,3,32GB,5.416,63.367,13352.936,658.808
2899,uniform,bitmapscan,64,prefetch-complex,worker,3,32GB,27.283,99.677,2758.15,1166.789
2900,uniform,indexscan,1,prefetch-simple,sync,3,32GB,0.041,0.734,398.427,6.118
2901,uniform,bitmapscan,16,master,sync,3,32GB,1.072,17.651,1709.313,153.183
2902,uniform,bitmapscan,1,prefetch-complex,worker,3,32GB,77.289,100.0,5538.018,1370.161
2903,uniform,bitmapscan,1,master,worker,3,32GB,0.004,0.07,44.752,1.784
2904,uniform,bitmapscan,64,master,worker,12,32GB,57.302,100.0,2841.234,1248.136
2905,uniform,bitmapscan,1,prefetch-simple,sync,3,32GB,0.013,0.232,106.655,3.841
2906,uniform,bitmapscan,16,prefetch-simple,worker,3,32GB,77.297,100.0,2924.634,1292.612
2907,uniform,indexscan,0,prefetch-complex,io_uring,3,32GB,1.061,17.464,6131.666,103.299
2908,uniform,bitmapscan,64,prefetch-complex,worker,12,32GB,27.289,99.679,2715.553,1187.241
2909,uniform,indexscan,16,prefetch-simple,worker,12,32GB,97.315,100.0,15801.207,7537.809
2910,uniform,bitmapscan,64,prefetch-complex,io_uring,3,32GB,12.131,90.222,2621.311,984.719
2911,uniform,bitmapscan,1,prefetch-complex,io_uring,3,32GB,37.275,99.977,5596.122,1238.5
2912,uniform,indexscan,0,prefetch-complex,io_uring,3,32GB,12.127,90.231,24506.752,1069.483
2913,uniform,indexscan,64,prefetch-complex,io_uring,3,32GB,0.063,1.134,122.411,8.158
2914,uniform,indexscan,0,prefetch-complex,worker,12,32GB,0.042,0.759,245.439,7.224
2915,uniform,indexscan,64,prefetch-complex,worker,12,32GB,0.042,0.752,84.181,6.362
2916,uniform,bitmapscan,16,prefetch-complex,worker,3,32GB,0.027,0.485,62.653,6.367
2917,uniform,indexscan,64,master,worker,3,32GB,0.002,0.036,13.744,1.397
2918,uniform,bitmapscan,1,master,worker,3,32GB,0.019,0.346,164.566,4.65
2919,uniform,bitmapscan,16,master,sync,3,32GB,67.289,100.0,2900.992,1265.283
2920,uniform,bitmapscan,1,prefetch-simple,worker,3,32GB,1.603,25.204,9501.774,262.798
2921,uniform,bitmapscan,1,prefetch-simple,worker,12,32GB,12.143,90.264,5866.435,967.405
2922,uniform,bitmapscan,1,prefetch-simple,io_uring,3,32GB,0.063,1.123,576.861,9.715
2923,uniform,bitmapscan,0,master,worker,12,32GB,27.307,99.67,5088.091,1130.462
2924,uniform,indexscan,1,prefetch-complex,sync,3,32GB,0.006,0.11,88.329,2.488
2925,uniform,indexscan,16,prefetch-simple,worker,3,32GB,0.001,0.018,3.53,1.104
2926,uniform,bitmapscan,16,master,sync,3,32GB,0.002,0.036,5.275,1.452
2927,uniform,indexscan,16,prefetch-simple,io_uring,3,32GB,12.131,90.226,8441.101,1004.768
2928,uniform,indexscan,1,prefetch-complex,sync,3,32GB,0.001,0.021,15.964,1.295
2929,uniform,indexscan,1,prefetch-complex,worker,3,32GB,0.013,0.234,104.058,3.399
2930,uniform,bitmapscan,16,prefetch-complex,worker,3,32GB,0.065,1.159,137.306,10.448
2931,uniform,indexscan,0,master,worker,3,32GB,12.124,90.232,24686.115,1136.147
2932,uniform,indexscan,0,prefetch-complex,worker,3,32GB,0.213,3.764,1458.442,22.923
2933,uniform,indexscan,64,prefetch-complex,worker,12,32GB,47.28,99.999,11525.215,3740.551
2934,uniform,indexscan,1,prefetch-simple,worker,3,32GB,18.188,97.273,38975.768,1456.106
2935,uniform,bitmapscan,1,prefetch-complex,io_uring,3,32GB,0.718,12.165,5704.251,119.095
2936,uniform,indexscan,0,prefetch-complex,worker,12,32GB,8.086,77.994,23635.832,715.34
2937,uniform,bitmapscan,16,prefetch-complex,sync,3,32GB,37.279,99.975,2803.932,1233.233
2938,uniform,bitmapscan,0,master,io_uring,3,32GB,27.313,99.655,5152.295,1177.099
2939,uniform,bitmapscan,16,master,io_uring,3,32GB,97.309,100.0,3092.979,1335.135
2940,uniform,bitmapscan,64,prefetch-simple,sync,3,32GB,0.093,1.667,246.343,13.114
2941,uniform,bitmapscan,0,master,io_uring,3,32GB,87.291,100.0,5381.332,1344.825
2942,uniform,indexscan,16,prefetch-complex,worker,12,32GB,0.009,0.165,18.744,2.758
2943,uniform,bitmapscan,1,prefetch-simple,sync,3,32GB,37.286,99.977,5465.865,1168.692
2944,uniform,bitmapscan,16,prefetch-complex,worker,3,32GB,0.715,12.083,1301.762,114.85
2945,uniform,bitmapscan,64,prefetch-complex,worker,3,32GB,0.018,0.332,39.727,4.487
2946,uniform,bitmapscan,64,prefetch-simple,io_uring,3,32GB,27.28,99.672,2708.767,1125.204
2947,uniform,indexscan,1,master,io_uring,3,32GB,0.002,0.035,11.978,1.437
2948,uniform,indexscan,1,prefetch-simple,sync,3,32GB,0.001,0.02,9.574,1.099
2949,uniform,indexscan,0,prefetch-simple,sync,3,32GB,12.131,90.233,24462.684,1023.356
2950,uniform,indexscan,64,master,worker,12,32GB,1.606,25.27,9074.76,162.195
2951,uniform,indexscan,64,prefetch-complex,worker,12,32GB,0.004,0.068,8.671,1.834
2952,uniform,indexscan,16,prefetch-simple,sync,3,32GB,57.276,100.0,12609.118,4517.723
2953,uniform,indexscan,1,prefetch-complex,io_uring,3,32GB,57.293,100.0,42490.667,4497.424
2954,uniform,indexscan,16,master,io_uring,3,32GB,67.288,100.0,30448.934,6102.495
2955,uniform,bitmapscan,16,prefetch-simple,sync,3,32GB,0.003,0.054,7.154,1.573
2956,uniform,indexscan,1,prefetch-simple,io_uring,3,32GB,12.15,90.258,36655.823,980.49
2957,uniform,bitmapscan,0,prefetch-complex,sync,3,32GB,0.028,0.497,163.891,6.279
2958,uniform,indexscan,64,prefetch-complex,worker,3,32GB,1.6,25.232,2818.146,138.801
2959,uniform,bitmapscan,1,prefetch-simple,worker,12,32GB,0.71,12.023,5489.603,115.965
2960,uniform,indexscan,64,master,worker,12,32GB,87.3,100.0,32002.17,8017.854
2961,uniform,bitmapscan,1,prefetch-complex,sync,3,32GB,0.042,0.756,382.036,7.672
2962,uniform,bitmapscan,64,master,io_uring,3,32GB,1.066,17.531,1839.567,151.494
2963,uniform,bitmapscan,0,prefetch-complex,sync,3,32GB,97.312,100.0,5540.328,1467.301
2964,uniform,indexscan,64,master,worker,3,32GB,0.472,8.164,2962.892,47.512
2965,uniform,indexscan,64,prefetch-complex,sync,3,32GB,1.599,25.217,2750.341,139.973
2966,uniform,bitmapscan,0,master,sync,3,32GB,8.096,78.191,5926.98,850.559
2967,uniform,indexscan,16,prefetch-complex,io_uring,3,32GB,0.028,0.501,84.762,4.936
2968,uniform,bitmapscan,0,master,io_uring,3,32GB,1.066,17.537,5379.251,162.278
2969,uniform,indexscan,1,prefetch-simple,sync,3,32GB,2.408,35.504,17367.967,207.428
2970,uniform,bitmapscan,1,prefetch-complex,worker,12,32GB,37.276,99.977,5495.868,1236.538
2971,uniform,bitmapscan,0,master,worker,3,32GB,0.063,1.138,411.69,10.369
2972,uniform,indexscan,64,master,worker,12,32GB,12.118,90.236,25799.255,1113.383
2973,uniform,bitmapscan,0,master,sync,3,32GB,0.001,0.017,7.097,1.091
2974,uniform,indexscan,64,prefetch-simple,sync,3,32GB,27.296,99.661,10201.422,2174.385
2975,uniform,indexscan,64,prefetch-simple,worker,3,32GB,57.289,100.0,12315.106,4452.978
2976,uniform,indexscan,64,master,io_uring,3,32GB,0.019,0.34,108.563,4.056
2977,uniform,bitmapscan,16,master,io_uring,3,32GB,0.003,0.053,8.513,1.515
2978,uniform,indexscan,1,prefetch-simple,worker,3,32GB,8.101,78.228,33996.563,655.466
2979,uniform,bitmapscan,64,master,worker,12,32GB,47.285,99.999,2817.897,1227.317
2980,uniform,indexscan,1,master,worker,3,32GB,0.475,8.223,2883.996,48.492
2981,uniform,indexscan,64,prefetch-simple,worker,12,32GB,0.475,8.208,993.892,44.214
2982,uniform,bitmapscan,1,master,sync,3,32GB,87.304,100.0,5573.537,1303.815
2983,uniform,bitmapscan,1,prefetch-complex,worker,12,32GB,0.013,0.237,115.898,3.956
2984,uniform,indexscan,0,prefetch-simple,worker,3,32GB,1.066,17.536,6185.538,102.54
2985,uniform,indexscan,64,master,io_uring,3,32GB,47.284,99.999,28538.135,4350.967
2986,uniform,indexscan,16,prefetch-simple,io_uring,3,32GB,0.002,0.033,4.91,1.282
2987,uniform,indexscan,1,master,sync,3,32GB,0.003,0.055,24.462,1.634
2988,uniform,bitmapscan,64,prefetch-simple,worker,3,32GB,27.306,99.658,2710.845,1119.795
2989,uniform,indexscan,1,prefetch-simple,sync,3,32GB,37.275,99.977,40155.801,2918.237
2990,uniform,bitmapscan,16,master,sync,3,32GB,0.003,0.055,7.718,1.555
2991,uniform,bitmapscan,1,prefetch-complex,worker,12,32GB,1.597,25.191,9696.664,255.581
2992,uniform,indexscan,0,master,worker,3,32GB,0.009,0.16,61.211,2.802
2993,uniform,indexscan,0,master,worker,3,32GB,27.315,99.657,26474.415,2478.171
2994,uniform,bitmapscan,0,prefetch-complex,worker,3,32GB,0.475,8.225,2690.308,63.765
2995,uniform,bitmapscan,64,prefetch-complex,io_uring,3,32GB,47.292,99.999,2820.75,1273.759
2996,uniform,indexscan,16,prefetch-complex,sync,3,32GB,0.003,0.05,6.669,1.681
2997,uniform,indexscan,0,prefetch-simple,io_uring,3,32GB,47.279,99.999,27601.162,3713.052
2998,uniform,bitmapscan,1,master,sync,3,32GB,2.401,35.388,11782.096,353.627
2999,uniform,indexscan,0,prefetch-simple,worker,12,32GB,0.095,1.697,621.915,11.752
3000,uniform,indexscan,1,prefetch-simple,worker,12,32GB,18.199,97.306,38158.36,1454.186
3001,uniform,bitmapscan,1,master,worker,12,32GB,0.142,2.528,1198.813,19.663
3002,uniform,bitmapscan,0,prefetch-complex,sync,3,32GB,0.009,0.167,67.085,3.269
3003,uniform,indexscan,1,prefetch-complex,worker,12,32GB,2.399,35.421,17246.246,203.351
3004,uniform,indexscan,1,master,io_uring,3,32GB,0.474,8.199,3060.137,50.382
3005,uniform,bitmapscan,64,prefetch-simple,worker,3,32GB,0.004,0.076,9.424,1.912
3006,uniform,indexscan,16,master,worker,3,32GB,1.607,25.28,8782.529,150.268
3007,uniform,indexscan,64,prefetch-complex,worker,12,32GB,0.094,1.68,201.452,11.275
3008,uniform,indexscan,16,prefetch-complex,io_uring,3,32GB,77.299,100.0,13978.837,6133.062
3009,uniform,bitmapscan,1,prefetch-simple,sync,3,32GB,0.042,0.753,383.419,7.544
3010,uniform,bitmapscan,16,master,sync,3,32GB,0.716,12.101,1259.787,116.381
3011,uniform,indexscan,64,prefetch-complex,sync,3,32GB,87.307,100.0,14742.196,6958.055
3012,uniform,bitmapscan,16,prefetch-simple,worker,12,32GB,97.312,100.0,3055.586,1313.294
3013,uniform,indexscan,16,prefetch-complex,worker,3,32GB,57.287,100.0,12606.436,4540.191
3014,uniform,indexscan,1,prefetch-simple,sync,3,32GB,8.098,78.146,33839.902,673.274
3015,uniform,indexscan,1,master,sync,3,32GB,2.409,35.509,12388.017,246.205
3016,uniform,indexscan,64,prefetch-complex,worker,12,32GB,5.386,63.063,7545.01,464.224
3017,uniform,indexscan,1,prefetch-simple,worker,12,32GB,0.013,0.229,102.594,3.294
3018,uniform,indexscan,1,master,worker,12,32GB,57.285,100.0,29160.1,5241.788
3019,uniform,bitmapscan,1,prefetch-complex,worker,12,32GB,0.321,5.619,2624.722,40.734
3020,uniform,bitmapscan,1,master,io_uring,3,32GB,77.292,100.0,5602.409,1306.339
3021,uniform,indexscan,16,master,io_uring,3,32GB,0.02,0.352,119.593,4.162
3022,uniform,indexscan,64,master,sync,3,32GB,0.003,0.052,23.369,1.929
3023,uniform,indexscan,0,master,worker,12,32GB,0.318,5.572,1903,32.723
3024,uniform,indexscan,1,prefetch-complex,sync,3,32GB,5.401,63.183,32604.563,462.915
3025,uniform,indexscan,16,master,worker,3,32GB,87.302,100.0,32165.357,7849.629
3026,uniform,bitmapscan,1,master,worker,12,32GB,0.006,0.11,52.134,2.364
3027,uniform,indexscan,0,master,worker,3,32GB,0.003,0.053,17.577,1.492
3028,uniform,indexscan,64,prefetch-complex,sync,3,32GB,0.041,0.741,110.975,6.155
3029,uniform,bitmapscan,1,prefetch-complex,sync,3,32GB,0.141,2.499,1292.291,18.055
3030,uniform,indexscan,64,prefetch-complex,sync,3,32GB,1.074,17.657,1969.108,94.304
3031,uniform,bitmapscan,64,master,worker,12,32GB,0.018,0.329,35.476,4.393
3032,uniform,bitmapscan,64,master,io_uring,3,32GB,67.288,100.0,2893.247,1252.574
3033,uniform,indexscan,0,master,worker,3,32GB,0.091,1.626,633.556,11.352
3034,uniform,indexscan,0,master,io_uring,3,32GB,2.397,35.374,12883.631,225.314
3035,uniform,indexscan,1,prefetch-complex,io_uring,3,32GB,67.295,100.0,42552.06,5293.902
3036,uniform,indexscan,16,prefetch-simple,io_uring,3,32GB,0.712,12.069,1394.2,63.915
3037,uniform,indexscan,0,master,sync,3,32GB,0.002,0.039,14.329,1.348
3038,uniform,bitmapscan,0,prefetch-complex,worker,3,32GB,0.027,0.492,169.919,6.004
3039,uniform,indexscan,64,prefetch-simple,io_uring,3,32GB,0.004,0.067,9.795,1.789
3040,uniform,bitmapscan,1,prefetch-complex,io_uring,3,32GB,0.006,0.106,46.572,2.356
3041,uniform,indexscan,16,prefetch-simple,worker,12,32GB,0.211,3.724,395.001,21.371
3042,uniform,bitmapscan,1,prefetch-complex,worker,12,32GB,27.286,99.685,5437.582,1158.536
3043,uniform,bitmapscan,0,master,sync,3,32GB,67.299,100.0,5343.351,1289.23
3044,uniform,bitmapscan,1,master,worker,3,32GB,0.001,0.017,8.687,1.058
3045,uniform,indexscan,16,prefetch-complex,sync,3,32GB,0.001,0.019,3.55,1.272
3046,uniform,bitmapscan,64,prefetch-simple,worker,3,32GB,47.296,99.999,2820.839,1230.175
3047,uniform,indexscan,1,prefetch-simple,worker,3,32GB,3.593,48.247,23976.525,308.382
3048,uniform,indexscan,1,master,worker,3,32GB,0.004,0.071,25.044,1.726
3049,uniform,bitmapscan,64,master,io_uring,3,32GB,12.133,90.172,2637.9,933.24
3050,uniform,bitmapscan,1,master,io_uring,3,32GB,0.709,12.026,5491.458,112.643
3051,uniform,bitmapscan,16,prefetch-simple,worker,3,32GB,0.003,0.056,7.436,1.681
3052,uniform,bitmapscan,16,prefetch-simple,worker,3,32GB,0.018,0.33,40.121,4.08
3053,uniform,bitmapscan,0,prefetch-simple,sync,3,32GB,0.019,0.337,112.245,4.649
3054,uniform,bitmapscan,64,prefetch-simple,io_uring,3,32GB,18.187,97.292,2659.333,1057.72
3055,uniform,indexscan,16,prefetch-simple,io_uring,3,32GB,0.316,5.547,689.408,29.785
3056,uniform,indexscan,64,prefetch-simple,worker,12,32GB,0.064,1.137,125.795,8.657
3057,uniform,bitmapscan,0,prefetch-simple,io_uring,3,32GB,12.122,90.232,4833.39,995.279
3058,uniform,indexscan,1,prefetch-simple,worker,3,32GB,0.71,12.032,5642.105,62.507
3059,uniform,bitmapscan,64,prefetch-simple,sync,3,32GB,2.405,35.464,2846.279,349.404
3060,uniform,bitmapscan,64,prefetch-simple,io_uring,3,32GB,0.041,0.735,82.961,6.997
3061,uniform,indexscan,64,master,worker,3,32GB,0.14,2.483,880.682,15.903
3062,uniform,indexscan,1,master,io_uring,3,32GB,0.707,12.0,4165.013,71.734
3063,uniform,indexscan,1,prefetch-complex,worker,3,32GB,2.401,35.41,17248.389,205.792
3064,uniform,indexscan,1,prefetch-simple,worker,12,32GB,0.006,0.105,53.647,2.1
3065,uniform,bitmapscan,16,prefetch-complex,io_uring,3,32GB,1.594,25.127,2300.603,284.588
3066,uniform,bitmapscan,0,prefetch-complex,worker,3,32GB,1.599,25.172,7402.699,278.19
3067,uniform,bitmapscan,16,prefetch-simple,worker,12,32GB,1.062,17.486,1716.955,155.21
3068,uniform,indexscan,16,prefetch-complex,io_uring,3,32GB,37.274,99.977,11013.916,2968.381
3069,uniform,bitmapscan,0,master,io_uring,3,32GB,8.101,78.187,5999.006,870.422
3070,uniform,indexscan,64,master,sync,3,32GB,0.028,0.501,175.292,5.323
3071,uniform,bitmapscan,16,prefetch-simple,worker,3,32GB,27.297,99.661,2708.811,1120.501
3072,uniform,indexscan,1,prefetch-simple,sync,3,32GB,87.295,100.0,44299.81,6838.071
3073,uniform,bitmapscan,64,prefetch-simple,worker,3,32GB,97.31,100.0,3050.566,1322.164
3074,uniform,indexscan,0,master,worker,3,32GB,0.71,12.053,4323.349,71.244
3075,uniform,indexscan,0,master,io_uring,3,32GB,12.142,90.24,24160.722,1117.679
3076,uniform,indexscan,16,prefetch-simple,worker,3,32GB,12.143,90.288,8203.59,1007.079
3077,uniform,bitmapscan,64,prefetch-complex,worker,3,32GB,0.21,3.702,456.044,26.125
3078,uniform,bitmapscan,64,master,worker,3,32GB,1.067,17.583,2587.045,156.54
3079,uniform,indexscan,1,prefetch-simple,worker,12,32GB,0.003,0.047,26.898,1.551
3080,uniform,bitmapscan,0,prefetch-simple,io_uring,3,32GB,47.299,99.999,5146.558,1236.178
3081,uniform,bitmapscan,0,prefetch-complex,worker,3,32GB,0.316,5.53,1890.467,47.529
3082,uniform,bitmapscan,64,master,sync,3,32GB,12.134,90.251,2606.262,947.803
3083,uniform,bitmapscan,1,master,worker,3,32GB,0.474,8.209,3766.242,56.01
3084,uniform,bitmapscan,0,master,io_uring,3,32GB,12.141,90.247,4880.94,1004.435
3085,uniform,indexscan,16,master,io_uring,3,32GB,97.308,100.0,33030.251,8903.058
3086,uniform,bitmapscan,64,master,sync,3,32GB,57.289,100.0,2833.433,1261.986
3087,uniform,indexscan,0,master,worker,12,32GB,8.079,78.062,23784.215,771.01
3088,uniform,indexscan,16,prefetch-complex,worker,12,32GB,0.004,0.067,8.562,1.817
3089,uniform,indexscan,1,master,worker,12,32GB,0.47,8.13,2891.898,47.55
3090,uniform,indexscan,64,prefetch-simple,worker,3,32GB,0.063,1.12,151.118,8.54
3091,uniform,bitmapscan,16,master,io_uring,3,32GB,1.603,25.234,2249.475,255.949
3092,uniform,indexscan,0,prefetch-simple,worker,12,32GB,1.064,17.499,6178.087,105.639
3093,uniform,indexscan,16,master,sync,3,32GB,0.042,0.755,268.807,7.656
3094,uniform,bitmapscan,0,master,worker,3,32GB,97.313,100.0,5416.512,1341.85
3095,uniform,indexscan,1,prefetch-complex,io_uring,3,32GB,2.4,35.424,17640.548,206.001
3096,uniform,indexscan,0,prefetch-simple,io_uring,3,32GB,37.29,99.981,26774.902,2976.717
3097,uniform,indexscan,0,prefetch-complex,sync,3,32GB,5.392,63.102,21052.62,505.848
3098,uniform,bitmapscan,0,prefetch-complex,worker,12,32GB,0.042,0.762,274.339,8.289
3099,uniform,bitmapscan,64,master,sync,3,32GB,2.394,35.37,2812.531,351.652
3100,uniform,indexscan,16,prefetch-simple,sync,3,32GB,1.589,25.05,2926.243,140.415
3101,uniform,indexscan,16,prefetch-complex,io_uring,3,32GB,27.316,99.659,10207.573,2168.553
3102,uniform,bitmapscan,0,master,worker,3,32GB,8.082,78.013,5988.511,874.497
3103,uniform,bitmapscan,1,prefetch-simple,worker,3,32GB,0.475,8.212,3750.508,55.214
3104,uniform,bitmapscan,64,master,worker,12,32GB,0.042,0.748,88.967,7.493
3105,uniform,indexscan,1,prefetch-complex,worker,12,32GB,0.001,0.016,31.606,1.377
3106,uniform,bitmapscan,0,prefetch-complex,worker,12,32GB,0.012,0.224,73.632,3.932
3107,uniform,bitmapscan,1,master,worker,3,32GB,27.29,99.664,5364.644,1115.708
3108,uniform,bitmapscan,16,prefetch-complex,sync,3,32GB,2.401,35.486,2908.497,371.447
3109,uniform,bitmapscan,1,prefetch-simple,worker,3,32GB,0.002,0.037,17.227,1.389
3110,uniform,bitmapscan,0,prefetch-complex,io_uring,3,32GB,2.386,35.207,8984.028,377.031
3111,uniform,bitmapscan,64,prefetch-complex,io_uring,3,32GB,3.592,48.198,3521.534,514.775
3112,uniform,bitmapscan,64,prefetch-simple,io_uring,3,32GB,0.006,0.109,14.055,2.219
3113,uniform,indexscan,0,master,sync,3,32GB,0.013,0.235,80.725,3.38
3114,uniform,indexscan,1,master,io_uring,3,32GB,0.009,0.154,63.022,2.773
3115,uniform,indexscan,64,prefetch-simple,sync,3,32GB,5.394,63.134,6768.997,450.695
3116,uniform,bitmapscan,16,prefetch-simple,io_uring,3,32GB,0.141,2.507,287.996,18.883
3117,uniform,bitmapscan,16,master,worker,3,32GB,0.004,0.067,19.144,1.805
3118,uniform,indexscan,1,master,worker,12,32GB,87.303,100.0,31577.518,8059.823
3119,uniform,bitmapscan,16,prefetch-complex,worker,12,32GB,12.131,90.235,2614.984,1011.185
3120,uniform,indexscan,64,prefetch-simple,worker,3,32GB,87.301,100.0,15366.664,6780.123
3121,uniform,indexscan,64,prefetch-simple,worker,12,32GB,87.304,100.0,14972.983,6834.619
3122,uniform,bitmapscan,0,prefetch-complex,worker,3,32GB,0.095,1.697,547.033,14.823
3123,uniform,indexscan,64,prefetch-simple,worker,12,32GB,37.275,99.977,11073.761,2906.849
3124,uniform,indexscan,64,prefetch-complex,worker,12,32GB,0.214,3.793,427.302,22.184
3125,uniform,bitmapscan,1,prefetch-simple,sync,3,32GB,47.29,99.999,5469.502,1234.8
3126,uniform,indexscan,16,master,sync,3,32GB,1.064,17.528,6157.646,103.691
3127,uniform,bitmapscan,0,prefetch-simple,worker,3,32GB,37.29,99.981,5116.655,1230.465
3128,uniform,indexscan,0,prefetch-complex,worker,3,32GB,57.303,100.0,29463.247,4536.904
3129,uniform,bitmapscan,16,prefetch-simple,worker,3,32GB,0.006,0.109,12.554,2.248
3130,uniform,bitmapscan,64,prefetch-simple,worker,3,32GB,0.314,5.511,598.839,39.25
3131,uniform,bitmapscan,1,prefetch-complex,worker,3,32GB,27.277,99.672,5548.543,1133.023
3132,uniform,indexscan,64,prefetch-simple,worker,3,32GB,1.589,25.09,2900.479,140.749
3133,uniform,indexscan,1,master,worker,3,32GB,87.306,100.0,34434.279,7924.883
3134,uniform,bitmapscan,16,prefetch-simple,io_uring,3,32GB,0.064,1.14,134.643,9.667
3135,uniform,bitmapscan,64,master,worker,3,32GB,0.009,0.159,18.034,2.742
3136,uniform,indexscan,1,prefetch-complex,worker,12,32GB,67.279,100.0,42670.666,5299.344
3137,uniform,indexscan,16,prefetch-simple,io_uring,3,32GB,97.31,100.0,16047.682,7535.031
3138,uniform,bitmapscan,64,prefetch-simple,sync,3,32GB,0.062,1.116,131.599,9.208
3139,uniform,indexscan,1,master,sync,3,32GB,5.385,63.132,20640.952,508.893
3140,uniform,bitmapscan,1,prefetch-complex,worker,12,32GB,47.285,99.998,5472.479,1288.282
3141,uniform,indexscan,16,prefetch-complex,sync,3,32GB,47.281,99.999,11810.132,3699.403
3142,uniform,bitmapscan,16,prefetch-simple,sync,3,32GB,0.009,0.158,18.118,2.736
3143,uniform,bitmapscan,0,master,worker,12,32GB,77.301,100.0,5300.966,1304.442
3144,uniform,indexscan,64,master,worker,3,32GB,0.212,3.741,1401.963,22.224
3145,uniform,indexscan,16,prefetch-simple,worker,12,32GB,0.469,8.126,937.097,42.778
3146,uniform,bitmapscan,16,prefetch-simple,io_uring,3,32GB,1.593,25.114,2285.28,258.692
3147,uniform,bitmapscan,16,master,worker,3,32GB,0.144,2.56,284.494,19.789
3148,uniform,bitmapscan,16,master,worker,3,32GB,0.003,0.061,7.864,1.651
3149,uniform,bitmapscan,64,master,sync,3,32GB,47.281,99.999,2821.497,1203.648
3150,uniform,indexscan,0,prefetch-simple,worker,12,32GB,0.001,0.017,7.121,1.136
3151,uniform,bitmapscan,1,master,worker,12,32GB,97.304,100.0,5798.869,1334.59
3152,uniform,bitmapscan,16,prefetch-simple,sync,3,32GB,5.393,63.143,3392.529,647.232
3153,uniform,indexscan,64,master,io_uring,3,32GB,8.1,78.158,23278.886,763.951
3154,uniform,indexscan,16,master,worker,3,32GB,0.001,0.019,7.143,1.082
3155,uniform,indexscan,64,prefetch-simple,io_uring,3,32GB,5.387,63.07,6863.999,454.8
3156,uniform,indexscan,16,master,worker,3,32GB,0.009,0.163,79.936,2.936
3157,uniform,bitmapscan,0,master,io_uring,3,32GB,5.398,63.182,12046.013,670.801
3158,uniform,indexscan,1,prefetch-complex,worker,3,32GB,0.042,0.752,358.158,6.463
3159,uniform,indexscan,1,prefetch-simple,worker,12,32GB,3.585,48.111,23004.635,301.28
3160,uniform,bitmapscan,16,prefetch-complex,worker,12,32GB,0.094,1.675,173.139,13.248
3161,uniform,indexscan,64,master,worker,12,32GB,0.141,2.513,904.757,16.023
3162,uniform,bitmapscan,0,master,worker,12,32GB,47.291,99.999,5241.988,1280.216
3163,uniform,indexscan,0,prefetch-complex,sync,3,32GB,57.279,100.0,27867.82,4565.749
3164,uniform,indexscan,0,prefetch-complex,sync,3,32GB,0.002,0.038,18.413,1.647
3165,uniform,indexscan,1,master,io_uring,3,32GB,0.141,2.518,859.277,15.778
3166,uniform,bitmapscan,16,prefetch-complex,worker,3,32GB,1.602,25.23,2354.985,265.102
3167,uniform,indexscan,1,prefetch-complex,io_uring,3,32GB,1.589,25.067,12586.847,140.196
3168,uniform,indexscan,0,master,worker,3,32GB,0.001,0.017,7.103,1.086
3169,linear,indexscan,16,master,sync,3,32GB,0.006,0.006,3.69,1.057
3170,linear,indexscan,64,prefetch-complex,worker,3,32GB,0.042,0.042,5.238,1.937
3171,linear,bitmapscan,64,master,io_uring,3,32GB,8.092,8.092,290.466,108.69
3172,linear,bitmapscan,0,prefetch-simple,worker,12,32GB,0.141,0.141,11.201,3.638
3173,linear,indexscan,64,prefetch-simple,io_uring,3,32GB,0.711,0.711,42.432,10.851
3174,linear,indexscan,1,master,sync,3,32GB,0.009,0.009,3.13,1.054
3175,linear,indexscan,0,master,worker,12,32GB,0.474,0.474,32.81,7.949
3176,linear,bitmapscan,1,prefetch-simple,worker,3,32GB,1.599,1.599,116.331,23.313
3177,linear,indexscan,64,prefetch-simple,sync,3,32GB,8.092,8.092,512.213,94.798
3178,linear,indexscan,16,prefetch-simple,sync,3,32GB,3.597,3.597,208.571,45.089
3179,linear,bitmapscan,16,prefetch-simple,sync,3,32GB,0.094,0.094,6.694,2.622
3180,linear,bitmapscan,1,prefetch-complex,worker,3,32GB,27.31,27.31,1566.391,396.072
3181,linear,indexscan,1,prefetch-complex,io_uring,3,32GB,5.395,5.395,314.416,68.745
3182,linear,bitmapscan,1,master,worker,3,32GB,0.013,0.013,2.773,1.209
3183,linear,bitmapscan,16,prefetch-complex,io_uring,3,32GB,8.092,8.092,239.167,117.201
3184,linear,indexscan,16,prefetch-simple,worker,3,32GB,0.013,0.013,2.633,1.147
3185,linear,bitmapscan,16,master,worker,3,32GB,8.092,8.092,206.494,109.605
3186,linear,indexscan,1,prefetch-complex,sync,3,32GB,0.063,0.063,6.51,2.223
3187,linear,bitmapscan,64,prefetch-complex,worker,12,32GB,77.31,77.31,2477.152,1121.115
3188,linear,bitmapscan,64,prefetch-simple,sync,3,32GB,0.019,0.019,2.851,1.398
3189,linear,indexscan,16,prefetch-complex,worker,3,32GB,57.31,57.31,1425.66,680.071
3190,linear,bitmapscan,1,prefetch-complex,worker,12,32GB,87.31,87.31,5029.281,1265.757
3191,linear,indexscan,16,prefetch-complex,io_uring,3,32GB,0.006,0.006,2.378,1.233
3192,linear,bitmapscan,0,master,sync,3,32GB,37.31,37.31,2135.135,513.886
3193,linear,indexscan,64,prefetch-complex,sync,3,32GB,3.597,3.597,93.051,47.228
3194,linear,bitmapscan,1,master,io_uring,3,32GB,2.398,2.398,141.212,33.627
3195,linear,bitmapscan,1,master,io_uring,3,32GB,0.063,0.063,5.774,2.092
3196,linear,bitmapscan,0,prefetch-simple,io_uring,3,32GB,47.31,47.31,2454.49,650.715
3197,linear,bitmapscan,1,prefetch-complex,sync,3,32GB,57.31,57.31,3344.028,827.144
3198,linear,indexscan,1,master,worker,12,32GB,0.042,0.042,4.889,1.665
3199,linear,indexscan,16,prefetch-simple,sync,3,32GB,0.211,0.211,14.123,4.266
3200,linear,indexscan,64,prefetch-simple,worker,12,32GB,0.211,0.211,14.678,4.502
3201,linear,bitmapscan,16,prefetch-simple,worker,12,32GB,0.003,0.003,1.901,0.945
3202,linear,indexscan,0,prefetch-complex,io_uring,3,32GB,37.31,37.31,1927.58,456.828
3203,linear,indexscan,0,prefetch-complex,sync,3,32GB,0.028,0.028,3.789,1.721
3204,linear,indexscan,0,prefetch-complex,io_uring,3,32GB,0.001,0.001,1.68,1.051
3205,linear,indexscan,0,master,worker,12,32GB,27.31,27.31,1725.127,316.667
3206,linear,indexscan,1,master,sync,3,32GB,18.207,18.207,1091.758,217.285
3207,linear,indexscan,0,prefetch-simple,io_uring,3,32GB,97.31,97.31,5156.743,1134.901
3208,linear,bitmapscan,64,master,worker,3,32GB,5.395,5.395,124.017,75.608
3209,linear,indexscan,1,prefetch-complex,worker,12,32GB,0.003,0.003,2.034,1.103
3210,linear,bitmapscan,16,prefetch-complex,sync,3,32GB,77.31,77.31,2353.22,1116.668
3211,linear,indexscan,64,prefetch-simple,io_uring,3,32GB,0.003,0.003,1.966,0.988
3212,linear,bitmapscan,64,prefetch-complex,sync,3,32GB,37.31,37.31,990.31,542.679
3213,linear,bitmapscan,1,prefetch-simple,sync,3,32GB,27.31,27.31,1556.989,362.633
3214,linear,indexscan,16,prefetch-simple,sync,3,32GB,37.31,37.31,1992.673,435.616
3215,linear,indexscan,1,prefetch-complex,worker,3,32GB,0.094,0.094,8.288,2.761
3216,linear,bitmapscan,16,prefetch-complex,sync,3,32GB,37.31,37.31,1002.306,538.582
3217,linear,indexscan,0,master,sync,3,32GB,0.009,0.009,2.342,1.047
3218,linear,indexscan,16,prefetch-complex,sync,3,32GB,12.138,12.138,197.757,149.21
3219,linear,bitmapscan,0,prefetch-complex,io_uring,3,32GB,97.31,97.31,5411.454,1426.621
3220,linear,bitmapscan,1,prefetch-complex,worker,12,32GB,1.066,1.066,80.406,17.956
3221,linear,bitmapscan,64,prefetch-complex,io_uring,3,32GB,1.066,1.066,27.898,18.557
3222,linear,indexscan,1,prefetch-simple,worker,3,32GB,0.004,0.004,2.407,0.938
3223,linear,bitmapscan,64,prefetch-simple,io_uring,3,32GB,8.092,8.092,205.883,106.329
3224,linear,indexscan,0,prefetch-complex,sync,3,32GB,2.398,2.398,171.735,34.462
3225,linear,bitmapscan,64,master,io_uring,3,32GB,0.316,0.316,9.974,6.344
3226,linear,indexscan,0,prefetch-simple,io_uring,3,32GB,0.141,0.141,10.871,3.582
3227,linear,bitmapscan,16,master,worker,3,32GB,0.002,0.002,1.745,0.924
3228,linear,bitmapscan,0,prefetch-complex,sync,3,32GB,87.31,87.31,4982.67,1274.045
3229,linear,indexscan,1,master,io_uring,3,32GB,8.092,8.092,512.414,100.966
3230,linear,bitmapscan,16,prefetch-complex,sync,3,32GB,3.597,3.597,108.832,53.489
3231,linear,indexscan,1,master,worker,3,32GB,97.31,97.31,5742.142,1104.396
3232,linear,indexscan,16,prefetch-complex,sync,3,32GB,27.31,27.31,524.867,342.095
3233,linear,bitmapscan,64,master,worker,12,32GB,67.31,67.31,1977.971,891.634
3234,linear,bitmapscan,16,prefetch-simple,worker,12,32GB,0.063,0.063,4.31,2.072
3235,linear,bitmapscan,16,prefetch-complex,io_uring,3,32GB,27.31,27.31,709.414,395.044
3236,linear,indexscan,16,prefetch-complex,io_uring,3,32GB,8.092,8.092,148.708,100.481
3237,linear,bitmapscan,16,prefetch-complex,sync,3,32GB,0.711,0.711,20.473,13.073
3238,linear,bitmapscan,0,prefetch-simple,worker,3,32GB,0.009,0.009,2.279,1.102
3239,linear,indexscan,1,master,io_uring,3,32GB,0.028,0.028,5.221,1.42
3240,linear,indexscan,64,prefetch-complex,sync,3,32GB,27.31,27.31,569.966,329.988
3241,linear,indexscan,0,prefetch-complex,io_uring,3,32GB,1.599,1.599,90.631,23.485
3242,linear,indexscan,64,prefetch-simple,sync,3,32GB,12.138,12.138,685.028,144.688
3243,linear,indexscan,0,prefetch-complex,io_uring,3,32GB,87.31,87.31,4673.86,1059.001
3244,linear,indexscan,64,master,worker,3,32GB,0.028,0.028,3.53,1.554
3245,linear,indexscan,0,prefetch-complex,io_uring,3,32GB,0.013,0.013,2.596,1.335
3246,linear,bitmapscan,64,prefetch-complex,sync,3,32GB,1.066,1.066,29.129,18.388
3247,linear,bitmapscan,16,master,worker,3,32GB,0.019,0.019,2.738,1.272
3248,linear,bitmapscan,64,master,io_uring,3,32GB,37.31,37.31,1009.518,491.205
3249,linear,indexscan,16,master,worker,12,32GB,0.013,0.013,2.651,1.184
3250,linear,indexscan,16,prefetch-complex,sync,3,32GB,57.31,57.31,1402.411,685.883
3251,linear,bitmapscan,16,prefetch-simple,worker,3,32GB,18.207,18.207,384.997,267.506
3252,linear,indexscan,0,master,io_uring,3,32GB,0.009,0.009,2.252,1.012
3253,linear,indexscan,1,master,worker,3,32GB,8.092,8.092,529.381,96.38
3254,linear,bitmapscan,0,prefetch-simple,worker,12,32GB,0.474,0.474,29.429,8.656
3255,linear,indexscan,64,master,worker,3,32GB,0.211,0.211,16.169,4.29
3256,linear,indexscan,16,prefetch-complex,io_uring,3,32GB,0.019,0.019,2.739,1.391
3257,linear,indexscan,16,master,sync,3,32GB,2.398,2.398,152.615,31.689
3258,linear,indexscan,0,master,worker,12,32GB,1.599,1.599,115.385,21.647
3259,linear,indexscan,0,prefetch-simple,worker,12,32GB,0.042,0.042,4.257,1.702
3260,linear,bitmapscan,64,prefetch-complex,sync,3,32GB,97.31,97.31,3096.541,1386.547
3261,linear,bitmapscan,1,prefetch-complex,sync,3,32GB,37.31,37.31,2267.792,543.406
3262,linear,bitmapscan,16,prefetch-simple,worker,12,32GB,77.31,77.31,2307.415,1021.269
3263,linear,indexscan,0,master,worker,3,32GB,67.31,67.31,4062.262,781.853
3264,linear,bitmapscan,64,master,io_uring,3,32GB,1.066,1.066,28.668,16.375
3265,linear,bitmapscan,0,prefetch-complex,sync,3,32GB,57.31,57.31,3194.025,848.071
3266,linear,bitmapscan,16,master,worker,3,32GB,0.211,0.211,7.584,5.727
3267,linear,bitmapscan,1,master,worker,3,32GB,5.395,5.395,323.19,76.042
3268,linear,bitmapscan,16,prefetch-complex,sync,3,32GB,0.002,0.002,1.917,1.131
3269,linear,indexscan,0,prefetch-complex,worker,12,32GB,0.013,0.013,2.866,1.363
3270,linear,indexscan,0,prefetch-simple,sync,3,32GB,87.31,87.31,4586.348,1022.366
3271,linear,bitmapscan,64,prefetch-complex,io_uring,3,32GB,0.006,0.006,2.428,1.242
3272,linear,indexscan,64,prefetch-complex,worker,12,32GB,0.009,0.009,2.438,1.258
3273,linear,bitmapscan,16,prefetch-complex,worker,12,32GB,0.001,0.001,1.711,1.053
3274,linear,indexscan,16,prefetch-complex,worker,3,32GB,0.474,0.474,12.109,8.418
3275,linear,bitmapscan,16,master,worker,12,32GB,8.092,8.092,173.804,108.767
3276,linear,bitmapscan,1,master,worker,12,32GB,27.31,27.31,1684.508,368.642
3277,linear,indexscan,1,master,sync,3,32GB,0.042,0.042,4.755,1.771
3278,linear,indexscan,0,prefetch-complex,worker,12,32GB,3.597,3.597,211.064,47.704
3279,linear,indexscan,0,prefetch-simple,worker,3,32GB,0.094,0.094,7.698,2.634
3280,linear,bitmapscan,64,prefetch-simple,worker,3,32GB,1.599,1.599,37.92,23.807
3281,linear,bitmapscan,16,prefetch-complex,worker,3,32GB,3.597,3.597,89.595,54.82
3282,linear,bitmapscan,64,prefetch-complex,worker,12,32GB,1.599,1.599,40.708,25.951
3283,linear,bitmapscan,64,prefetch-complex,worker,3,32GB,0.006,0.006,2.815,1.207
3284,linear,bitmapscan,0,prefetch-complex,sync,3,32GB,0.009,0.009,2.454,1.241
3285,linear,bitmapscan,1,master,worker,12,32GB,0.094,0.094,8.159,2.589
3286,linear,indexscan,64,prefetch-complex,worker,12,32GB,3.597,3.597,64.744,46.807
3287,linear,indexscan,64,prefetch-simple,io_uring,3,32GB,1.066,1.066,63.067,15.28
3288,linear,indexscan,64,master,sync,3,32GB,0.006,0.006,2.088,1.042
3289,linear,indexscan,0,prefetch-simple,sync,3,32GB,0.009,0.009,2.199,1.052
3290,linear,bitmapscan,64,prefetch-complex,worker,3,32GB,0.002,0.002,1.886,1.098
3291,linear,bitmapscan,64,prefetch-simple,worker,3,32GB,0.003,0.003,1.826,1.024
3292,linear,bitmapscan,64,prefetch-complex,io_uring,3,32GB,57.31,57.31,1702.533,825.565
3293,linear,bitmapscan,16,master,worker,3,32GB,0.042,0.042,3.402,1.741
3294,linear,indexscan,16,master,worker,12,32GB,0.141,0.141,11.978,4.103
3295,linear,indexscan,64,master,sync,3,32GB,0.063,0.063,6.266,2.143
3296,linear,bitmapscan,0,prefetch-simple,worker,12,32GB,2.398,2.398,154.766,33.713
3297,linear,bitmapscan,16,prefetch-simple,sync,3,32GB,67.31,67.31,1935.992,881.583
3298,linear,indexscan,16,prefetch-complex,worker,12,32GB,0.063,0.063,11.951,2.284
3299,linear,indexscan,64,prefetch-complex,worker,12,32GB,67.31,67.31,1689.571,799.636
3300,linear,indexscan,16,prefetch-simple,sync,3,32GB,0.094,0.094,8.035,2.61
3301,linear,bitmapscan,16,master,worker,3,32GB,0.001,0.001,1.588,0.875
3302,linear,bitmapscan,0,prefetch-complex,worker,12,32GB,0.013,0.013,2.773,1.357
3303,linear,indexscan,1,prefetch-complex,worker,12,32GB,12.138,12.138,670.248,147.542
3304,linear,indexscan,1,prefetch-simple,io_uring,3,32GB,0.006,0.006,2.287,1.03
3305,linear,indexscan,64,prefetch-simple,io_uring,3,32GB,0.001,0.001,1.863,0.913
3306,linear,bitmapscan,16,master,worker,12,32GB,67.31,67.31,1957.839,888.153
3307,linear,indexscan,16,master,worker,3,32GB,97.31,97.31,5808.602,1099.264
3308,linear,indexscan,1,prefetch-simple,worker,12,32GB,0.211,0.211,17.022,4.521
3309,linear,indexscan,16,master,sync,3,32GB,0.211,0.211,16.666,5.293
3310,linear,indexscan,16,prefetch-complex,io_uring,3,32GB,0.028,0.028,2.985,1.586
3311,linear,indexscan,64,prefetch-simple,io_uring,3,32GB,97.31,97.31,5244.974,1108.51
3312,linear,bitmapscan,1,master,io_uring,3,32GB,77.31,77.31,4434.3,1016.948
3313,linear,indexscan,1,master,io_uring,3,32GB,3.597,3.597,258.123,46.337
3314,linear,indexscan,0,prefetch-simple,io_uring,3,32GB,2.398,2.398,184.29,34.22
3315,linear,indexscan,16,prefetch-complex,io_uring,3,32GB,1.599,1.599,30.335,22.928
3316,linear,bitmapscan,0,master,worker,3,32GB,87.31,87.31,4680.216,1193.406
3317,linear,indexscan,64,prefetch-simple,sync,3,32GB,0.003,0.003,1.817,0.962
3318,linear,bitmapscan,1,master,worker,3,32GB,0.711,0.711,59.895,12.024
3319,linear,indexscan,64,prefetch-simple,worker,3,32GB,0.004,0.004,2.036,1.006
3320,linear,indexscan,16,prefetch-complex,sync,3,32GB,5.395,5.395,91.572,67.031
3321,linear,bitmapscan,1,prefetch-simple,io_uring,3,32GB,67.31,67.31,3761.161,882.796
3322,linear,bitmapscan,1,prefetch-simple,worker,12,32GB,0.042,0.042,4.741,1.843
3323,linear,indexscan,16,master,sync,3,32GB,87.31,87.31,5200.417,1001.721
3324,linear,indexscan,16,prefetch-simple,sync,3,32GB,0.316,0.316,24.292,6.008
3325,linear,bitmapscan,1,prefetch-simple,io_uring,3,32GB,12.138,12.138,731.544,168.426
3326,linear,indexscan,64,prefetch-simple,io_uring,3,32GB,5.395,5.395,304.097,66.352
3327,linear,bitmapscan,64,prefetch-complex,io_uring,3,32GB,0.013,0.013,2.953,1.478
3328,linear,indexscan,16,prefetch-simple,io_uring,3,32GB,0.019,0.019,3.138,1.258
3329,linear,bitmapscan,16,master,worker,12,32GB,0.028,0.028,3.261,1.435
3330,linear,indexscan,16,master,worker,12,32GB,0.006,0.006,2.077,0.984
3331,linear,bitmapscan,0,master,worker,3,32GB,0.474,0.474,29.438,8.794
3332,linear,bitmapscan,16,prefetch-complex,worker,12,32GB,0.002,0.002,19.84,1.178
3333,linear,bitmapscan,16,prefetch-simple,worker,3,32GB,0.019,0.019,2.744,1.308
3334,linear,bitmapscan,1,prefetch-simple,sync,3,32GB,0.042,0.042,4.458,1.737
3335,linear,indexscan,16,prefetch-complex,worker,3,32GB,0.004,0.004,2.112,1.174
3336,linear,indexscan,64,master,io_uring,3,32GB,0.019,0.019,3.042,1.233
3337,linear,bitmapscan,0,prefetch-simple,worker,3,32GB,97.31,97.31,5279.236,1317.586
3338,linear,indexscan,64,prefetch-simple,worker,12,32GB,47.31,47.31,2620.505,549.152
3339,linear,bitmapscan,16,prefetch-simple,io_uring,3,32GB,5.395,5.395,130.304,75.586
3340,linear,bitmapscan,64,prefetch-complex,worker,3,32GB,0.004,0.004,2.095,1.14
3341,linear,bitmapscan,1,master,io_uring,3,32GB,0.211,0.211,14.935,4.492
3342,linear,indexscan,1,prefetch-complex,worker,3,32GB,27.31,27.31,1522.891,331.902
3343,linear,indexscan,64,master,sync,3,32GB,67.31,67.31,4016.22,764.002
3344,linear,bitmapscan,0,prefetch-complex,worker,3,32GB,0.028,0.028,3.881,1.763
3345,linear,indexscan,16,master,io_uring,3,32GB,97.31,97.31,5759.366,1107.987
3346,linear,indexscan,1,prefetch-simple,worker,12,32GB,67.31,67.31,4312.902,770.682
3347,linear,indexscan,0,master,worker,3,32GB,1.599,1.599,104.59,21.864
3348,linear,bitmapscan,1,prefetch-simple,worker,12,32GB,2.398,2.398,140.475,33.606
3349,linear,indexscan,0,prefetch-complex,sync,3,32GB,0.316,0.316,22.023,6.452
3350,linear,indexscan,64,prefetch-complex,worker,12,32GB,0.006,0.006,2.264,1.179
3351,linear,bitmapscan,64,master,worker,12,32GB,0.474,0.474,13.738,8.374
3352,linear,bitmapscan,64,prefetch-complex,sync,3,32GB,0.042,0.042,4.46,1.996
3353,linear,indexscan,64,prefetch-simple,worker,12,32GB,0.006,0.006,2.373,1.021
3354,linear,bitmapscan,64,master,worker,12,32GB,37.31,37.31,994.263,490.513
3355,linear,bitmapscan,16,master,worker,12,32GB,0.009,0.009,2.385,1.057
3356,linear,indexscan,64,prefetch-complex,io_uring,3,32GB,0.028,0.028,3.165,1.625
3357,linear,indexscan,0,prefetch-simple,worker,3,32GB,0.028,0.028,3.583,1.472
3358,linear,bitmapscan,0,prefetch-simple,io_uring,3,32GB,37.31,37.31,2049.011,510.081
3359,linear,bitmapscan,0,master,io_uring,3,32GB,12.138,12.138,691.016,170.962
3360,linear,bitmapscan,0,prefetch-simple,sync,3,32GB,67.31,67.31,3620.513,918.313
3361,linear,indexscan,0,prefetch-complex,io_uring,3,32GB,97.31,97.31,5131.832,1189.297
3362,linear,indexscan,1,prefetch-complex,io_uring,3,32GB,3.597,3.597,229.996,47.609
3363,linear,indexscan,16,prefetch-simple,io_uring,3,32GB,0.211,0.211,16.129,4.74
3364,linear,bitmapscan,0,master,sync,3,32GB,47.31,47.31,2592.923,646.619
3365,linear,bitmapscan,16,prefetch-complex,worker,3,32GB,0.002,0.002,1.881,1.114
3366,linear,bitmapscan,64,prefetch-complex,sync,3,32GB,0.004,0.004,2.079,1.37
3367,linear,bitmapscan,64,prefetch-complex,worker,12,32GB,8.092,8.092,192.995,116.796
3368,linear,indexscan,16,prefetch-simple,worker,3,32GB,0.004,0.004,1.855,0.942
3369,linear,indexscan,16,prefetch-complex,worker,3,32GB,67.31,67.31,1687.318,801.159
3370,linear,bitmapscan,64,master,io_uring,3,32GB,3.597,3.597,88.882,50.393
3371,linear,bitmapscan,16,prefetch-simple,sync,3,32GB,0.063,0.063,3.97,2.085
3372,linear,indexscan,0,master,sync,3,32GB,12.138,12.138,714.314,144.011
3373,linear,bitmapscan,64,prefetch-simple,io_uring,3,32GB,57.31,57.31,1685.448,758.157
3374,linear,indexscan,16,master,sync,3,32GB,37.31,37.31,2240.48,433.508
3375,linear,bitmapscan,64,prefetch-simple,sync,3,32GB,0.013,0.013,2.536,1.237
3376,linear,bitmapscan,64,prefetch-simple,worker,12,32GB,67.31,67.31,1977.711,878.449
3377,linear,bitmapscan,64,prefetch-complex,worker,12,32GB,0.316,0.316,11.074,7.173
3378,linear,indexscan,0,master,io_uring,3,32GB,0.474,0.474,32.411,7.873
3379,linear,indexscan,16,master,io_uring,3,32GB,0.028,0.028,3.981,1.783
3380,linear,indexscan,16,prefetch-complex,sync,3,32GB,0.009,0.009,2.636,1.245
3381,linear,indexscan,64,prefetch-complex,io_uring,3,32GB,0.006,0.006,2.24,1.186
3382,linear,bitmapscan,16,prefetch-simple,io_uring,3,32GB,0.141,0.141,27.414,3.331
3383,linear,indexscan,1,prefetch-complex,worker,12,32GB,0.474,0.474,30.464,8.719
3384,linear,bitmapscan,0,prefetch-complex,sync,3,32GB,0.006,0.006,2.434,1.216
3385,linear,bitmapscan,0,prefetch-complex,sync,3,32GB,27.31,27.31,1556.88,408.963
3386,linear,indexscan,0,prefetch-complex,worker,3,32GB,27.31,27.31,1643.064,345.929
3387,linear,indexscan,64,prefetch-complex,io_uring,3,32GB,3.597,3.597,102.987,46.965
3388,linear,indexscan,1,master,io_uring,3,32GB,1.599,1.599,114.195,22.278
3389,linear,indexscan,1,master,worker,3,32GB,1.066,1.066,69.061,15.518
3390,linear,indexscan,16,master,sync,3,32GB,1.066,1.066,73.383,16.242
3391,linear,bitmapscan,64,master,sync,3,32GB,0.211,0.211,7.935,4.769
3392,linear,bitmapscan,0,prefetch-complex,worker,3,32GB,5.395,5.395,331.048,85.231
3393,linear,indexscan,0,prefetch-complex,io_uring,3,32GB,0.474,0.474,31.445,8.473
3394,linear,bitmapscan,16,master,sync,3,32GB,67.31,67.31,1934.555,877.272
3395,linear,indexscan,1,master,sync,3,32GB,87.31,87.31,5331.179,987.954
3396,linear,bitmapscan,0,prefetch-complex,sync,3,32GB,0.004,0.004,1.927,1.136
3397,linear,indexscan,16,prefetch-complex,worker,12,32GB,0.003,0.003,2.025,1.094
3398,linear,bitmapscan,16,prefetch-complex,sync,3,32GB,0.316,0.316,10.38,6.897
3399,linear,bitmapscan,0,prefetch-complex,worker,12,32GB,0.474,0.474,30.112,9.083
3400,linear,bitmapscan,0,master,io_uring,3,32GB,0.013,0.013,2.464,1.153
3401,linear,bitmapscan,64,prefetch-simple,io_uring,3,32GB,5.395,5.395,131.453,73.544
3402,linear,indexscan,16,prefetch-complex,worker,3,32GB,1.066,1.066,22.075,15.755
3403,linear,indexscan,0,master,worker,3,32GB,0.063,0.063,6.176,2.107
3404,linear,indexscan,0,master,io_uring,3,32GB,0.006,0.006,2.023,0.991
3405,linear,bitmapscan,0,prefetch-complex,worker,12,32GB,97.31,97.31,5295.338,1426.16
3406,linear,indexscan,0,prefetch-complex,sync,3,32GB,0.141,0.141,11.413,4.03
3407,linear,bitmapscan,64,prefetch-simple,sync,3,32GB,57.31,57.31,1627.852,756.098
3408,linear,indexscan,0,prefetch-simple,worker,12,32GB,12.138,12.138,692.464,150.552
3409,linear,bitmapscan,0,prefetch-complex,io_uring,3,32GB,0.042,0.042,4.645,1.938
3410,linear,bitmapscan,0,master,sync,3,32GB,0.013,0.013,2.697,1.166
3411,linear,indexscan,0,master,sync,3,32GB,0.094,0.094,7.887,2.573
3412,linear,indexscan,64,master,worker,3,32GB,0.003,0.003,20.631,0.963
3413,linear,bitmapscan,64,master,worker,12,32GB,97.31,97.31,2968.473,1278.369
3414,linear,bitmapscan,0,prefetch-simple,sync,3,32GB,97.31,97.31,5404.511,1330.978
3415,linear,bitmapscan,64,prefetch-complex,sync,3,32GB,47.31,47.31,1361.612,693.649
3416,linear,bitmapscan,64,prefetch-complex,worker,3,32GB,0.019,0.019,2.983,1.409
3417,linear,bitmapscan,16,prefetch-complex,io_uring,3,32GB,0.004,0.004,2.124,1.319
3418,linear,bitmapscan,1,prefetch-complex,sync,3,32GB,87.31,87.31,5037.611,1265.314
3419,linear,indexscan,64,prefetch-complex,worker,12,32GB,27.31,27.31,559.681,328.996
3420,linear,bitmapscan,0,prefetch-complex,worker,3,32GB,0.006,0.006,2.44,1.318
3421,linear,bitmapscan,0,prefetch-complex,sync,3,32GB,0.028,0.028,3.743,1.615
3422,linear,indexscan,1,prefetch-simple,io_uring,3,32GB,0.028,0.028,3.79,1.516
3423,linear,bitmapscan,64,prefetch-complex,worker,12,32GB,87.31,87.31,2771.828,1247.256
3424,linear,bitmapscan,16,master,sync,3,32GB,57.31,57.31,1648.089,753.823
3425,linear,bitmapscan,16,prefetch-simple,worker,12,32GB,0.004,0.004,1.96,0.991
3426,linear,indexscan,64,prefetch-simple,worker,3,32GB,0.009,0.009,2.363,1.118
3427,linear,indexscan,0,prefetch-simple,worker,12,32GB,0.001,0.001,1.557,0.898
3428,linear,bitmapscan,64,master,sync,3,32GB,97.31,97.31,3010.625,1270.931
3429,linear,bitmapscan,16,prefetch-simple,io_uring,3,32GB,57.31,57.31,1666.061,760.57
3430,linear,indexscan,64,prefetch-simple,worker,12,32GB,0.474,0.474,30.332,8.232
3431,linear,bitmapscan,16,prefetch-complex,worker,12,32GB,0.009,0.009,2.484,1.25
3432,linear,bitmapscan,1,master,io_uring,3,32GB,8.092,8.092,498.399,108.2
3433,linear,bitmapscan,1,master,worker,12,32GB,0.141,0.141,12.222,3.446
3434,linear,indexscan,64,prefetch-complex,worker,12,32GB,0.002,0.002,1.884,1.06
3435,linear,indexscan,16,master,worker,12,32GB,1.066,1.066,68.358,15.044
3436,linear,bitmapscan,0,prefetch-complex,worker,3,32GB,0.711,0.711,43.696,12.996
3437,linear,bitmapscan,0,prefetch-complex,io_uring,3,32GB,0.094,0.094,8.273,3.076
3438,linear,bitmapscan,64,prefetch-complex,worker,12,32GB,37.31,37.31,1012.823,533.195
3439,linear,bitmapscan,1,master,worker,12,32GB,0.013,0.013,2.645,1.116
3440,linear,indexscan,16,prefetch-simple,worker,12,32GB,47.31,47.31,2531.228,543.319
3441,linear,bitmapscan,64,prefetch-simple,worker,12,32GB,0.003,0.003,2.072,1.101
3442,linear,indexscan,1,prefetch-simple,sync,3,32GB,0.002,0.002,1.734,0.908
3443,linear,bitmapscan,0,prefetch-simple,worker,12,32GB,27.31,27.31,1484.396,381.321
3444,linear,indexscan,64,prefetch-simple,sync,3,32GB,67.31,67.31,3694.249,763.71
3445,linear,indexscan,16,master,worker,3,32GB,2.398,2.398,150.109,31.905
3446,linear,indexscan,64,prefetch-simple,worker,3,32GB,57.31,57.31,3756.087,660.603
3447,linear,bitmapscan,16,master,io_uring,3,32GB,0.211,0.211,7.586,4.607
3448,linear,bitmapscan,0,master,sync,3,32GB,27.31,27.31,1491.248,380.415
3449,linear,bitmapscan,1,master,worker,3,32GB,0.316,0.316,28.379,6.141
3450,linear,indexscan,16,prefetch-simple,worker,3,32GB,0.094,0.094,8.125,2.634
3451,linear,bitmapscan,1,master,worker,3,32GB,0.003,0.003,1.854,0.948
3452,linear,indexscan,64,prefetch-simple,worker,12,32GB,97.31,97.31,5260.154,1098.068
3453,linear,indexscan,0,prefetch-simple,sync,3,32GB,0.019,0.019,3.07,1.388
3454,linear,indexscan,1,prefetch-simple,worker,3,32GB,2.398,2.398,155.807,30.429
3455,linear,bitmapscan,1,master,worker,12,32GB,87.31,87.31,4907.898,1138.66
3456,linear,indexscan,16,prefetch-complex,worker,12,32GB,0.316,0.316,9.676,6.241
3457,linear,indexscan,0,prefetch-simple,io_uring,3,32GB,0.474,0.474,41.353,8.387
3458,linear,bitmapscan,1,master,worker,3,32GB,0.002,0.002,1.712,0.912
3459,linear,bitmapscan,1,prefetch-complex,worker,12,32GB,2.398,2.398,155.34,36.178
3460,linear,bitmapscan,0,master,worker,12,32GB,0.316,0.316,19.635,6.211
3461,linear,bitmapscan,16,prefetch-simple,worker,12,32GB,57.31,57.31,1625.058,758.654
3462,linear,bitmapscan,0,master,sync,3,32GB,0.009,0.009,2.266,1.056
3463,linear,bitmapscan,1,prefetch-complex,worker,12,32GB,3.597,3.597,215.777,54.577
3464,linear,bitmapscan,64,prefetch-complex,io_uring,3,32GB,18.207,18.207,460.863,265.293
3465,linear,bitmapscan,16,prefetch-complex,worker,3,32GB,87.31,87.31,2709.404,1241.822
3466,linear,bitmapscan,0,prefetch-simple,sync,3,32GB,47.31,47.31,2635.804,643.831
3467,linear,indexscan,64,master,worker,3,32GB,0.063,0.063,6.473,2.44
3468,linear,bitmapscan,16,prefetch-complex,io_uring,3,32GB,77.31,77.31,2399.318,1105.933
3469,linear,indexscan,1,master,worker,12,32GB,0.211,0.211,18.069,4.376
3470,linear,indexscan,64,prefetch-complex,sync,3,32GB,0.063,0.063,4.003,2.276
3471,linear,indexscan,0,prefetch-complex,worker,3,32GB,0.003,0.003,1.852,1.091
3472,linear,bitmapscan,1,prefetch-complex,io_uring,3,32GB,57.31,57.31,3336.999,815.479
3473,linear,bitmapscan,16,master,io_uring,3,32GB,1.599,1.599,42.243,23.544
3474,linear,indexscan,64,prefetch-simple,io_uring,3,32GB,27.31,27.31,1524.5,320.337
3475,linear,indexscan,0,master,io_uring,3,32GB,27.31,27.31,1714.782,318.299
3476,linear,bitmapscan,1,prefetch-complex,worker,3,32GB,0.316,0.316,22.436,6.798
3477,linear,indexscan,64,master,worker,3,32GB,0.001,0.001,1.494,0.863
3478,linear,bitmapscan,16,master,sync,3,32GB,0.094,0.094,5.7,2.937
3479,linear,indexscan,64,master,worker,3,32GB,37.31,37.31,2252.757,425.864
3480,linear,bitmapscan,64,prefetch-simple,worker,12,32GB,12.138,12.138,283.263,165.554
3481,linear,bitmapscan,0,master,io_uring,3,32GB,1.599,1.599,103.7,24.965
3482,linear,bitmapscan,0,prefetch-simple,sync,3,32GB,0.474,0.474,29.764,8.781
3483,linear,indexscan,64,prefetch-complex,sync,3,32GB,0.042,0.042,3.514,1.896
3484,linear,bitmapscan,1,prefetch-simple,sync,3,32GB,0.004,0.004,1.897,0.955
3485,linear,indexscan,1,prefetch-simple,worker,12,32GB,12.138,12.138,780.804,141.057
3486,linear,indexscan,0,prefetch-complex,sync,3,32GB,0.711,0.711,44.45,11.997
3487,linear,indexscan,1,prefetch-complex,worker,12,32GB,27.31,27.31,1492.637,325.437
3488,linear,bitmapscan,1,prefetch-simple,worker,3,32GB,47.31,47.31,2695.707,628.864
3489,linear,bitmapscan,64,prefetch-complex,io_uring,3,32GB,97.31,97.31,3106.781,1408.853
3490,linear,indexscan,16,master,worker,12,32GB,0.004,0.004,1.828,0.955
3491,linear,bitmapscan,64,master,worker,3,32GB,8.092,8.092,199.681,108.504
3492,linear,indexscan,64,prefetch-simple,io_uring,3,32GB,0.019,0.019,2.837,1.257
3493,linear,indexscan,1,master,worker,3,32GB,37.31,37.31,2272.49,427.056
3494,linear,indexscan,16,master,io_uring,3,32GB,2.398,2.398,144.774,31.673
3495,linear,bitmapscan,1,prefetch-complex,io_uring,3,32GB,0.028,0.028,3.817,1.637
3496,linear,bitmapscan,64,prefetch-simple,worker,12,32GB,0.094,0.094,4.931,2.76
3497,linear,bitmapscan,16,prefetch-simple,sync,3,32GB,12.138,12.138,268.316,164.79
3498,linear,indexscan,16,master,sync,3,32GB,67.31,67.31,3990.3,757.004
3499,linear,bitmapscan,0,master,worker,3,32GB,18.207,18.207,1048.101,258.884
3500,linear,indexscan,16,master,io_uring,3,32GB,27.31,27.31,1713.515,319.904
3501,linear,indexscan,0,prefetch-simple,worker,12,32GB,0.316,0.316,25.426,6.129
3502,linear,indexscan,1,master,io_uring,3,32GB,0.006,0.006,2.079,1.017
3503,linear,bitmapscan,1,prefetch-simple,worker,12,32GB,97.31,97.31,5729.66,1293.552
3504,linear,indexscan,1,prefetch-simple,sync,3,32GB,0.711,0.711,49.479,11.287
3505,linear,bitmapscan,0,prefetch-complex,worker,12,32GB,0.003,0.003,1.886,1.138
3506,linear,indexscan,1,prefetch-simple,io_uring,3,32GB,0.009,0.009,2.277,1.035
3507,linear,bitmapscan,0,master,worker,12,32GB,1.599,1.599,99.466,24.03
3508,linear,bitmapscan,16,master,sync,3,32GB,12.138,12.138,290.693,164.571
3509,linear,bitmapscan,1,master,sync,3,32GB,18.207,18.207,1116.025,243.49
3510,linear,indexscan,1,prefetch-complex,worker,3,32GB,3.597,3.597,213.521,46.776
3511,linear,bitmapscan,0,master,sync,3,32GB,0.141,0.141,12.452,3.555
3512,linear,indexscan,64,prefetch-simple,sync,3,32GB,0.711,0.711,42.078,10.818
3513,linear,bitmapscan,0,prefetch-simple,io_uring,3,32GB,3.597,3.597,283.77,50.554
3514,linear,bitmapscan,64,master,worker,12,32GB,0.003,0.003,1.95,0.92
3515,linear,bitmapscan,1,master,sync,3,32GB,0.002,0.002,1.737,0.916
3516,linear,indexscan,0,prefetch-complex,worker,12,32GB,0.002,0.002,1.725,1.079
3517,linear,bitmapscan,64,prefetch-complex,worker,12,32GB,0.004,0.004,1.913,1.154
3518,linear,bitmapscan,0,master,worker,12,32GB,8.092,8.092,517.597,112.406
3519,linear,bitmapscan,1,prefetch-simple,worker,3,32GB,0.474,0.474,32.508,8.499
3520,linear,bitmapscan,0,prefetch-simple,worker,3,32GB,37.31,37.31,2069.462,511.917
3521,linear,indexscan,1,prefetch-simple,sync,3,32GB,0.009,0.009,2.683,1.042
3522,linear,bitmapscan,1,master,worker,3,32GB,18.207,18.207,1078.758,249.894
3523,linear,indexscan,1,prefetch-simple,worker,12,32GB,0.316,0.316,24.4,6.255
3524,linear,bitmapscan,0,prefetch-simple,worker,12,32GB,57.31,57.31,3283.313,776.331
3525,linear,indexscan,1,prefetch-simple,io_uring,3,32GB,47.31,47.31,4076.661,548.701
3526,linear,bitmapscan,0,master,sync,3,32GB,0.006,0.006,2.123,1.035
3527,linear,bitmapscan,16,master,io_uring,3,32GB,37.31,37.31,993.643,513.028
3528,linear,indexscan,0,prefetch-simple,io_uring,3,32GB,0.019,0.019,3.028,1.289
3529,linear,indexscan,1,prefetch-simple,worker,12,32GB,0.141,0.141,11.975,3.268
3530,linear,indexscan,16,master,io_uring,3,32GB,0.316,0.316,22.412,5.798
3531,linear,indexscan,0,master,sync,3,32GB,97.31,97.31,5731.943,1104.791
3532,linear,bitmapscan,64,prefetch-complex,worker,3,32GB,5.395,5.395,168.849,80.597
3533,linear,indexscan,64,master,worker,12,32GB,0.001,0.001,1.47,0.869
3534,linear,bitmapscan,64,prefetch-complex,worker,3,32GB,1.066,1.066,28.888,17.626
3535,linear,indexscan,0,prefetch-simple,sync,3,32GB,27.31,27.31,1440.711,326.165
3536,linear,indexscan,64,prefetch-complex,worker,12,32GB,2.398,2.398,99.069,32.972
3537,linear,indexscan,64,prefetch-simple,worker,3,32GB,18.207,18.207,1060.924,213.1
3538,linear,indexscan,16,master,sync,3,32GB,0.002,0.002,1.699,0.896
3539,linear,bitmapscan,0,prefetch-complex,worker,3,32GB,0.042,0.042,4.543,1.93
3540,linear,indexscan,0,prefetch-simple,worker,12,32GB,0.474,0.474,29.482,7.985
3541,linear,indexscan,1,prefetch-complex,worker,3,32GB,77.31,77.31,4315.913,905.297
3542,linear,indexscan,64,prefetch-complex,sync,3,32GB,12.138,12.138,247.669,149.492
3543,linear,indexscan,1,prefetch-complex,sync,3,32GB,0.001,0.001,1.818,1.08
3544,linear,indexscan,0,prefetch-complex,io_uring,3,32GB,0.211,0.211,15.159,4.675
3545,linear,indexscan,1,master,sync,3,32GB,0.028,0.028,4.08,1.396
3546,linear,bitmapscan,1,master,io_uring,3,32GB,37.31,37.31,2155.607,493.965
3547,linear,indexscan,64,prefetch-complex,sync,3,32GB,77.31,77.31,2014.977,918.859
3548,linear,bitmapscan,64,prefetch-simple,sync,3,32GB,12.138,12.138,313.02,169.466
3549,linear,bitmapscan,16,master,worker,3,32GB,0.028,0.028,3.1,1.517
3550,linear,bitmapscan,0,master,worker,12,32GB,0.028,0.028,3.59,1.392
3551,linear,bitmapscan,1,master,sync,3,32GB,67.31,67.31,3884.977,889.473
3552,linear,bitmapscan,16,prefetch-simple,worker,3,32GB,0.141,0.141,7.588,3.724
3553,linear,indexscan,1,master,io_uring,3,32GB,0.063,0.063,6.469,2.033
3554,linear,indexscan,1,prefetch-complex,worker,12,32GB,0.006,0.006,2.766,1.19
3555,linear,indexscan,16,master,io_uring,3,32GB,0.003,0.003,1.729,0.919
3556,linear,bitmapscan,16,master,worker,12,32GB,97.31,97.31,2948.089,1270.892
3557,linear,indexscan,64,prefetch-complex,worker,3,32GB,37.31,37.31,815.894,452.869
3558,linear,indexscan,64,master,io_uring,3,32GB,1.066,1.066,94.374,15.794
3559,linear,bitmapscan,64,prefetch-complex,sync,3,32GB,1.599,1.599,39.718,25.647
3560,linear,bitmapscan,1,master,worker,12,32GB,57.31,57.31,3192.53,754.021
3561,linear,bitmapscan,64,master,io_uring,3,32GB,0.141,0.141,6.028,3.544
3562,linear,indexscan,1,prefetch-simple,io_uring,3,32GB,5.395,5.395,370.047,64.064
3563,linear,bitmapscan,64,master,worker,12,32GB,0.211,0.211,7.564,4.672
3564,linear,indexscan,16,prefetch-complex,worker,3,32GB,0.006,0.006,2.258,1.241
3565,linear,indexscan,1,prefetch-simple,sync,3,32GB,37.31,37.31,2353.414,423.374
3566,linear,bitmapscan,64,master,worker,3,32GB,67.31,67.31,1967.892,883.309
3567,linear,bitmapscan,1,prefetch-complex,io_uring,3,32GB,0.009,0.009,2.422,1.259
3568,linear,indexscan,16,prefetch-simple,sync,3,32GB,97.31,97.31,5212.972,1101.274
3569,linear,bitmapscan,1,prefetch-simple,worker,12,32GB,3.597,3.597,255.592,49.755
3570,linear,bitmapscan,1,prefetch-complex,io_uring,3,32GB,0.001,0.001,2.781,1.121
3571,linear,indexscan,16,prefetch-complex,io_uring,3,32GB,27.31,27.31,540.108,326.171
3572,linear,bitmapscan,1,prefetch-complex,sync,3,32GB,12.138,12.138,697.076,176.997
3573,linear,indexscan,64,master,worker,3,32GB,27.31,27.31,1658.515,312.502
3574,linear,bitmapscan,0,prefetch-complex,worker,3,32GB,0.013,0.013,2.851,1.362
3575,linear,indexscan,16,prefetch-complex,worker,3,32GB,12.138,12.138,209.026,150.057
3576,linear,bitmapscan,64,master,worker,12,32GB,8.092,8.092,219.704,111.127
3577,linear,indexscan,16,prefetch-complex,sync,3,32GB,0.013,0.013,2.624,1.37
3578,linear,indexscan,16,prefetch-simple,sync,3,32GB,77.31,77.31,4357.75,894.388
3579,linear,indexscan,16,master,worker,12,32GB,27.31,27.31,1655.741,313.727
3580,linear,indexscan,0,master,io_uring,3,32GB,1.599,1.599,128.849,22.089
3581,linear,bitmapscan,1,master,worker,12,32GB,0.474,0.474,30.817,8.401
3582,linear,bitmapscan,0,prefetch-simple,worker,12,32GB,3.597,3.597,213.594,50.287
3583,linear,indexscan,0,prefetch-simple,worker,12,32GB,18.207,18.207,970.716,221.818
3584,linear,indexscan,16,prefetch-complex,worker,12,32GB,0.094,0.094,4.832,2.821
3585,linear,bitmapscan,16,master,sync,3,32GB,0.316,0.316,9.591,6.157
3586,linear,bitmapscan,64,prefetch-complex,worker,12,32GB,0.002,0.002,1.882,1.111
3587,linear,bitmapscan,64,prefetch-simple,io_uring,3,32GB,0.141,0.141,6.098,3.527
3588,linear,bitmapscan,16,master,worker,3,32GB,87.31,87.31,2629.653,1145.482
3589,linear,indexscan,1,prefetch-simple,worker,3,32GB,47.31,47.31,3032.413,541.3
3590,linear,indexscan,0,prefetch-complex,io_uring,3,32GB,0.028,0.028,3.649,1.625
3591,linear,indexscan,0,prefetch-complex,sync,3,32GB,0.013,0.013,2.832,1.277
3592,linear,bitmapscan,0,prefetch-complex,worker,3,32GB,0.474,0.474,29.747,9.385
3593,linear,indexscan,0,master,io_uring,3,32GB,57.31,57.31,3589.591,826.942
3594,linear,indexscan,16,master,worker,12,32GB,0.002,0.002,1.662,0.877
3595,linear,bitmapscan,16,prefetch-simple,io_uring,3,32GB,0.003,0.003,1.998,0.988
3596,linear,indexscan,16,master,sync,3,32GB,27.31,27.31,1625.062,316.745
3597,linear,bitmapscan,1,prefetch-complex,worker,3,32GB,0.063,0.063,6.377,2.43
3598,linear,bitmapscan,0,master,worker,12,32GB,2.398,2.398,129.913,34.471
3599,linear,bitmapscan,16,prefetch-simple,worker,12,32GB,0.006,0.006,2.271,1.138
3600,linear,indexscan,16,prefetch-complex,worker,12,32GB,0.141,0.141,8.091,3.657
3601,linear,bitmapscan,1,prefetch-simple,sync,3,32GB,77.31,77.31,4395.421,1006.931
3602,linear,indexscan,0,prefetch-simple,io_uring,3,32GB,27.31,27.31,1510.223,326.216
3603,linear,indexscan,64,prefetch-complex,sync,3,32GB,1.599,1.599,37.473,22.574
3604,linear,indexscan,64,master,worker,12,32GB,0.006,0.006,2.095,0.985
3605,linear,indexscan,16,master,worker,12,32GB,12.138,12.138,744.146,142.957
3606,linear,indexscan,1,prefetch-simple,worker,12,32GB,37.31,37.31,2357.34,426.784
3607,linear,bitmapscan,0,master,io_uring,3,32GB,27.31,27.31,1570.408,376.091
3608,linear,indexscan,16,prefetch-complex,worker,3,32GB,47.31,47.31,1127.606,595.772
3609,linear,indexscan,1,prefetch-simple,io_uring,3,32GB,27.31,27.31,1699.731,320.065
3610,linear,indexscan,64,prefetch-simple,sync,3,32GB,0.013,0.013,2.705,1.19
3611,linear,indexscan,1,prefetch-complex,sync,3,32GB,5.395,5.395,320.132,69.388
3612,linear,bitmapscan,16,prefetch-complex,worker,3,32GB,77.31,77.31,2390.757,1105.079
3613,linear,indexscan,0,master,io_uring,3,32GB,67.31,67.31,4056.146,767.283
3614,linear,bitmapscan,0,prefetch-complex,worker,3,32GB,0.019,0.019,3.231,1.514
3615,linear,indexscan,0,prefetch-complex,worker,12,32GB,47.31,47.31,2560.807,592.151
3616,linear,bitmapscan,1,prefetch-complex,sync,3,32GB,0.711,0.711,49.116,13.076
3617,linear,indexscan,0,prefetch-simple,worker,3,32GB,77.31,77.31,4040.163,909.578
3618,linear,bitmapscan,0,prefetch-simple,io_uring,3,32GB,0.094,0.094,7.618,2.611
3619,linear,bitmapscan,0,master,worker,3,32GB,0.211,0.211,14.673,4.56
3620,linear,bitmapscan,16,prefetch-complex,worker,12,32GB,0.316,0.316,14.927,6.768
3621,linear,bitmapscan,1,prefetch-simple,io_uring,3,32GB,0.002,0.002,1.762,0.93
3622,linear,bitmapscan,64,prefetch-simple,worker,12,32GB,1.066,1.066,27.241,15.927
3623,linear,indexscan,16,prefetch-simple,io_uring,3,32GB,0.094,0.094,7.494,2.522
3624,linear,indexscan,64,prefetch-simple,io_uring,3,32GB,77.31,77.31,4038.985,880.788
3625,linear,indexscan,64,prefetch-simple,worker,12,32GB,0.009,0.009,2.523,1.295
3626,linear,indexscan,1,prefetch-complex,worker,12,32GB,18.207,18.207,994.88,219.405
3627,linear,bitmapscan,64,prefetch-simple,io_uring,3,32GB,1.599,1.599,40.026,23.584
3628,linear,indexscan,16,prefetch-complex,worker,12,32GB,87.31,87.31,2285.73,1031.218
3629,linear,bitmapscan,16,prefetch-simple,sync,3,32GB,27.31,27.31,674.438,372.073
3630,linear,bitmapscan,0,prefetch-simple,sync,3,32GB,3.597,3.597,207.706,51.938
3631,linear,indexscan,1,prefetch-simple,sync,3,32GB,0.003,0.003,1.861,0.974
3632,linear,bitmapscan,16,prefetch-complex,worker,12,32GB,0.004,0.004,2.184,1.165
3633,linear,bitmapscan,1,master,worker,12,32GB,1.599,1.599,113.922,23.292
3634,linear,bitmapscan,0,prefetch-simple,io_uring,3,32GB,0.211,0.211,16.235,4.865
3635,linear,bitmapscan,0,prefetch-simple,worker,12,32GB,8.092,8.092,425.707,110.292
3636,linear,indexscan,16,prefetch-complex,io_uring,3,32GB,0.211,0.211,7.164,4.847
3637,linear,bitmapscan,64,master,worker,3,32GB,0.006,0.006,2.123,0.999
3638,linear,bitmapscan,1,prefetch-complex,worker,3,32GB,97.31,97.31,5520.17,1375.451
3639,linear,indexscan,64,prefetch-simple,io_uring,3,32GB,67.31,67.31,3635.862,769.105
3640,linear,bitmapscan,1,prefetch-simple,io_uring,3,32GB,0.211,0.211,15.985,4.615
3641,linear,indexscan,64,prefetch-complex,io_uring,3,32GB,0.003,0.003,2.05,1.103
3642,linear,indexscan,0,prefetch-complex,worker,3,32GB,37.31,37.31,1992.343,461.041
3643,linear,bitmapscan,64,prefetch-simple,io_uring,3,32GB,2.398,2.398,76.318,33.586
3644,linear,bitmapscan,0,prefetch-simple,io_uring,3,32GB,5.395,5.395,293.151,75.631
3645,linear,indexscan,0,prefetch-complex,io_uring,3,32GB,12.138,12.138,668.553,153.887
3646,linear,indexscan,0,prefetch-simple,sync,3,32GB,1.599,1.599,92.508,23.424
3647,linear,indexscan,1,prefetch-simple,sync,3,32GB,5.395,5.395,338.587,65.755
3648,linear,bitmapscan,0,prefetch-simple,worker,12,32GB,0.028,0.028,3.553,1.521
3649,linear,indexscan,0,master,io_uring,3,32GB,18.207,18.207,1069.519,212.342
3650,linear,bitmapscan,0,prefetch-complex,io_uring,3,32GB,0.013,0.013,3.048,1.711
3651,linear,bitmapscan,64,master,io_uring,3,32GB,0.004,0.004,2.176,1.226
3652,linear,indexscan,1,master,worker,3,32GB,47.31,47.31,2874.345,538.624
3653,linear,indexscan,0,master,worker,3,32GB,0.003,0.003,1.876,0.92
3654,linear,indexscan,1,master,worker,3,32GB,77.31,77.31,4615.073,877.135
3655,linear,indexscan,0,prefetch-simple,worker,12,32GB,0.013,0.013,2.657,1.211
3656,linear,bitmapscan,64,prefetch-complex,io_uring,3,32GB,0.316,0.316,11.547,6.897
3657,linear,bitmapscan,0,prefetch-complex,io_uring,3,32GB,0.711,0.711,44.589,12.719
3658,linear,bitmapscan,0,prefetch-complex,io_uring,3,32GB,0.141,0.141,20.622,4.039
3659,linear,bitmapscan,1,prefetch-complex,worker,12,32GB,57.31,57.31,3270.698,816.798
3660,linear,bitmapscan,0,prefetch-simple,worker,12,32GB,18.207,18.207,1035.182,251.81
3661,linear,indexscan,64,prefetch-complex,worker,3,32GB,5.395,5.395,98.587,68.486
3662,linear,indexscan,16,prefetch-complex,worker,12,32GB,27.31,27.31,546.494,325.817
3663,linear,indexscan,64,prefetch-simple,worker,3,32GB,3.597,3.597,244.843,45.717
3664,linear,bitmapscan,16,prefetch-complex,sync,3,32GB,0.211,0.211,8.348,5.108
3665,linear,indexscan,0,prefetch-simple,worker,3,32GB,0.711,0.711,42.778,11.505
3666,linear,indexscan,1,master,worker,12,32GB,67.31,67.31,3964.785,761.205
3667,linear,bitmapscan,64,prefetch-complex,worker,12,32GB,5.395,5.395,135.499,80.288
3668,linear,indexscan,16,prefetch-simple,worker,12,32GB,77.31,77.31,4171.065,867.466
3669,linear,bitmapscan,16,master,worker,12,32GB,0.004,0.004,1.969,0.954
3670,linear,bitmapscan,64,prefetch-simple,sync,3,32GB,0.063,0.063,3.69,2.164
3671,linear,bitmapscan,64,prefetch-simple,io_uring,3,32GB,37.31,37.31,1005.319,494.01
3672,linear,indexscan,64,prefetch-complex,worker,3,32GB,0.474,0.474,12.787,8.296
3673,linear,indexscan,1,master,sync,3,32GB,5.395,5.395,328.822,65.647
3674,linear,bitmapscan,64,prefetch-simple,sync,3,32GB,47.31,47.31,1303.659,626.115
3675,linear,bitmapscan,64,master,worker,3,32GB,0.019,0.019,2.866,1.261
3676,linear,indexscan,16,master,io_uring,3,32GB,0.094,0.094,8.767,2.583
3677,linear,bitmapscan,16,prefetch-complex,io_uring,3,32GB,0.094,0.094,5.84,3.333
3678,linear,bitmapscan,0,prefetch-complex,sync,3,32GB,18.207,18.207,976.063,274.936
3679,linear,indexscan,64,master,io_uring,3,32GB,0.474,0.474,32.719,7.952
3680,linear,bitmapscan,64,prefetch-simple,worker,3,32GB,0.004,0.004,1.965,1.051
3681,linear,bitmapscan,1,master,sync,3,32GB,1.599,1.599,95.176,23.613
3682,linear,indexscan,0,master,sync,3,32GB,27.31,27.31,1655.635,323.189
3683,linear,bitmapscan,64,prefetch-complex,worker,12,32GB,0.019,0.019,2.892,1.484
3684,linear,bitmapscan,0,prefetch-complex,worker,12,32GB,1.066,1.066,63.245,17.997
3685,linear,bitmapscan,64,prefetch-simple,worker,3,32GB,0.711,0.711,18.549,11.804
3686,linear,bitmapscan,0,prefetch-simple,sync,3,32GB,0.316,0.316,21.746,6.465
3687,linear,bitmapscan,64,prefetch-simple,worker,3,32GB,0.028,0.028,3.231,1.74
3688,linear,indexscan,0,master,io_uring,3,32GB,0.019,0.019,3.041,1.217
3689,linear,indexscan,64,prefetch-simple,io_uring,3,32GB,12.138,12.138,675.366,143.481
3690,linear,indexscan,0,prefetch-complex,io_uring,3,32GB,57.31,57.31,3050.297,701.394
3691,linear,indexscan,1,prefetch-simple,worker,3,32GB,1.066,1.066,73.6,15.315
3692,linear,indexscan,0,master,io_uring,3,32GB,0.094,0.094,8.282,3.044
3693,linear,indexscan,0,prefetch-complex,worker,12,32GB,0.028,0.028,3.842,1.577
3694,linear,bitmapscan,1,prefetch-complex,sync,3,32GB,0.211,0.211,15.776,4.821
3695,linear,bitmapscan,1,prefetch-simple,worker,3,32GB,0.013,0.013,2.711,1.365
3696,linear,indexscan,1,prefetch-complex,sync,3,32GB,97.31,97.31,5411.981,1138.062
3697,linear,bitmapscan,64,prefetch-complex,worker,12,32GB,0.009,0.009,2.553,1.261
3698,linear,bitmapscan,1,prefetch-complex,worker,3,32GB,2.398,2.398,154.675,36.568
3699,linear,indexscan,0,prefetch-simple,worker,12,32GB,8.092,8.092,1388.411,98.909
3700,linear,bitmapscan,16,prefetch-simple,worker,3,32GB,97.31,97.31,3406.363,1284.832
3701,linear,indexscan,64,prefetch-simple,worker,3,32GB,0.013,0.013,7.431,1.184
3702,linear,bitmapscan,1,master,worker,12,32GB,77.31,77.31,4405.81,1012.154
3703,linear,bitmapscan,1,prefetch-simple,worker,3,32GB,5.395,5.395,402.444,76.596
3704,linear,indexscan,16,prefetch-simple,io_uring,3,32GB,0.028,0.028,3.792,1.433
3705,linear,bitmapscan,64,prefetch-complex,sync,3,32GB,57.31,57.31,1693.21,823.699
3706,linear,bitmapscan,64,master,sync,3,32GB,0.042,0.042,3.239,1.697
3707,linear,indexscan,0,master,worker,12,32GB,0.042,0.042,4.809,1.671
3708,linear,indexscan,1,prefetch-complex,worker,3,32GB,1.066,1.066,62.284,15.667
3709,linear,indexscan,16,prefetch-complex,worker,3,32GB,0.003,0.003,1.928,1.316
3710,linear,indexscan,16,prefetch-simple,worker,12,32GB,3.597,3.597,215.54,45.477
3711,linear,indexscan,1,prefetch-simple,sync,3,32GB,0.013,0.013,2.494,1.197
3712,linear,indexscan,1,prefetch-simple,sync,3,32GB,87.31,87.31,5380.864,991.137
3713,linear,indexscan,0,prefetch-complex,worker,3,32GB,5.395,5.395,322.141,73.833
3714,linear,indexscan,1,master,worker,12,32GB,37.31,37.31,2360.904,467.319
3715,linear,bitmapscan,0,master,worker,12,32GB,0.013,0.013,2.555,1.147
3716,linear,indexscan,1,master,worker,3,32GB,0.042,0.042,4.863,1.635
3717,linear,bitmapscan,0,prefetch-complex,worker,3,32GB,3.597,3.597,205.419,55.767
3718,linear,indexscan,0,prefetch-complex,worker,12,32GB,0.001,0.001,1.69,1.061
3719,linear,bitmapscan,16,prefetch-simple,worker,12,32GB,3.597,3.597,80.689,49.948
3720,linear,bitmapscan,16,prefetch-simple,worker,12,32GB,0.019,0.019,2.762,1.514
3721,linear,indexscan,16,prefetch-simple,io_uring,3,32GB,27.31,27.31,1499.621,323.228
3722,linear,indexscan,16,prefetch-simple,worker,12,32GB,0.474,0.474,29.935,8.112
3723,linear,indexscan,1,master,io_uring,3,32GB,67.31,67.31,4065.14,768.61
3724,linear,bitmapscan,0,prefetch-complex,worker,12,32GB,0.002,0.002,1.809,1.072
3725,linear,indexscan,1,prefetch-complex,worker,3,32GB,0.001,0.001,2.32,1.262
3726,linear,indexscan,64,prefetch-complex,worker,12,32GB,97.31,97.31,2581.12,1143.702
3727,linear,bitmapscan,1,prefetch-complex,sync,3,32GB,18.207,18.207,1096.031,267.387
3728,linear,indexscan,16,prefetch-simple,io_uring,3,32GB,8.092,8.092,459.587,96.567
3729,linear,indexscan,16,prefetch-complex,io_uring,3,32GB,0.042,0.042,3.46,1.864
3730,linear,bitmapscan,1,master,sync,3,32GB,87.31,87.31,4950.813,1154.675
3731,linear,bitmapscan,16,master,io_uring,3,32GB,0.141,0.141,6.481,3.471
3732,linear,bitmapscan,64,prefetch-simple,io_uring,3,32GB,0.013,0.013,29.271,1.236
3733,linear,bitmapscan,0,prefetch-simple,worker,3,32GB,0.028,0.028,3.391,1.468
3734,linear,indexscan,0,prefetch-simple,io_uring,3,32GB,77.31,77.31,4100.256,908.853
3735,linear,indexscan,64,master,worker,3,32GB,0.474,0.474,33.395,8.878
3736,linear,indexscan,64,prefetch-simple,sync,3,32GB,0.141,0.141,17.99,3.28
3737,linear,indexscan,1,prefetch-complex,worker,3,32GB,97.31,97.31,5295.899,1134.735
3738,linear,bitmapscan,16,prefetch-simple,worker,12,32GB,2.398,2.398,80.718,34.517
3739,linear,bitmapscan,64,master,io_uring,3,32GB,57.31,57.31,1652.814,749.141
3740,linear,indexscan,1,prefetch-complex,sync,3,32GB,0.002,0.002,1.956,1.09
3741,linear,indexscan,1,prefetch-simple,io_uring,3,32GB,0.211,0.211,16.163,4.421
3742,linear,bitmapscan,0,prefetch-complex,io_uring,3,32GB,1.066,1.066,61.394,18.255
3743,linear,bitmapscan,1,prefetch-complex,io_uring,3,32GB,0.211,0.211,15.441,5.124
3744,linear,bitmapscan,64,master,worker,3,32GB,0.711,0.711,23.909,11.929
3745,linear,bitmapscan,16,prefetch-simple,io_uring,3,32GB,0.002,0.002,1.821,0.928
3746,linear,bitmapscan,64,prefetch-simple,sync,3,32GB,27.31,27.31,657.342,364.471
3747,linear,indexscan,1,prefetch-complex,worker,12,32GB,57.31,57.31,3210.204,675.403
3748,linear,bitmapscan,0,prefetch-simple,io_uring,3,32GB,8.092,8.092,470.87,112.903
3749,linear,indexscan,64,prefetch-simple,io_uring,3,32GB,0.013,0.013,2.883,1.17
3750,linear,indexscan,64,prefetch-complex,worker,12,32GB,0.042,0.042,3.6,1.872
3751,linear,indexscan,0,prefetch-simple,worker,3,32GB,1.066,1.066,62.012,15.755
3752,linear,bitmapscan,0,prefetch-simple,worker,12,32GB,0.711,0.711,43.44,12.048
3753,linear,bitmapscan,64,prefetch-complex,sync,3,32GB,0.001,0.001,2.184,1.075
3754,linear,bitmapscan,16,master,worker,12,32GB,87.31,87.31,2640.847,1138.749
3755,linear,bitmapscan,64,master,worker,12,32GB,0.001,0.001,2.162,0.966
3756,linear,indexscan,16,master,io_uring,3,32GB,12.138,12.138,761.922,143.46
3757,linear,bitmapscan,0,prefetch-simple,worker,3,32GB,57.31,57.31,3069.478,774.013
3758,linear,indexscan,16,prefetch-simple,worker,3,32GB,37.31,37.31,2146.833,430.238
3759,linear,bitmapscan,0,prefetch-complex,worker,3,32GB,47.31,47.31,2653.342,710.415
3760,linear,indexscan,0,prefetch-simple,sync,3,32GB,2.398,2.398,137.352,32.767
3761,linear,indexscan,1,master,worker,3,32GB,0.013,0.013,8.973,1.165
3762,linear,indexscan,64,master,worker,12,32GB,0.004,0.004,1.888,0.929
3763,linear,bitmapscan,1,prefetch-complex,worker,3,32GB,0.094,0.094,15.47,3.003
3764,linear,bitmapscan,16,prefetch-simple,worker,3,32GB,3.597,3.597,85.886,49.36
3765,linear,bitmapscan,1,prefetch-complex,worker,3,32GB,77.31,77.31,4478.984,1122.146
3766,linear,bitmapscan,16,prefetch-complex,worker,12,32GB,3.597,3.597,101.609,54.155
3767,linear,indexscan,16,master,worker,12,32GB,0.474,0.474,40.038,8.011
3768,linear,bitmapscan,0,prefetch-complex,io_uring,3,32GB,0.009,0.009,2.51,1.259
3769,linear,indexscan,0,prefetch-simple,sync,3,32GB,77.31,77.31,4069.516,908.836
3770,linear,indexscan,16,prefetch-complex,worker,12,32GB,1.066,1.066,22.111,15.989
3771,linear,indexscan,64,prefetch-complex,sync,3,32GB,37.31,37.31,819.253,446.747
3772,linear,bitmapscan,16,master,sync,3,32GB,0.042,0.042,3.397,1.742
3773,linear,bitmapscan,0,prefetch-simple,worker,3,32GB,1.066,1.066,67.537,16.741
3774,linear,bitmapscan,64,master,io_uring,3,32GB,2.398,2.398,58.001,33.345
3775,linear,indexscan,0,master,worker,12,32GB,3.597,3.597,224.466,44.587
3776,linear,indexscan,1,prefetch-simple,sync,3,32GB,18.207,18.207,1124.363,213.499
3777,linear,indexscan,0,master,sync,3,32GB,57.31,57.31,3408.011,650.705
3778,linear,bitmapscan,0,master,worker,12,32GB,0.141,0.141,11.071,3.543
3779,linear,bitmapscan,16,prefetch-simple,sync,3,32GB,0.711,0.711,18.642,11.981
3780,linear,indexscan,64,prefetch-simple,sync,3,32GB,0.004,0.004,1.857,0.981
3781,linear,bitmapscan,64,prefetch-complex,io_uring,3,32GB,0.063,0.063,4.6,2.505
3782,linear,indexscan,1,master,io_uring,3,32GB,0.013,0.013,2.609,1.149
3783,linear,bitmapscan,16,prefetch-complex,sync,3,32GB,0.009,0.009,2.419,1.264
3784,linear,bitmapscan,64,prefetch-simple,worker,12,32GB,0.002,0.002,12.594,0.975
3785,linear,indexscan,16,prefetch-simple,io_uring,3,32GB,1.066,1.066,69.372,15.404
3786,linear,bitmapscan,0,prefetch-simple,io_uring,3,32GB,0.028,0.028,3.637,1.447
3787,linear,bitmapscan,0,prefetch-simple,worker,3,32GB,0.211,0.211,15.051,4.741
3788,linear,bitmapscan,0,master,worker,3,32GB,5.395,5.395,286.539,76.398
3789,linear,indexscan,0,prefetch-complex,sync,3,32GB,12.138,12.138,667.599,157.013
3790,linear,bitmapscan,64,prefetch-simple,worker,3,32GB,18.207,18.207,416.556,246.771
3791,linear,indexscan,0,prefetch-simple,sync,3,32GB,0.002,0.002,1.686,0.958
3792,linear,indexscan,1,prefetch-simple,io_uring,3,32GB,0.141,0.141,12.23,3.355
3793,linear,bitmapscan,64,prefetch-complex,sync,3,32GB,77.31,77.31,2385.425,1117.466
3794,linear,indexscan,1,prefetch-simple,worker,12,32GB,3.597,3.597,249.36,45.492
3795,linear,indexscan,64,prefetch-complex,io_uring,3,32GB,0.141,0.141,5.759,3.539
3796,linear,bitmapscan,0,prefetch-complex,worker,3,32GB,18.207,18.207,1046.179,280.655
3797,linear,indexscan,1,prefetch-simple,worker,12,32GB,77.31,77.31,4836.997,877.922
3798,linear,indexscan,64,prefetch-simple,io_uring,3,32GB,0.028,0.028,3.956,1.53
3799,linear,indexscan,64,prefetch-simple,worker,3,32GB,47.31,47.31,2537.937,536.303
3800,linear,indexscan,16,prefetch-complex,io_uring,3,32GB,97.31,97.31,2824.804,1148.266
3801,linear,bitmapscan,64,prefetch-simple,worker,12,32GB,0.001,0.001,1.618,0.935
3802,linear,indexscan,0,prefetch-complex,io_uring,3,32GB,1.066,1.066,58.276,16.356
3803,linear,indexscan,0,prefetch-simple,io_uring,3,32GB,5.395,5.395,346.596,67.232
3804,linear,indexscan,16,prefetch-simple,io_uring,3,32GB,0.316,0.316,20.895,5.666
3805,linear,indexscan,1,prefetch-complex,worker,12,32GB,0.042,0.042,4.603,1.801
3806,linear,indexscan,0,prefetch-complex,sync,3,32GB,87.31,87.31,4616.661,1116.095
3807,linear,bitmapscan,64,master,sync,3,32GB,0.711,0.711,19.995,11.878
3808,linear,bitmapscan,16,master,sync,3,32GB,0.002,0.002,1.784,0.928
3809,linear,bitmapscan,16,prefetch-complex,worker,12,32GB,0.711,0.711,34.858,12.866
3810,linear,indexscan,1,prefetch-complex,sync,3,32GB,0.028,0.028,4.735,1.588
3811,linear,bitmapscan,0,prefetch-simple,worker,3,32GB,0.711,0.711,42.077,12.108
3812,linear,bitmapscan,1,prefetch-complex,worker,12,32GB,18.207,18.207,1018.421,262.787
3813,linear,bitmapscan,64,prefetch-complex,io_uring,3,32GB,0.009,0.009,2.619,1.365
3814,linear,indexscan,1,master,sync,3,32GB,27.31,27.31,1710.345,312.153
3815,linear,indexscan,64,prefetch-simple,worker,12,32GB,67.31,67.31,3790.415,764.311
3816,linear,bitmapscan,64,prefetch-complex,worker,3,32GB,8.092,8.092,197.424,127.677
3817,linear,indexscan,64,master,worker,3,32GB,12.138,12.138,791.775,151.004
3818,linear,indexscan,64,master,io_uring,3,32GB,0.711,0.711,57.44,11.065
3819,linear,indexscan,64,master,io_uring,3,32GB,0.004,0.004,1.882,0.947
3820,linear,indexscan,64,master,io_uring,3,32GB,0.003,0.003,10.624,0.993
3821,linear,indexscan,64,prefetch-complex,io_uring,3,32GB,0.711,0.711,16.072,11.237
3822,linear,indexscan,64,prefetch-complex,worker,3,32GB,2.398,2.398,42.889,33.336
3823,linear,indexscan,0,prefetch-simple,sync,3,32GB,0.474,0.474,29.441,8.01
3824,linear,indexscan,1,master,sync,3,32GB,0.013,0.013,2.783,1.152
3825,linear,bitmapscan,64,prefetch-simple,worker,3,32GB,8.092,8.092,178.454,107.301
3826,linear,bitmapscan,64,prefetch-complex,io_uring,3,32GB,0.028,0.028,3.008,1.625
3827,linear,indexscan,64,prefetch-simple,worker,12,32GB,12.138,12.138,699.73,142.497
3828,linear,bitmapscan,1,master,worker,3,32GB,87.31,87.31,5018.864,1136.646
3829,linear,bitmapscan,16,prefetch-complex,worker,3,32GB,0.019,0.019,2.938,1.487
3830,linear,indexscan,0,master,sync,3,32GB,0.711,0.711,46.265,10.869
3831,linear,bitmapscan,1,prefetch-simple,worker,12,32GB,0.028,0.028,3.455,1.574
3832,linear,indexscan,16,prefetch-simple,worker,12,32GB,0.094,0.094,7.671,2.805
3833,linear,indexscan,16,master,io_uring,3,32GB,0.063,0.063,6.51,2.096
3834,linear,bitmapscan,1,prefetch-simple,worker,12,32GB,1.066,1.066,63.3,16.169
3835,linear,bitmapscan,16,master,worker,12,32GB,0.316,0.316,9.848,5.97
3836,linear,bitmapscan,1,prefetch-complex,io_uring,3,32GB,0.711,0.711,47.222,13.78
3837,linear,bitmapscan,64,master,worker,3,32GB,2.398,2.398,58.488,33.576
3838,linear,indexscan,0,prefetch-complex,worker,3,32GB,3.597,3.597,206.992,48.393
3839,linear,indexscan,16,prefetch-complex,worker,3,32GB,0.094,0.094,4.48,2.702
3840,linear,indexscan,16,prefetch-complex,worker,3,32GB,0.009,0.009,2.444,1.223
3841,linear,bitmapscan,0,prefetch-complex,worker,12,32GB,0.711,0.711,44.28,12.927
3842,linear,indexscan,64,master,worker,12,32GB,3.597,3.597,228.626,43.706
3843,linear,bitmapscan,16,prefetch-complex,worker,12,32GB,0.013,0.013,2.885,1.349
3844,linear,indexscan,16,master,worker,12,32GB,1.599,1.599,99.551,21.486
3845,linear,bitmapscan,64,master,sync,3,32GB,0.003,0.003,3.599,0.906
3846,linear,bitmapscan,64,prefetch-complex,worker,12,32GB,97.31,97.31,3807.478,1388.44
3847,linear,bitmapscan,0,master,sync,3,32GB,77.31,77.31,4286.204,1063.784
3848,linear,bitmapscan,16,master,sync,3,32GB,0.004,0.004,2.026,1.026
3849,linear,bitmapscan,0,master,io_uring,3,32GB,5.395,5.395,292.065,76.575
3850,linear,bitmapscan,64,prefetch-complex,io_uring,3,32GB,0.711,0.711,21.773,12.871
3851,linear,bitmapscan,16,prefetch-complex,sync,3,32GB,67.31,67.31,2056.068,963.086
3852,linear,bitmapscan,16,master,sync,3,32GB,5.395,5.395,127.35,75.404
3853,linear,bitmapscan,1,prefetch-complex,sync,3,32GB,0.003,0.003,2.081,1.247
3854,linear,indexscan,16,prefetch-simple,worker,3,32GB,0.042,0.042,4.252,1.641
3855,linear,bitmapscan,64,prefetch-simple,worker,12,32GB,0.013,0.013,2.499,1.191
3856,linear,indexscan,64,prefetch-complex,io_uring,3,32GB,47.31,47.31,1092.319,563.455
3857,linear,bitmapscan,0,master,io_uring,3,32GB,87.31,87.31,4665.356,1182.405
3858,linear,indexscan,64,prefetch-complex,worker,3,32GB,0.003,0.003,2.004,1.133
3859,linear,indexscan,64,master,worker,3,32GB,67.31,67.31,4055.113,775.01
3860,linear,indexscan,64,prefetch-complex,sync,3,32GB,5.395,5.395,106.347,69.262
3861,linear,indexscan,0,prefetch-simple,worker,12,32GB,0.002,0.002,1.625,0.911
3862,linear,bitmapscan,16,prefetch-simple,sync,3,32GB,0.042,0.042,3.223,1.777
3863,linear,indexscan,16,master,worker,12,32GB,0.711,0.711,67.932,10.936
3864,linear,bitmapscan,1,prefetch-complex,worker,12,32GB,0.141,0.141,11.545,3.696
3865,linear,bitmapscan,0,master,worker,3,32GB,0.009,0.009,2.21,1.18
3866,linear,bitmapscan,1,master,worker,12,32GB,0.003,0.003,1.928,0.927
3867,linear,indexscan,1,master,worker,3,32GB,27.31,27.31,1640.031,310.902
3868,linear,indexscan,0,master,worker,3,32GB,0.009,0.009,2.32,1.076
3869,linear,indexscan,1,prefetch-simple,worker,12,32GB,0.028,0.028,3.721,1.413
3870,linear,indexscan,64,master,io_uring,3,32GB,1.599,1.599,111.177,21.2
3871,linear,bitmapscan,0,prefetch-simple,worker,3,32GB,47.31,47.31,2518.159,640.918
3872,linear,bitmapscan,0,prefetch-complex,io_uring,3,32GB,0.002,0.002,1.735,1.11
3873,linear,bitmapscan,16,prefetch-simple,sync,3,32GB,2.398,2.398,56.179,33.502
3874,linear,bitmapscan,1,prefetch-complex,sync,3,32GB,0.019,0.019,3.144,1.457
3875,linear,bitmapscan,16,prefetch-simple,io_uring,3,32GB,37.31,37.31,972.945,493.519
3876,linear,indexscan,0,master,io_uring,3,32GB,2.398,2.398,172.251,31.853
3877,linear,bitmapscan,0,prefetch-simple,sync,3,32GB,0.003,0.003,1.778,0.985
3878,linear,bitmapscan,64,prefetch-simple,worker,3,32GB,0.474,0.474,12.935,8.448
3879,linear,indexscan,0,master,worker,3,32GB,0.042,0.042,4.674,1.654
3880,linear,indexscan,64,prefetch-simple,sync,3,32GB,57.31,57.31,3089.689,646.169
3881,linear,bitmapscan,16,master,worker,3,32GB,77.31,77.31,2315.551,1028.558
3882,linear,indexscan,0,prefetch-complex,worker,3,32GB,0.019,0.019,3.228,1.411
3883,linear,indexscan,1,master,sync,3,32GB,0.003,0.003,1.823,0.928
3884,linear,indexscan,64,prefetch-simple,worker,12,32GB,0.013,0.013,2.646,1.171
3885,linear,indexscan,64,prefetch-complex,worker,3,32GB,0.019,0.019,2.849,1.447
3886,linear,bitmapscan,64,master,worker,3,32GB,0.063,0.063,4.324,2.248
3887,linear,indexscan,1,prefetch-complex,sync,3,32GB,0.141,0.141,11.841,3.573
3888,linear,bitmapscan,16,prefetch-complex,worker,12,32GB,8.092,8.092,216.625,116.395
3889,linear,indexscan,16,prefetch-complex,io_uring,3,32GB,5.395,5.395,87.009,67.309
3890,linear,indexscan,64,prefetch-simple,worker,3,32GB,77.31,77.31,4176.05,874.822
3891,linear,indexscan,64,master,sync,3,32GB,12.138,12.138,810.517,151.025
3892,linear,bitmapscan,16,prefetch-complex,io_uring,3,32GB,37.31,37.31,1003.726,542.025
3893,linear,indexscan,1,master,io_uring,3,32GB,87.31,87.31,5222.955,995.669
3894,linear,indexscan,16,master,sync,3,32GB,12.138,12.138,755.629,146.814
3895,linear,indexscan,64,prefetch-complex,worker,3,32GB,47.31,47.31,1107.904,566.527
3896,linear,bitmapscan,1,prefetch-complex,worker,12,32GB,0.009,0.009,2.614,1.245
3897,linear,bitmapscan,1,prefetch-simple,worker,3,32GB,0.063,0.063,6.104,2.093
3898,linear,indexscan,1,master,worker,3,32GB,0.474,0.474,32.831,7.896
3899,linear,bitmapscan,1,master,sync,3,32GB,77.31,77.31,4391.019,1014.833
3900,linear,bitmapscan,1,prefetch-complex,worker,3,32GB,87.31,87.31,4997.181,1249.567
3901,linear,bitmapscan,0,master,worker,12,32GB,12.138,12.138,693.077,174.247
3902,linear,indexscan,16,prefetch-complex,worker,3,32GB,8.092,8.092,136.651,99.651
3903,linear,indexscan,64,prefetch-simple,io_uring,3,32GB,0.042,0.042,10.392,1.695
3904,linear,indexscan,1,master,worker,12,32GB,0.474,0.474,32.138,7.811
3905,linear,indexscan,16,prefetch-complex,io_uring,3,32GB,1.066,1.066,20.627,15.744
3906,linear,indexscan,16,prefetch-simple,worker,12,32GB,18.207,18.207,1041.211,211.764
3907,linear,bitmapscan,1,master,worker,12,32GB,0.316,0.316,22.7,6.106
3908,linear,indexscan,1,prefetch-simple,sync,3,32GB,0.474,0.474,41.824,8.465
3909,linear,bitmapscan,0,prefetch-complex,sync,3,32GB,0.316,0.316,23.048,7.409
3910,linear,indexscan,1,prefetch-complex,io_uring,3,32GB,1.599,1.599,94.635,22.359
3911,linear,indexscan,0,prefetch-complex,worker,12,32GB,1.066,1.066,59.552,16.179
3912,linear,bitmapscan,1,master,sync,3,32GB,0.316,0.316,22.101,6.502
3913,linear,bitmapscan,64,master,worker,3,32GB,27.31,27.31,643.205,364.502
3914,linear,indexscan,16,prefetch-simple,worker,3,32GB,0.003,0.003,1.918,0.959
3915,linear,indexscan,64,prefetch-complex,worker,3,32GB,1.066,1.066,21.876,16.038
3916,linear,bitmapscan,1,prefetch-complex,io_uring,3,32GB,77.31,77.31,4406.024,1115.504
3917,linear,bitmapscan,0,prefetch-complex,io_uring,3,32GB,12.138,12.138,729.974,186.073
3918,linear,indexscan,16,prefetch-complex,worker,12,32GB,97.31,97.31,2599.95,1139.152
3919,linear,indexscan,64,prefetch-simple,worker,12,32GB,2.398,2.398,143.164,31.3
3920,linear,indexscan,64,prefetch-simple,sync,3,32GB,0.006,0.006,2.146,1.015
3921,linear,bitmapscan,16,master,worker,3,32GB,37.31,37.31,1209.268,492.143
3922,linear,indexscan,0,prefetch-complex,worker,12,32GB,77.31,77.31,4177.873,947.088
3923,linear,indexscan,64,prefetch-simple,sync,3,32GB,0.009,0.009,2.393,1.131
3924,linear,indexscan,64,prefetch-complex,sync,3,32GB,0.094,0.094,5.105,2.75
3925,linear,bitmapscan,1,prefetch-simple,sync,3,32GB,3.597,3.597,217.036,49.171
3926,linear,indexscan,16,prefetch-complex,worker,3,32GB,0.316,0.316,9.715,6.204
3927,linear,bitmapscan,0,prefetch-simple,worker,3,32GB,67.31,67.31,3548.56,907.749
3928,linear,bitmapscan,1,master,sync,3,32GB,0.141,0.141,11.286,3.421
3929,linear,indexscan,16,prefetch-simple,sync,3,32GB,0.063,0.063,5.628,2.021
3930,linear,indexscan,0,master,worker,12,32GB,18.207,18.207,1072.605,209.087
3931,linear,indexscan,64,prefetch-complex,sync,3,32GB,0.006,0.006,2.316,1.189
3932,linear,bitmapscan,0,master,worker,3,32GB,0.063,0.063,7.053,2.198
3933,linear,bitmapscan,64,prefetch-simple,sync,3,32GB,5.395,5.395,135.279,73.161
3934,linear,bitmapscan,1,prefetch-simple,sync,3,32GB,0.006,0.006,2.155,1.011
3935,linear,indexscan,16,master,worker,3,32GB,8.092,8.092,526.591,95.496
3936,linear,indexscan,0,master,worker,3,32GB,1.066,1.066,68.075,15.017
3937,linear,bitmapscan,64,master,worker,12,32GB,57.31,57.31,1644.262,768.143
3938,linear,indexscan,64,prefetch-complex,sync,3,32GB,67.31,67.31,1700.982,808.857
3939,linear,indexscan,64,prefetch-complex,worker,3,32GB,0.006,0.006,2.388,1.136
3940,linear,indexscan,64,prefetch-simple,io_uring,3,32GB,0.009,0.009,2.595,1.124
3941,linear,indexscan,1,master,worker,12,32GB,57.31,57.31,3384.199,654.247
3942,linear,indexscan,16,prefetch-simple,sync,3,32GB,8.092,8.092,439.688,96.773
3943,linear,indexscan,0,prefetch-simple,worker,12,32GB,57.31,57.31,3095.307,678.623
3944,linear,bitmapscan,1,prefetch-complex,worker,12,32GB,47.31,47.31,2738.056,685.603
3945,linear,indexscan,16,prefetch-simple,worker,3,32GB,0.711,0.711,43.695,11.164
3946,linear,bitmapscan,1,prefetch-complex,sync,3,32GB,67.31,67.31,3846.339,973.561
3947,linear,indexscan,64,prefetch-simple,sync,3,32GB,47.31,47.31,2617.385,543.791
3948,linear,indexscan,1,master,worker,12,32GB,0.003,0.003,1.7,1.01
3949,linear,bitmapscan,0,master,sync,3,32GB,67.31,67.31,3624.406,932.136
3950,linear,indexscan,0,prefetch-complex,sync,3,32GB,0.094,0.094,8.038,2.866
3951,linear,bitmapscan,1,prefetch-simple,sync,3,32GB,18.207,18.207,1028.554,246.047
3952,linear,bitmapscan,16,prefetch-simple,sync,3,32GB,0.141,0.141,5.706,3.427
3953,linear,indexscan,16,master,io_uring,3,32GB,3.597,3.597,232.688,45.928
3954,linear,bitmapscan,64,master,worker,3,32GB,0.211,0.211,7.477,4.595
3955,linear,bitmapscan,0,prefetch-simple,worker,3,32GB,0.019,0.019,2.778,1.283
3956,linear,bitmapscan,64,master,io_uring,3,32GB,97.31,97.31,2968.762,1276.124
3957,linear,indexscan,1,prefetch-simple,io_uring,3,32GB,0.002,0.002,20.556,0.966
3958,linear,indexscan,1,prefetch-simple,worker,3,32GB,0.094,0.094,8.16,2.501
3959,linear,indexscan,0,prefetch-complex,sync,3,32GB,57.31,57.31,3710.572,710.498
3960,linear,indexscan,16,prefetch-complex,worker,12,32GB,0.019,0.019,3.179,1.569
3961,linear,bitmapscan,64,prefetch-complex,worker,3,32GB,0.042,0.042,3.634,1.913
3962,linear,indexscan,16,prefetch-simple,worker,12,32GB,12.138,12.138,663.496,143.267
3963,linear,indexscan,64,master,worker,3,32GB,1.066,1.066,69.039,16.063
3964,linear,indexscan,64,prefetch-complex,worker,3,32GB,0.004,0.004,2.134,1.187
3965,linear,bitmapscan,16,prefetch-simple,worker,12,32GB,0.042,0.042,3.535,2.074
3966,linear,indexscan,1,prefetch-complex,worker,12,32GB,5.395,5.395,333.829,71.222
3967,linear,indexscan,0,prefetch-complex,sync,3,32GB,1.599,1.599,91.854,24.253
3968,linear,bitmapscan,64,prefetch-simple,sync,3,32GB,0.094,0.094,16.506,2.764
3969,linear,indexscan,1,prefetch-simple,worker,12,32GB,0.009,0.009,2.317,1.033
3970,linear,indexscan,1,prefetch-complex,io_uring,3,32GB,0.711,0.711,48.578,11.592
3971,linear,indexscan,64,master,io_uring,3,32GB,57.31,57.31,3383.112,652.517
3972,linear,bitmapscan,16,prefetch-complex,worker,12,32GB,0.003,0.003,2.087,1.146
3973,linear,indexscan,1,prefetch-simple,sync,3,32GB,0.001,0.001,1.52,0.881
3974,linear,indexscan,16,master,worker,3,32GB,67.31,67.31,4696.576,763.953
3975,linear,bitmapscan,16,master,worker,12,32GB,1.066,1.066,28.867,16.436
3976,linear,indexscan,0,master,sync,3,32GB,1.599,1.599,99.716,21.818
3977,linear,bitmapscan,16,master,io_uring,3,32GB,0.019,0.019,2.676,1.26
3978,linear,indexscan,64,master,io_uring,3,32GB,3.597,3.597,264.887,46.499
3979,linear,indexscan,0,master,sync,3,32GB,0.474,0.474,32.701,7.697
3980,linear,bitmapscan,0,master,sync,3,32GB,1.066,1.066,62.615,17.097
3981,linear,indexscan,64,prefetch-simple,sync,3,32GB,0.474,0.474,30.143,8.213
3982,linear,bitmapscan,0,prefetch-simple,io_uring,3,32GB,57.31,57.31,3119.807,783.735
3983,linear,bitmapscan,16,prefetch-simple,worker,12,32GB,0.009,0.009,2.258,1.107
3984,linear,bitmapscan,1,master,worker,3,32GB,12.138,12.138,752.478,164.4
3985,linear,bitmapscan,16,prefetch-complex,sync,3,32GB,0.013,0.013,2.784,1.382
3986,linear,indexscan,64,prefetch-complex,worker,12,32GB,0.211,0.211,8.021,5.575
3987,linear,indexscan,0,prefetch-simple,io_uring,3,32GB,0.004,0.004,1.752,0.955
3988,linear,indexscan,16,prefetch-simple,io_uring,3,32GB,47.31,47.31,2596.692,544.008
3989,linear,indexscan,1,master,io_uring,3,32GB,1.066,1.066,93.068,15.825
3990,linear,indexscan,64,prefetch-complex,sync,3,32GB,18.207,18.207,296.037,224.57
3991,linear,bitmapscan,1,prefetch-complex,worker,12,32GB,0.474,0.474,59.74,9.036
3992,linear,indexscan,16,prefetch-complex,worker,12,32GB,77.31,77.31,1998.692,922.313
3993,linear,indexscan,64,master,sync,3,32GB,0.711,0.711,71.331,11.077
3994,linear,indexscan,16,master,worker,12,32GB,8.092,8.092,470.953,96.782
3995,linear,bitmapscan,16,prefetch-complex,worker,12,32GB,1.599,1.599,42.953,25.611
3996,linear,bitmapscan,1,prefetch-simple,worker,3,32GB,0.316,0.316,21.864,6.059
3997,linear,bitmapscan,0,prefetch-simple,worker,12,32GB,0.019,0.019,2.852,1.257
3998,linear,bitmapscan,1,prefetch-complex,worker,12,32GB,97.31,97.31,5564.941,1389.291
3999,linear,indexscan,16,prefetch-simple,worker,12,32GB,0.211,0.211,15.615,4.407
4000,linear,indexscan,0,master,io_uring,3,32GB,0.003,0.003,1.734,0.938
4001,linear,indexscan,16,prefetch-simple,io_uring,3,32GB,37.31,37.31,2053.703,429.046
4002,linear,bitmapscan,1,master,worker,12,32GB,0.002,0.002,1.717,0.925
4003,linear,bitmapscan,0,prefetch-simple,io_uring,3,32GB,0.019,0.019,2.901,1.253
4004,linear,bitmapscan,64,prefetch-complex,worker,12,32GB,0.028,0.028,3.648,1.692
4005,linear,bitmapscan,16,prefetch-simple,sync,3,32GB,47.31,47.31,1303.217,633.542
4006,linear,indexscan,16,prefetch-simple,sync,3,32GB,0.019,0.019,3.156,1.247
4007,linear,indexscan,16,master,worker,3,32GB,87.31,87.31,5217.507,985.433
4008,linear,bitmapscan,1,prefetch-complex,sync,3,32GB,0.141,0.141,11.681,3.806
4009,linear,indexscan,64,prefetch-simple,worker,12,32GB,0.063,0.063,5.702,2.037
4010,linear,bitmapscan,1,prefetch-complex,worker,3,32GB,5.395,5.395,329.831,80.472
4011,linear,bitmapscan,64,prefetch-complex,worker,12,32GB,0.006,0.006,2.288,1.222
4012,linear,indexscan,1,master,sync,3,32GB,97.31,97.31,5867.336,1130.51
4013,linear,bitmapscan,64,master,worker,12,32GB,0.141,0.141,6.141,3.523
4014,linear,indexscan,0,prefetch-complex,worker,3,32GB,0.004,0.004,2.056,1.117
4015,linear,bitmapscan,1,prefetch-simple,worker,3,32GB,0.711,0.711,45.063,11.71
4016,linear,bitmapscan,0,prefetch-complex,io_uring,3,32GB,0.019,0.019,3.227,1.404
4017,linear,indexscan,0,prefetch-simple,worker,12,32GB,0.141,0.141,11.09,3.459
4018,linear,bitmapscan,1,prefetch-simple,worker,12,32GB,0.009,0.009,2.265,1.078
4019,linear,bitmapscan,1,master,worker,3,32GB,37.31,37.31,2157.261,518.95
4020,linear,indexscan,1,prefetch-simple,worker,12,32GB,18.207,18.207,1231.512,215.819
4021,linear,indexscan,16,prefetch-simple,sync,3,32GB,0.028,0.028,3.604,1.414
4022,linear,indexscan,1,prefetch-complex,io_uring,3,32GB,97.31,97.31,5357.931,1151.359
4023,linear,indexscan,64,prefetch-complex,io_uring,3,32GB,2.398,2.398,47.257,32.472
4024,linear,indexscan,0,prefetch-complex,worker,3,32GB,0.141,0.141,11.346,3.693
4025,linear,bitmapscan,0,prefetch-complex,worker,3,32GB,87.31,87.31,4781.745,1283.422
4026,linear,bitmapscan,1,master,worker,12,32GB,0.004,0.004,1.96,1.038
4027,linear,bitmapscan,64,master,worker,12,32GB,0.094,0.094,5.767,3.233
4028,linear,bitmapscan,1,master,io_uring,3,32GB,3.597,3.597,216.764,49.444
4029,linear,bitmapscan,64,master,io_uring,3,32GB,87.31,87.31,2684.799,1148.101
4030,linear,indexscan,0,prefetch-simple,io_uring,3,32GB,0.028,0.028,3.763,1.475
4031,linear,bitmapscan,1,master,sync,3,32GB,0.711,0.711,45.557,12.395
4032,linear,indexscan,0,master,io_uring,3,32GB,47.31,47.31,2814.468,535.578
4033,linear,indexscan,64,master,worker,3,32GB,47.31,47.31,2889.783,538.211
4034,linear,bitmapscan,1,prefetch-complex,io_uring,3,32GB,0.094,0.094,13.415,2.948
4035,linear,bitmapscan,64,prefetch-simple,sync,3,32GB,8.092,8.092,182.669,106.601
4036,linear,bitmapscan,0,master,sync,3,32GB,18.207,18.207,1023.044,251.293
4037,linear,indexscan,0,prefetch-simple,worker,12,32GB,0.711,0.711,44.586,11.779
4038,linear,indexscan,16,prefetch-complex,sync,3,32GB,77.31,77.31,1980.017,914.837
4039,linear,bitmapscan,64,prefetch-simple,io_uring,3,32GB,0.028,0.028,3.17,1.531
4040,linear,indexscan,1,prefetch-complex,sync,3,32GB,0.013,0.013,2.679,1.269
4041,linear,indexscan,0,prefetch-simple,worker,12,32GB,67.31,67.31,3574.982,782.846
4042,linear,indexscan,1,master,io_uring,3,32GB,0.042,0.042,4.734,2.149
4043,linear,indexscan,64,prefetch-complex,sync,3,32GB,0.028,0.028,2.922,1.596
4044,linear,bitmapscan,16,prefetch-simple,worker,3,32GB,67.31,67.31,1965.158,883.935
4045,linear,indexscan,64,prefetch-simple,sync,3,32GB,0.211,0.211,14.904,4.564
4046,linear,indexscan,0,master,worker,3,32GB,0.001,0.001,1.566,0.899
4047,linear,indexscan,0,prefetch-complex,sync,3,32GB,8.092,8.092,465.397,101.763
4048,linear,indexscan,16,prefetch-simple,worker,12,32GB,97.31,97.31,5326.372,1200.389
4049,linear,bitmapscan,16,prefetch-complex,sync,3,32GB,12.138,12.138,280.152,178.053
4050,linear,indexscan,16,master,worker,3,32GB,0.316,0.316,23.276,6.701
4051,linear,indexscan,64,prefetch-complex,io_uring,3,32GB,0.001,0.001,1.558,1.04
4052,linear,bitmapscan,64,master,worker,3,32GB,1.599,1.599,48.495,23.747
4053,linear,indexscan,16,prefetch-complex,sync,3,32GB,0.003,0.003,2.62,1.14
4054,linear,indexscan,64,master,sync,3,32GB,0.019,0.019,3.092,1.237
4055,linear,bitmapscan,16,master,sync,3,32GB,8.092,8.092,199.454,109.076
4056,linear,bitmapscan,1,prefetch-complex,io_uring,3,32GB,47.31,47.31,2720.256,688.302
4057,linear,bitmapscan,1,prefetch-simple,io_uring,3,32GB,37.31,37.31,2177.954,503.756
4058,linear,bitmapscan,0,prefetch-complex,io_uring,3,32GB,1.599,1.599,108.961,27.771
4059,linear,bitmapscan,1,master,worker,3,32GB,0.009,0.009,2.362,1.072
4060,linear,indexscan,0,prefetch-complex,io_uring,3,32GB,8.092,8.092,430.104,103.165
4061,linear,bitmapscan,16,prefetch-complex,io_uring,3,32GB,18.207,18.207,423.227,265.385
4062,linear,bitmapscan,16,master,io_uring,3,32GB,18.207,18.207,434.525,248.553
4063,linear,bitmapscan,64,master,worker,3,32GB,0.141,0.141,6.047,3.514
4064,linear,bitmapscan,16,master,sync,3,32GB,77.31,77.31,2292.647,1020.755
4065,linear,bitmapscan,1,master,io_uring,3,32GB,67.31,67.31,3890.741,891.003
4066,linear,indexscan,1,prefetch-simple,sync,3,32GB,12.138,12.138,772.55,144.66
4067,linear,indexscan,1,prefetch-complex,worker,12,32GB,47.31,47.31,2633.402,560.815
4068,linear,indexscan,64,prefetch-simple,worker,12,32GB,0.094,0.094,7.951,2.657
4069,linear,indexscan,0,prefetch-complex,io_uring,3,32GB,77.31,77.31,4027.812,960.613
4070,linear,bitmapscan,16,prefetch-complex,worker,3,32GB,0.003,0.003,2.063,1.143
4071,linear,indexscan,1,master,sync,3,32GB,0.094,0.094,10.137,2.656
4072,linear,bitmapscan,0,master,io_uring,3,32GB,77.31,77.31,4130.635,1052.535
4073,linear,indexscan,64,master,worker,12,32GB,12.138,12.138,825.36,147.372
4074,linear,indexscan,64,master,io_uring,3,32GB,77.31,77.31,4613.049,893.529
4075,linear,indexscan,64,master,io_uring,3,32GB,47.31,47.31,2841.486,544.846
4076,linear,bitmapscan,0,prefetch-complex,io_uring,3,32GB,0.028,0.028,3.903,1.735
4077,linear,bitmapscan,64,prefetch-simple,io_uring,3,32GB,0.006,0.006,2.863,1.041
4078,linear,indexscan,0,prefetch-complex,worker,3,32GB,2.398,2.398,128.232,32.911
4079,linear,indexscan,64,prefetch-simple,worker,3,32GB,0.001,0.001,1.617,0.919
4080,linear,indexscan,16,prefetch-simple,worker,3,32GB,1.599,1.599,98.661,21.349
4081,linear,indexscan,16,master,worker,3,32GB,57.31,57.31,3378.181,648.293
4082,linear,indexscan,0,prefetch-complex,io_uring,3,32GB,18.207,18.207,1053.345,229.475
4083,linear,bitmapscan,64,master,io_uring,3,32GB,0.002,0.002,1.765,0.922
4084,linear,indexscan,0,master,io_uring,3,32GB,1.066,1.066,65.596,14.942
4085,linear,indexscan,1,prefetch-complex,worker,3,32GB,47.31,47.31,2664.2,560.156
4086,linear,bitmapscan,16,prefetch-complex,worker,12,32GB,97.31,97.31,3092.129,1394.319
4087,linear,bitmapscan,1,prefetch-complex,worker,12,32GB,0.211,0.211,31.324,5.761
4088,linear,indexscan,16,prefetch-simple,io_uring,3,32GB,0.063,0.063,5.823,2.044
4089,linear,bitmapscan,64,prefetch-complex,worker,12,32GB,0.474,0.474,14.828,9.108
4090,linear,indexscan,1,prefetch-complex,io_uring,3,32GB,0.019,0.019,3.098,1.368
4091,linear,indexscan,16,prefetch-complex,io_uring,3,32GB,12.138,12.138,197.617,147.075
4092,linear,indexscan,0,master,io_uring,3,32GB,0.013,0.013,3.23,1.119
4093,linear,indexscan,1,prefetch-simple,worker,12,32GB,0.019,0.019,3.069,1.278
4094,linear,indexscan,1,master,worker,12,32GB,97.31,97.31,5668.111,1096.597
4095,linear,bitmapscan,16,prefetch-simple,worker,12,32GB,0.316,0.316,10.871,7.109
4096,linear,indexscan,0,master,sync,3,32GB,47.31,47.31,2917.003,543.345
4097,linear,indexscan,16,prefetch-simple,io_uring,3,32GB,0.474,0.474,30.379,8.543
4098,linear,indexscan,16,master,sync,3,32GB,0.019,0.019,3.33,1.245
4099,linear,bitmapscan,0,prefetch-simple,worker,12,32GB,1.599,1.599,86.461,23.697
4100,linear,indexscan,64,prefetch-simple,io_uring,3,32GB,0.006,0.006,2.171,1.04
4101,linear,bitmapscan,64,prefetch-complex,worker,12,32GB,0.094,0.094,4.916,2.997
4102,linear,indexscan,16,prefetch-complex,io_uring,3,32GB,0.009,0.009,2.555,1.272
4103,linear,bitmapscan,0,prefetch-simple,worker,3,32GB,0.141,0.141,16.092,3.597
4104,linear,bitmapscan,64,prefetch-simple,worker,12,32GB,0.063,0.063,3.914,2.137
4105,linear,indexscan,16,prefetch-simple,io_uring,3,32GB,77.31,77.31,4192.854,871.681
4106,linear,indexscan,16,prefetch-complex,sync,3,32GB,0.094,0.094,5.254,3.413
4107,linear,indexscan,16,prefetch-simple,io_uring,3,32GB,18.207,18.207,1006.455,214.957
4108,linear,bitmapscan,0,master,worker,12,32GB,0.063,0.063,6.117,2.107
4109,linear,bitmapscan,64,master,sync,3,32GB,57.31,57.31,1644.849,760.256
4110,linear,bitmapscan,1,master,io_uring,3,32GB,0.002,0.002,2.208,0.9
4111,linear,indexscan,1,prefetch-simple,sync,3,32GB,27.31,27.31,1809.143,312.146
4112,linear,bitmapscan,0,prefetch-simple,io_uring,3,32GB,97.31,97.31,5396.615,1333.731
4113,linear,bitmapscan,0,master,io_uring,3,32GB,0.141,0.141,11.485,3.672
4114,linear,indexscan,1,prefetch-simple,worker,12,32GB,87.31,87.31,5579.919,988.463
4115,linear,indexscan,0,master,worker,3,32GB,0.211,0.211,16.787,4.536
4116,linear,bitmapscan,1,master,io_uring,3,32GB,0.316,0.316,20.496,6.094
4117,linear,indexscan,1,prefetch-complex,worker,12,32GB,0.009,0.009,2.413,1.211
4118,linear,bitmapscan,64,prefetch-simple,io_uring,3,32GB,0.094,0.094,4.683,2.709
4119,linear,indexscan,1,prefetch-complex,worker,3,32GB,0.316,0.316,22.39,6.143
4120,linear,indexscan,16,master,io_uring,3,32GB,87.31,87.31,5114.156,1010.521
4121,linear,indexscan,64,master,worker,3,32GB,0.141,0.141,12.576,3.787
4122,linear,indexscan,0,master,worker,3,32GB,8.092,8.092,504.815,97.737
4123,linear,bitmapscan,64,prefetch-simple,worker,12,32GB,18.207,18.207,406.357,246.34
4124,linear,indexscan,0,master,worker,3,32GB,0.316,0.316,22.924,5.942
4125,linear,bitmapscan,1,prefetch-simple,worker,12,32GB,47.31,47.31,2751.98,628.461
4126,linear,bitmapscan,64,prefetch-simple,worker,12,32GB,8.092,8.092,199.042,109.95
4127,linear,indexscan,16,prefetch-simple,sync,3,32GB,2.398,2.398,125.223,30.667
4128,linear,bitmapscan,0,master,worker,3,32GB,0.141,0.141,10.661,3.601
4129,linear,bitmapscan,64,prefetch-complex,worker,3,32GB,0.003,0.003,1.897,1.163
4130,linear,bitmapscan,64,prefetch-simple,io_uring,3,32GB,12.138,12.138,281.264,162.078
4131,linear,bitmapscan,64,prefetch-simple,worker,12,32GB,0.141,0.141,26.685,3.742
4132,linear,indexscan,0,prefetch-complex,worker,12,32GB,1.599,1.599,94.275,23.408
4133,linear,bitmapscan,0,prefetch-complex,sync,3,32GB,5.395,5.395,324.636,81.795
4134,linear,bitmapscan,64,master,worker,3,32GB,97.31,97.31,2965.849,1279.801
4135,linear,indexscan,64,master,io_uring,3,32GB,0.001,0.001,5.59,0.885
4136,linear,indexscan,1,master,io_uring,3,32GB,0.001,0.001,1.38,0.886
4137,linear,indexscan,64,prefetch-simple,io_uring,3,32GB,0.474,0.474,28.364,7.943
4138,linear,indexscan,16,master,io_uring,3,32GB,0.004,0.004,1.782,0.971
4139,linear,bitmapscan,64,prefetch-simple,io_uring,3,32GB,18.207,18.207,456.462,247.492
4140,linear,indexscan,0,prefetch-complex,sync,3,32GB,77.31,77.31,4007.736,957.084
4141,linear,bitmapscan,64,master,worker,3,32GB,0.028,0.028,3.036,1.428
4142,linear,indexscan,1,prefetch-complex,worker,3,32GB,2.398,2.398,166.852,32.533
4143,linear,indexscan,0,master,io_uring,3,32GB,87.31,87.31,6250.505,1263.553
4144,linear,indexscan,1,prefetch-complex,sync,3,32GB,0.474,0.474,33.671,9.257
4145,linear,bitmapscan,1,prefetch-simple,worker,12,32GB,0.141,0.141,11.238,3.418
4146,linear,indexscan,16,prefetch-simple,io_uring,3,32GB,0.042,0.042,4.527,1.715
4147,linear,bitmapscan,0,prefetch-simple,sync,3,32GB,2.398,2.398,136.606,35.576
4148,linear,indexscan,64,prefetch-complex,worker,3,32GB,97.31,97.31,2579.373,1148.008
4149,linear,indexscan,1,master,sync,3,32GB,0.019,0.019,3.191,1.269
4150,linear,indexscan,64,prefetch-simple,worker,3,32GB,2.398,2.398,138.42,30.726
4151,linear,indexscan,16,prefetch-complex,sync,3,32GB,0.316,0.316,10.592,6.862
4152,linear,bitmapscan,0,prefetch-complex,io_uring,3,32GB,57.31,57.31,3171.725,916.345
4153,linear,bitmapscan,64,prefetch-simple,sync,3,32GB,97.31,97.31,2947.684,1286.588
4154,linear,indexscan,0,master,worker,12,32GB,0.711,0.711,46.977,10.941
4155,linear,bitmapscan,16,prefetch-complex,worker,12,32GB,0.474,0.474,13.542,9.031
4156,linear,bitmapscan,16,master,io_uring,3,32GB,57.31,57.31,1667.967,756.797
4157,linear,bitmapscan,0,master,worker,3,32GB,0.094,0.094,8.167,2.667
4158,linear,indexscan,16,prefetch-complex,worker,12,32GB,67.31,67.31,1713.14,800.038
4159,linear,indexscan,0,master,io_uring,3,32GB,3.597,3.597,249.775,45.196
4160,linear,bitmapscan,64,master,sync,3,32GB,1.599,1.599,73.77,23.599
4161,linear,indexscan,16,prefetch-simple,sync,3,32GB,87.31,87.31,5618.767,989.317
4162,linear,indexscan,0,prefetch-complex,worker,3,32GB,57.31,57.31,3226.855,706.985
4163,linear,indexscan,64,master,worker,3,32GB,77.31,77.31,4657.233,860.707
4164,linear,bitmapscan,1,prefetch-simple,sync,3,32GB,2.398,2.398,201.069,33.627
4165,linear,bitmapscan,64,prefetch-simple,worker,3,32GB,87.31,87.31,2635.128,1147.765
4166,linear,bitmapscan,0,master,worker,3,32GB,0.042,0.042,4.708,1.753
4167,linear,bitmapscan,16,prefetch-complex,worker,3,32GB,0.211,0.211,7.858,5.092
4168,linear,bitmapscan,16,prefetch-simple,io_uring,3,32GB,0.001,0.001,1.557,0.926
4169,linear,indexscan,64,prefetch-simple,io_uring,3,32GB,0.211,0.211,14.553,4.362
4170,linear,bitmapscan,16,prefetch-complex,io_uring,3,32GB,0.019,0.019,2.844,1.404
4171,linear,bitmapscan,0,master,sync,3,32GB,5.395,5.395,356.786,75.208
4172,linear,bitmapscan,16,prefetch-complex,worker,3,32GB,0.028,0.028,3.178,1.662
4173,linear,bitmapscan,0,prefetch-complex,sync,3,32GB,0.474,0.474,28.074,9.1
4174,linear,bitmapscan,64,prefetch-complex,worker,3,32GB,0.028,0.028,3.275,2.535
4175,linear,bitmapscan,16,master,worker,3,32GB,47.31,47.31,1388.492,632.501
4176,linear,bitmapscan,1,prefetch-complex,worker,3,32GB,0.006,0.006,2.459,1.149
4177,linear,indexscan,16,prefetch-complex,worker,12,32GB,0.006,0.006,2.25,1.134
4178,linear,bitmapscan,1,prefetch-simple,worker,3,32GB,27.31,27.31,1612.137,361.357
4179,linear,indexscan,1,prefetch-complex,worker,12,32GB,3.597,3.597,235.214,47.362
4180,linear,indexscan,64,prefetch-complex,worker,12,32GB,0.019,0.019,2.658,1.389
4181,linear,indexscan,16,master,worker,3,32GB,0.028,0.028,3.691,1.492
4182,linear,bitmapscan,16,prefetch-complex,worker,3,32GB,0.094,0.094,11.621,2.974
4183,linear,bitmapscan,64,master,sync,3,32GB,47.31,47.31,1311.12,623.223
4184,linear,bitmapscan,64,master,sync,3,32GB,8.092,8.092,301.587,110.518
4185,linear,bitmapscan,0,master,sync,3,32GB,8.092,8.092,472.277,112.471
4186,linear,indexscan,1,prefetch-simple,worker,12,32GB,0.094,0.094,23.379,2.659
4187,linear,indexscan,0,master,sync,3,32GB,0.042,0.042,4.814,1.651
4188,linear,indexscan,0,prefetch-complex,worker,3,32GB,0.013,0.013,2.889,1.349
4189,linear,indexscan,0,prefetch-simple,sync,3,32GB,1.066,1.066,90.286,15.951
4190,linear,indexscan,1,prefetch-simple,sync,3,32GB,0.316,0.316,36.466,6.516
4191,linear,indexscan,64,prefetch-complex,io_uring,3,32GB,0.019,0.019,2.678,1.489
4192,linear,indexscan,16,prefetch-complex,worker,3,32GB,3.597,3.597,72.612,47.023
4193,linear,bitmapscan,64,prefetch-complex,worker,12,32GB,27.31,27.31,943.284,395.962
4194,linear,indexscan,0,prefetch-complex,sync,3,32GB,37.31,37.31,2071.639,469.284
4195,linear,indexscan,0,prefetch-complex,sync,3,32GB,0.009,0.009,3.08,1.309
4196,linear,indexscan,64,prefetch-complex,io_uring,3,32GB,5.395,5.395,90.8,69.02
4197,linear,indexscan,64,prefetch-simple,worker,12,32GB,0.003,0.003,1.896,0.987
4198,linear,indexscan,64,prefetch-simple,worker,12,32GB,0.004,0.004,1.961,0.997
4199,linear,bitmapscan,64,master,sync,3,32GB,0.006,0.006,2.143,1.004
4200,linear,bitmapscan,16,master,worker,12,32GB,0.013,0.013,2.621,1.097
4201,linear,bitmapscan,64,prefetch-complex,sync,3,32GB,0.141,0.141,6.707,3.979
4202,linear,indexscan,64,prefetch-simple,worker,3,32GB,0.002,0.002,17.619,0.99
4203,linear,bitmapscan,16,master,worker,3,32GB,5.395,5.395,125.72,73.669
4204,linear,bitmapscan,1,master,worker,3,32GB,27.31,27.31,1579.124,366.406
4205,linear,indexscan,16,prefetch-simple,sync,3,32GB,0.003,0.003,1.749,0.946
4206,linear,bitmapscan,16,prefetch-simple,io_uring,3,32GB,18.207,18.207,431.251,247.48
4207,linear,indexscan,0,master,worker,12,32GB,0.063,0.063,6.969,2.065
4208,linear,bitmapscan,0,prefetch-simple,worker,12,32GB,0.009,0.009,2.466,1.346
4209,linear,bitmapscan,16,master,worker,3,32GB,0.711,0.711,25.043,12.121
4210,linear,indexscan,16,prefetch-simple,worker,3,32GB,5.395,5.395,304.214,66.231
4211,linear,indexscan,64,master,worker,12,32GB,5.395,5.395,322.064,64.719
4212,linear,bitmapscan,1,master,worker,3,32GB,0.042,0.042,4.649,1.67
4213,linear,bitmapscan,16,master,worker,3,32GB,97.31,97.31,2945.705,1270.656
4214,linear,indexscan,0,master,sync,3,32GB,2.398,2.398,149.359,30.847
4215,linear,bitmapscan,64,master,worker,3,32GB,12.138,12.138,370.913,171.436
4216,linear,indexscan,0,prefetch-simple,worker,3,32GB,3.597,3.597,237.753,47.595
4217,linear,bitmapscan,1,prefetch-simple,sync,3,32GB,57.31,57.31,3276.424,756.753
4218,linear,indexscan,16,prefetch-simple,io_uring,3,32GB,12.138,12.138,685.908,147.222
4219,linear,bitmapscan,0,master,worker,12,32GB,3.597,3.597,199.334,51.631
4220,linear,indexscan,16,master,worker,3,32GB,5.395,5.395,344.894,65.357
4221,linear,bitmapscan,16,prefetch-simple,worker,3,32GB,0.063,0.063,10.725,2.168
4222,linear,indexscan,16,master,sync,3,32GB,0.063,0.063,6.077,2.009
4223,linear,indexscan,0,prefetch-simple,worker,3,32GB,27.31,27.31,1438.964,324.036
4224,linear,indexscan,64,master,worker,3,32GB,0.009,0.009,2.345,1.045
4225,linear,bitmapscan,0,master,worker,12,32GB,1.066,1.066,67.157,16.897
4226,linear,bitmapscan,16,prefetch-complex,sync,3,32GB,97.31,97.31,3098.361,1378.743
4227,linear,bitmapscan,1,master,worker,3,32GB,0.094,0.094,7.981,2.604
4228,linear,indexscan,0,prefetch-simple,sync,3,32GB,97.31,97.31,5968.453,1157.724
4229,linear,bitmapscan,64,prefetch-complex,sync,3,32GB,0.019,0.019,3.689,1.554
4230,linear,bitmapscan,0,prefetch-complex,io_uring,3,32GB,37.31,37.31,2080.601,554.709
4231,linear,bitmapscan,16,prefetch-simple,sync,3,32GB,0.004,0.004,1.939,1.015
4232,linear,indexscan,16,prefetch-complex,sync,3,32GB,37.31,37.31,836.7,453.091
4233,linear,indexscan,1,prefetch-simple,worker,12,32GB,0.063,0.063,6.19,2.116
4234,linear,indexscan,0,master,sync,3,32GB,0.019,0.019,3.34,1.574
4235,linear,bitmapscan,64,prefetch-simple,worker,3,32GB,0.013,0.013,2.992,1.197
4236,linear,bitmapscan,0,prefetch-simple,worker,12,32GB,0.004,0.004,2.152,0.964
4237,linear,indexscan,16,prefetch-complex,io_uring,3,32GB,3.597,3.597,73.089,47.086
4238,linear,bitmapscan,64,prefetch-complex,io_uring,3,32GB,2.398,2.398,83.004,36.473
4239,linear,indexscan,64,master,sync,3,32GB,0.004,0.004,1.729,0.952
4240,linear,bitmapscan,1,prefetch-complex,sync,3,32GB,47.31,47.31,2849.493,699.998
4241,linear,indexscan,64,prefetch-simple,sync,3,32GB,97.31,97.31,5500.938,1121.005
4242,linear,bitmapscan,16,master,io_uring,3,32GB,0.474,0.474,13.541,8.506
4243,linear,bitmapscan,0,master,worker,12,32GB,0.211,0.211,15.053,4.854
4244,linear,indexscan,16,master,worker,12,32GB,77.31,77.31,5639.981,890.4
4245,linear,indexscan,16,master,worker,12,32GB,87.31,87.31,5316.145,1001.516
4246,linear,bitmapscan,64,master,worker,3,32GB,0.003,0.003,6.067,1.032
4247,linear,bitmapscan,1,master,io_uring,3,32GB,87.31,87.31,4863.419,1154.219
4248,linear,bitmapscan,64,master,worker,12,32GB,2.398,2.398,61.37,33.457
4249,linear,bitmapscan,16,prefetch-complex,io_uring,3,32GB,0.002,0.002,1.848,1.131
4250,linear,bitmapscan,16,prefetch-simple,io_uring,3,32GB,1.599,1.599,42.486,24.372
4251,linear,indexscan,1,master,worker,12,32GB,77.31,77.31,4774.127,885.236
4252,linear,indexscan,1,prefetch-complex,sync,3,32GB,0.711,0.711,54.259,11.366
4253,linear,bitmapscan,16,master,worker,12,32GB,0.003,0.003,1.921,0.942
4254,linear,indexscan,1,prefetch-simple,worker,3,32GB,0.711,0.711,48.28,11.817
4255,linear,indexscan,1,master,worker,3,32GB,1.599,1.599,107.041,22
4256,linear,indexscan,0,prefetch-complex,worker,12,32GB,0.141,0.141,11.227,4.438
4257,linear,indexscan,0,prefetch-simple,io_uring,3,32GB,0.009,0.009,2.311,1.054
4258,linear,bitmapscan,0,prefetch-simple,worker,12,32GB,0.211,0.211,16.577,4.612
4259,linear,bitmapscan,0,prefetch-simple,worker,12,32GB,5.395,5.395,310.895,79.218
4260,linear,bitmapscan,16,prefetch-complex,io_uring,3,32GB,0.474,0.474,13.878,9.007
4261,linear,bitmapscan,64,master,sync,3,32GB,87.31,87.31,2623.38,1149.313
4262,linear,bitmapscan,1,prefetch-complex,sync,3,32GB,0.004,0.004,2.059,1.145
4263,linear,indexscan,64,master,io_uring,3,32GB,0.316,0.316,22.496,5.939
4264,linear,indexscan,0,prefetch-simple,sync,3,32GB,0.042,0.042,4.695,1.699
4265,linear,bitmapscan,16,prefetch-simple,worker,12,32GB,67.31,67.31,1932.035,900.869
4266,linear,bitmapscan,1,master,worker,12,32GB,0.028,0.028,4.05,1.442
4267,linear,bitmapscan,0,prefetch-complex,worker,12,32GB,5.395,5.395,321.818,81.499
4268,linear,indexscan,0,master,io_uring,3,32GB,97.31,97.31,5866.692,1101.941
4269,linear,bitmapscan,0,prefetch-simple,sync,3,32GB,0.013,0.013,2.615,1.197
4270,linear,bitmapscan,1,prefetch-simple,io_uring,3,32GB,0.028,0.028,3.838,1.451
4271,linear,indexscan,64,prefetch-complex,io_uring,3,32GB,1.599,1.599,40.523,22.945
4272,linear,indexscan,0,prefetch-complex,io_uring,3,32GB,2.398,2.398,126.763,32.781
4273,linear,indexscan,0,prefetch-simple,io_uring,3,32GB,1.599,1.599,82.994,21.462
4274,linear,bitmapscan,0,prefetch-complex,worker,3,32GB,37.31,37.31,2110.17,555.183
4275,linear,bitmapscan,0,prefetch-complex,io_uring,3,32GB,47.31,47.31,2617.609,694.923
4276,linear,bitmapscan,16,prefetch-simple,sync,3,32GB,8.092,8.092,188.363,107.739
4277,linear,indexscan,16,prefetch-complex,sync,3,32GB,0.474,0.474,12.987,8.346
4278,linear,bitmapscan,1,prefetch-complex,worker,3,32GB,0.028,0.028,3.805,1.602
4279,linear,indexscan,16,prefetch-complex,sync,3,32GB,3.597,3.597,73.129,46.062
4280,linear,bitmapscan,1,prefetch-simple,sync,3,32GB,1.066,1.066,65.758,16.385
4281,linear,bitmapscan,64,master,worker,12,32GB,0.002,0.002,1.684,0.886
4282,linear,bitmapscan,0,prefetch-complex,worker,3,32GB,0.009,0.009,6.215,1.222
4283,linear,bitmapscan,0,prefetch-complex,sync,3,32GB,97.31,97.31,5261.179,1439.464
4284,linear,bitmapscan,64,master,io_uring,3,32GB,0.474,0.474,13.655,8.473
4285,linear,bitmapscan,64,prefetch-complex,sync,3,32GB,12.138,12.138,294.267,178.145
4286,linear,indexscan,16,prefetch-complex,io_uring,3,32GB,37.31,37.31,824.879,450.478
4287,linear,indexscan,64,prefetch-simple,worker,3,32GB,0.141,0.141,11.013,3.383
4288,linear,bitmapscan,64,master,worker,3,32GB,0.013,0.013,2.636,1.138
4289,linear,bitmapscan,1,master,sync,3,32GB,5.395,5.395,312.889,75.903
4290,linear,bitmapscan,0,prefetch-complex,worker,12,32GB,8.092,8.092,446.865,120.675
4291,linear,indexscan,16,prefetch-complex,worker,3,32GB,0.211,0.211,7.015,4.522
4292,linear,bitmapscan,0,master,worker,3,32GB,57.31,57.31,3085.721,776.807
4293,linear,indexscan,64,prefetch-simple,sync,3,32GB,27.31,27.31,1474.084,316.505
4294,linear,bitmapscan,1,master,worker,3,32GB,77.31,77.31,4702.791,1009.365
4295,linear,indexscan,1,prefetch-complex,worker,12,32GB,0.063,0.063,6.685,2.327
4296,linear,indexscan,0,master,io_uring,3,32GB,0.002,0.002,1.545,0.905
4297,linear,bitmapscan,64,prefetch-simple,worker,3,32GB,0.063,0.063,3.905,2.173
4298,linear,indexscan,0,prefetch-simple,worker,3,32GB,0.316,0.316,20.528,5.896
4299,linear,indexscan,16,prefetch-complex,io_uring,3,32GB,0.004,0.004,2.072,1.121
4300,linear,bitmapscan,64,prefetch-simple,sync,3,32GB,0.042,0.042,3.236,1.754
4301,linear,indexscan,64,prefetch-simple,worker,3,32GB,0.019,0.019,4.183,1.301
4302,linear,indexscan,0,prefetch-complex,worker,12,32GB,97.31,97.31,5835.883,1187.98
4303,linear,bitmapscan,0,prefetch-simple,sync,3,32GB,0.711,0.711,61.836,12.45
4304,linear,bitmapscan,0,prefetch-complex,sync,3,32GB,67.31,67.31,4151.02,989.833
4305,linear,indexscan,0,prefetch-simple,worker,12,32GB,0.094,0.094,15.8,2.613
4306,linear,bitmapscan,16,master,sync,3,32GB,1.066,1.066,25.673,16.507
4307,linear,indexscan,16,master,worker,3,32GB,12.138,12.138,912.605,143.916
4308,linear,indexscan,1,prefetch-simple,io_uring,3,32GB,0.094,0.094,8.898,2.555
4309,linear,bitmapscan,16,master,worker,12,32GB,0.094,0.094,11.791,3.102
4310,linear,indexscan,1,master,sync,3,32GB,0.004,0.004,1.987,0.955
4311,linear,bitmapscan,0,prefetch-simple,sync,3,32GB,87.31,87.31,4994.62,1187.063
4312,linear,indexscan,0,master,worker,3,32GB,87.31,87.31,5455.67,992.425
4313,linear,indexscan,64,master,sync,3,32GB,77.31,77.31,5003.182,882.504
4314,linear,indexscan,0,prefetch-complex,worker,3,32GB,0.002,0.002,1.85,1.09
4315,linear,bitmapscan,0,prefetch-simple,worker,3,32GB,3.597,3.597,196.318,51.476
4316,linear,indexscan,1,prefetch-simple,worker,3,32GB,12.138,12.138,728.613,142.39
4317,linear,bitmapscan,16,master,sync,3,32GB,0.013,0.013,2.567,1.113
4318,linear,indexscan,16,prefetch-complex,worker,3,32GB,0.042,0.042,3.327,1.893
4319,linear,bitmapscan,1,master,sync,3,32GB,97.31,97.31,5553.594,1259.345
4320,linear,bitmapscan,0,master,sync,3,32GB,0.711,0.711,48.283,12.199
4321,linear,indexscan,0,prefetch-simple,worker,12,32GB,1.066,1.066,72.443,15.922
4322,linear,indexscan,16,prefetch-simple,worker,3,32GB,0.211,0.211,14.801,4.409
4323,linear,bitmapscan,0,prefetch-complex,io_uring,3,32GB,0.004,0.004,1.968,1.102
4324,linear,bitmapscan,0,prefetch-simple,worker,3,32GB,87.31,87.31,4689.638,1188.983
4325,linear,indexscan,1,prefetch-complex,worker,3,32GB,18.207,18.207,1142.481,222.221
4326,linear,indexscan,1,prefetch-simple,worker,12,32GB,0.013,0.013,2.569,1.135
4327,linear,indexscan,64,prefetch-simple,worker,3,32GB,1.066,1.066,61.746,16.328
4328,linear,indexscan,16,prefetch-simple,sync,3,32GB,5.395,5.395,308.178,65.077
4329,linear,indexscan,64,prefetch-simple,io_uring,3,32GB,0.141,0.141,11.01,3.252
4330,linear,indexscan,64,prefetch-simple,worker,3,32GB,0.028,0.028,3.54,1.446
4331,linear,bitmapscan,1,prefetch-complex,sync,3,32GB,5.395,5.395,332.798,81.605
4332,linear,bitmapscan,64,prefetch-complex,worker,12,32GB,67.31,67.31,2019.119,963.748
4333,linear,indexscan,64,master,worker,3,32GB,97.31,97.31,6501.624,1108.311
4334,linear,indexscan,1,master,sync,3,32GB,0.063,0.063,6.576,2.07
4335,linear,bitmapscan,1,prefetch-simple,io_uring,3,32GB,1.599,1.599,99.115,22.871
4336,linear,bitmapscan,64,prefetch-complex,io_uring,3,32GB,0.002,0.002,1.913,1.11
4337,linear,indexscan,16,prefetch-simple,worker,3,32GB,12.138,12.138,672.846,146.727
4338,linear,bitmapscan,1,prefetch-simple,worker,3,32GB,0.019,0.019,3.039,1.239
4339,linear,indexscan,16,prefetch-simple,worker,12,32GB,0.002,0.002,2.065,0.921
4340,linear,indexscan,64,prefetch-simple,worker,3,32GB,0.003,0.003,1.743,0.965
4341,linear,bitmapscan,16,prefetch-simple,io_uring,3,32GB,0.004,0.004,1.978,1.156
4342,linear,indexscan,64,prefetch-simple,worker,3,32GB,12.138,12.138,661.292,144.266
4343,linear,indexscan,16,prefetch-simple,worker,12,32GB,0.013,0.013,2.704,1.19
4344,linear,bitmapscan,64,master,io_uring,3,32GB,67.31,67.31,1997.675,907.405
4345,linear,bitmapscan,64,prefetch-simple,worker,12,32GB,0.211,0.211,7.583,4.835
4346,linear,bitmapscan,64,master,sync,3,32GB,67.31,67.31,1987.672,886.319
4347,linear,bitmapscan,64,prefetch-complex,worker,12,32GB,0.063,0.063,4.429,2.351
4348,linear,bitmapscan,1,prefetch-complex,io_uring,3,32GB,0.063,0.063,6.289,2.26
4349,linear,indexscan,16,master,io_uring,3,32GB,0.009,0.009,2.343,1.024
4350,linear,indexscan,1,master,worker,3,32GB,0.003,0.003,1.809,0.919
4351,linear,bitmapscan,1,master,worker,12,32GB,0.009,0.009,2.234,1.024
4352,linear,indexscan,0,master,io_uring,3,32GB,0.001,0.001,1.674,0.882
4353,linear,indexscan,0,prefetch-simple,sync,3,32GB,0.006,0.006,1.997,0.986
4354,linear,bitmapscan,1,prefetch-complex,worker,3,32GB,57.31,57.31,3413.073,829.85
4355,linear,indexscan,16,prefetch-complex,sync,3,32GB,1.599,1.599,32.122,22.845
4356,linear,indexscan,64,prefetch-complex,io_uring,3,32GB,0.063,0.063,3.962,2.191
4357,linear,bitmapscan,0,prefetch-complex,io_uring,3,32GB,0.063,0.063,5.76,2.291
4358,linear,bitmapscan,0,master,io_uring,3,32GB,0.009,0.009,2.214,1.03
4359,linear,indexscan,64,prefetch-complex,io_uring,3,32GB,0.013,0.013,2.811,1.342
4360,linear,indexscan,0,prefetch-complex,worker,12,32GB,0.042,0.042,4.563,1.848
4361,linear,indexscan,64,prefetch-complex,sync,3,32GB,0.474,0.474,12.683,8.44
4362,linear,indexscan,16,prefetch-simple,worker,3,32GB,47.31,47.31,2503.378,543.805
4363,linear,bitmapscan,16,prefetch-simple,sync,3,32GB,87.31,87.31,2667.574,1172.287
4364,linear,bitmapscan,64,prefetch-complex,worker,12,32GB,47.31,47.31,1409.665,688.534
4365,linear,bitmapscan,16,master,io_uring,3,32GB,0.316,0.316,11.361,6.24
4366,linear,bitmapscan,0,prefetch-complex,worker,3,32GB,97.31,97.31,5528.726,1437.583
4367,linear,bitmapscan,0,prefetch-complex,worker,12,32GB,0.006,0.006,2.15,1.141
4368,linear,indexscan,1,master,sync,3,32GB,0.316,0.316,23.136,6.08
4369,linear,indexscan,16,prefetch-simple,worker,3,32GB,1.066,1.066,68.326,15.652
4370,linear,bitmapscan,0,master,io_uring,3,32GB,18.207,18.207,1009.547,253.989
4371,linear,bitmapscan,0,master,io_uring,3,32GB,3.597,3.597,226.718,52.479
4372,linear,bitmapscan,64,prefetch-complex,sync,3,32GB,3.597,3.597,112.533,53.927
4373,linear,indexscan,64,prefetch-complex,worker,3,32GB,1.599,1.599,29.74,22.551
4374,linear,bitmapscan,16,prefetch-complex,worker,3,32GB,37.31,37.31,1836.652,537.956
4375,linear,indexscan,64,master,worker,3,32GB,18.207,18.207,1097.152,212.1
4376,linear,bitmapscan,16,prefetch-simple,worker,12,32GB,27.31,27.31,712.517,370.192
4377,linear,bitmapscan,16,prefetch-complex,worker,3,32GB,27.31,27.31,699.586,396.96
4378,linear,bitmapscan,0,prefetch-complex,worker,3,32GB,0.063,0.063,6.369,2.334
4379,linear,indexscan,64,prefetch-complex,sync,3,32GB,87.31,87.31,2279.27,1037.559
4380,linear,bitmapscan,1,master,io_uring,3,32GB,97.31,97.31,5637.882,1285.663
4381,linear,indexscan,16,prefetch-complex,io_uring,3,32GB,57.31,57.31,1405.564,683.16
4382,linear,bitmapscan,1,prefetch-complex,sync,3,32GB,27.31,27.31,1598.391,400.657
4383,linear,bitmapscan,0,prefetch-simple,sync,3,32GB,0.063,0.063,5.921,2.206
4384,linear,bitmapscan,0,master,io_uring,3,32GB,0.002,0.002,1.684,0.947
4385,linear,indexscan,0,prefetch-simple,io_uring,3,32GB,8.092,8.092,439.649,101.545
4386,linear,indexscan,64,master,sync,3,32GB,37.31,37.31,2308.521,424.637
4387,linear,indexscan,16,master,io_uring,3,32GB,0.002,0.002,1.618,0.898
4388,linear,bitmapscan,64,prefetch-complex,worker,3,32GB,18.207,18.207,404.139,266.069
4389,linear,bitmapscan,1,prefetch-simple,sync,3,32GB,0.211,0.211,16.145,4.831
4390,linear,bitmapscan,0,prefetch-simple,worker,12,32GB,67.31,67.31,3722.951,907.613
4391,linear,indexscan,64,master,worker,12,32GB,2.398,2.398,157.02,31.038
4392,linear,indexscan,1,prefetch-simple,sync,3,32GB,67.31,67.31,4165.095,814.18
4393,linear,bitmapscan,0,prefetch-simple,sync,3,32GB,0.019,0.019,3.072,1.309
4394,linear,bitmapscan,0,master,io_uring,3,32GB,0.004,0.004,1.775,0.932
4395,linear,indexscan,1,prefetch-simple,sync,3,32GB,47.31,47.31,2919.311,543.342
4396,linear,indexscan,1,prefetch-simple,worker,12,32GB,27.31,27.31,1771.037,313.379
4397,linear,indexscan,1,prefetch-complex,worker,3,32GB,0.003,0.003,1.874,1.097
4398,linear,indexscan,16,prefetch-simple,sync,3,32GB,47.31,47.31,2458.952,534.876
4399,linear,indexscan,0,master,worker,3,32GB,0.711,0.711,46.575,10.817
4400,linear,bitmapscan,16,prefetch-simple,worker,3,32GB,37.31,37.31,1004.355,498.865
4401,linear,indexscan,1,master,worker,12,32GB,8.092,8.092,517.894,97.591
4402,linear,indexscan,0,prefetch-simple,io_uring,3,32GB,0.711,0.711,42.333,11.27
4403,linear,indexscan,1,prefetch-simple,worker,3,32GB,27.31,27.31,1685.948,314.157
4404,linear,indexscan,64,prefetch-complex,worker,3,32GB,0.002,0.002,1.918,1.121
4405,linear,indexscan,16,prefetch-simple,worker,3,32GB,0.002,0.002,1.879,0.917
4406,linear,bitmapscan,16,prefetch-simple,io_uring,3,32GB,0.042,0.042,9.8,1.835
4407,linear,bitmapscan,64,master,sync,3,32GB,0.004,0.004,2.107,0.96
4408,linear,indexscan,16,master,worker,12,32GB,57.31,57.31,3473.108,646.018
4409,linear,indexscan,1,master,sync,3,32GB,8.092,8.092,498.235,96.379
4410,linear,indexscan,0,prefetch-complex,sync,3,32GB,3.597,3.597,224.861,47.944
4411,linear,bitmapscan,64,prefetch-simple,sync,3,32GB,0.211,0.211,7.741,4.914
4412,linear,bitmapscan,64,prefetch-complex,worker,3,32GB,0.013,0.013,2.916,1.334
4413,linear,bitmapscan,16,prefetch-complex,worker,3,32GB,0.042,0.042,3.427,1.928
4414,linear,indexscan,1,prefetch-complex,worker,3,32GB,0.141,0.141,11.098,3.562
4415,linear,indexscan,64,master,sync,3,32GB,0.002,0.002,1.589,0.907
4416,linear,bitmapscan,64,prefetch-complex,worker,3,32GB,37.31,37.31,1005.213,534.337
4417,linear,bitmapscan,16,prefetch-complex,io_uring,3,32GB,0.211,0.211,7.899,5.287
4418,linear,indexscan,1,prefetch-complex,worker,12,32GB,2.398,2.398,134.987,32.664
4419,linear,bitmapscan,16,prefetch-simple,io_uring,3,32GB,0.316,0.316,19.203,6.261
4420,linear,indexscan,1,master,worker,3,32GB,12.138,12.138,772.515,149.358
4421,linear,bitmapscan,1,prefetch-complex,sync,3,32GB,8.092,8.092,531.416,117.569
4422,linear,indexscan,64,prefetch-complex,worker,3,32GB,3.597,3.597,68.108,46.499
4423,linear,bitmapscan,0,master,worker,3,32GB,8.092,8.092,482.873,112.637
4424,linear,bitmapscan,16,master,worker,3,32GB,0.013,0.013,2.585,1.181
4425,linear,bitmapscan,64,prefetch-complex,worker,12,32GB,0.001,0.001,13.394,1.126
4426,linear,bitmapscan,64,prefetch-complex,sync,3,32GB,87.31,87.31,2721.588,1269.739
4427,linear,bitmapscan,1,prefetch-complex,sync,3,32GB,97.31,97.31,5815.721,1398.908
4428,linear,bitmapscan,64,master,worker,12,32GB,0.009,0.009,2.281,1.117
4429,linear,bitmapscan,16,prefetch-simple,sync,3,32GB,3.597,3.597,123.758,49.254
4430,linear,bitmapscan,1,prefetch-simple,io_uring,3,32GB,77.31,77.31,4358.646,1035.445
4431,linear,bitmapscan,1,prefetch-simple,worker,12,32GB,67.31,67.31,3890.563,893.73
4432,linear,indexscan,1,prefetch-complex,sync,3,32GB,27.31,27.31,1638.313,329.643
4433,linear,bitmapscan,0,prefetch-complex,worker,3,32GB,0.141,0.141,11.62,3.973
4434,linear,indexscan,16,master,worker,12,32GB,18.207,18.207,1106.768,211.887
4435,linear,indexscan,16,master,sync,3,32GB,18.207,18.207,1134.12,211.471
4436,linear,bitmapscan,16,prefetch-complex,worker,3,32GB,1.599,1.599,70.838,25.783
4437,linear,bitmapscan,64,prefetch-simple,sync,3,32GB,0.001,0.001,1.622,0.911
4438,linear,indexscan,0,prefetch-simple,worker,3,32GB,87.31,87.31,4660.431,1018.877
4439,linear,indexscan,64,master,worker,12,32GB,0.003,0.003,1.714,0.963
4440,linear,bitmapscan,16,prefetch-simple,io_uring,3,32GB,87.31,87.31,2630.457,1157.547
4441,linear,indexscan,16,master,io_uring,3,32GB,67.31,67.31,4154.712,771.783
4442,linear,indexscan,16,master,sync,3,32GB,0.711,0.711,69.989,11.932
4443,linear,bitmapscan,16,prefetch-simple,io_uring,3,32GB,77.31,77.31,2284.289,1009.829
4444,linear,bitmapscan,16,prefetch-complex,sync,3,32GB,87.31,87.31,2717.361,1258.007
4445,linear,indexscan,16,master,sync,3,32GB,5.395,5.395,338.29,68.026
4446,linear,bitmapscan,64,prefetch-complex,worker,3,32GB,27.31,27.31,686.764,397.556
4447,linear,indexscan,0,prefetch-complex,io_uring,3,32GB,0.004,0.004,1.987,1.093
4448,linear,bitmapscan,1,prefetch-simple,worker,3,32GB,37.31,37.31,2163.062,495.634
4449,linear,bitmapscan,64,prefetch-simple,sync,3,32GB,0.003,0.003,1.877,0.993
4450,linear,indexscan,1,prefetch-simple,worker,12,32GB,97.31,97.31,6036.694,1101.314
4451,linear,bitmapscan,1,prefetch-simple,io_uring,3,32GB,87.31,87.31,5020.672,1148.653
4452,linear,indexscan,0,master,worker,12,32GB,0.028,0.028,3.831,1.395
4453,linear,indexscan,16,prefetch-simple,sync,3,32GB,0.009,0.009,2.256,1.075
4454,linear,bitmapscan,16,prefetch-complex,worker,12,32GB,18.207,18.207,426.933,264.482
4455,linear,indexscan,64,master,sync,3,32GB,2.398,2.398,148.865,30.441
4456,linear,bitmapscan,1,prefetch-complex,sync,3,32GB,0.063,0.063,6.122,2.311
4457,linear,indexscan,0,prefetch-complex,io_uring,3,32GB,0.094,0.094,8.186,3.265
4458,linear,indexscan,64,master,sync,3,32GB,57.31,57.31,3440.356,649.357
4459,linear,indexscan,0,master,io_uring,3,32GB,0.028,0.028,3.958,1.635
4460,linear,indexscan,1,prefetch-simple,worker,3,32GB,0.009,0.009,2.363,1.086
4461,linear,bitmapscan,16,prefetch-simple,worker,3,32GB,57.31,57.31,1621.445,758.46
4462,linear,indexscan,16,prefetch-simple,io_uring,3,32GB,0.013,0.013,2.815,1.138
4463,linear,indexscan,16,prefetch-complex,worker,12,32GB,0.001,0.001,1.7,1.054
4464,linear,indexscan,1,prefetch-simple,worker,12,32GB,1.599,1.599,123.725,22.157
4465,linear,bitmapscan,1,prefetch-simple,worker,12,32GB,5.395,5.395,350.211,73.621
4466,linear,bitmapscan,1,master,worker,3,32GB,3.597,3.597,217.68,49.161
4467,linear,indexscan,16,master,io_uring,3,32GB,8.092,8.092,513.263,94.56
4468,linear,indexscan,1,master,sync,3,32GB,2.398,2.398,186.23,32.193
4469,linear,bitmapscan,1,master,sync,3,32GB,0.009,0.009,2.383,1.064
4470,linear,indexscan,0,prefetch-simple,io_uring,3,32GB,57.31,57.31,2967.09,708.132
4471,linear,bitmapscan,0,prefetch-simple,io_uring,3,32GB,0.009,0.009,2.242,1.067
4472,linear,indexscan,64,prefetch-complex,sync,3,32GB,0.211,0.211,7.515,4.75
4473,linear,indexscan,64,prefetch-simple,io_uring,3,32GB,0.002,0.002,1.739,0.969
4474,linear,indexscan,16,prefetch-simple,worker,12,32GB,8.092,8.092,435.308,96.328
4475,linear,bitmapscan,64,prefetch-complex,io_uring,3,32GB,0.003,0.003,2.048,1.15
4476,linear,indexscan,16,prefetch-complex,worker,12,32GB,0.711,0.711,16.155,11.627
4477,linear,indexscan,64,prefetch-simple,worker,12,32GB,0.711,0.711,51.491,12.272
4478,linear,indexscan,64,master,sync,3,32GB,87.31,87.31,5248.516,1001.632
4479,linear,bitmapscan,64,prefetch-complex,io_uring,3,32GB,5.395,5.395,144.028,81.994
4480,linear,indexscan,64,prefetch-complex,worker,12,32GB,0.004,0.004,4.135,1.162
4481,linear,bitmapscan,64,prefetch-simple,worker,3,32GB,0.211,0.211,8.238,5.626
4482,linear,indexscan,1,master,worker,12,32GB,27.31,27.31,1651.433,321.45
4483,linear,indexscan,16,prefetch-complex,worker,12,32GB,0.211,0.211,7.495,4.78
4484,linear,bitmapscan,16,master,worker,12,32GB,2.398,2.398,55.35,33.736
4485,linear,indexscan,64,prefetch-complex,sync,3,32GB,0.316,0.316,11.568,6.202
4486,linear,bitmapscan,16,master,sync,3,32GB,47.31,47.31,1303.573,621.933
4487,linear,bitmapscan,0,prefetch-complex,sync,3,32GB,0.711,0.711,47.218,13.318
4488,linear,bitmapscan,0,master,worker,12,32GB,57.31,57.31,3088.635,785.146
4489,linear,bitmapscan,1,master,worker,12,32GB,8.092,8.092,518.323,110.651
4490,linear,indexscan,1,prefetch-complex,sync,3,32GB,1.066,1.066,66.258,15.923
4491,linear,bitmapscan,1,master,worker,3,32GB,67.31,67.31,3897.18,887.917
4492,linear,bitmapscan,1,prefetch-simple,worker,12,32GB,0.063,0.063,6.323,2.086
4493,linear,indexscan,64,master,sync,3,32GB,0.028,0.028,4.005,1.407
4494,linear,indexscan,16,prefetch-simple,io_uring,3,32GB,0.001,0.001,1.646,0.885
4495,linear,bitmapscan,64,master,worker,3,32GB,47.31,47.31,1294.468,632.354
4496,linear,indexscan,1,prefetch-simple,worker,12,32GB,0.001,0.001,9.913,0.882
4497,linear,indexscan,1,prefetch-complex,worker,12,32GB,0.028,0.028,6.008,1.663
4498,linear,indexscan,1,prefetch-simple,io_uring,3,32GB,57.31,57.31,3602.411,652.808
4499,linear,indexscan,64,prefetch-complex,worker,12,32GB,5.395,5.395,97.497,68.703
4500,linear,indexscan,1,master,io_uring,3,32GB,0.211,0.211,16.684,4.819
4501,linear,bitmapscan,1,master,io_uring,3,32GB,18.207,18.207,1069.387,246.682
4502,linear,indexscan,0,master,sync,3,32GB,0.316,0.316,23.991,5.938
4503,linear,bitmapscan,1,prefetch-simple,io_uring,3,32GB,0.013,0.013,2.495,1.108
4504,linear,indexscan,16,master,sync,3,32GB,0.001,0.001,1.596,0.889
4505,linear,bitmapscan,0,prefetch-simple,worker,12,32GB,97.31,97.31,5262.914,1313.414
4506,linear,indexscan,0,master,io_uring,3,32GB,12.138,12.138,743.613,144.456
4507,linear,indexscan,64,prefetch-simple,worker,3,32GB,37.31,37.31,2072.256,429.019
4508,linear,indexscan,1,master,io_uring,3,32GB,12.138,12.138,775.664,145.07
4509,linear,indexscan,0,prefetch-simple,worker,3,32GB,0.019,0.019,2.835,1.292
4510,linear,indexscan,1,prefetch-complex,io_uring,3,32GB,0.474,0.474,28.992,8.337
4511,linear,indexscan,1,prefetch-complex,io_uring,3,32GB,0.028,0.028,3.916,1.635
4512,linear,indexscan,16,master,worker,3,32GB,0.063,0.063,6.311,2.015
4513,linear,indexscan,0,prefetch-simple,worker,3,32GB,0.042,0.042,4.433,1.682
4514,linear,bitmapscan,1,prefetch-simple,worker,3,32GB,0.009,0.009,2.272,1.097
4515,linear,indexscan,0,prefetch-complex,worker,3,32GB,0.063,0.063,6.011,2.513
4516,linear,indexscan,64,prefetch-complex,io_uring,3,32GB,67.31,67.31,1691.534,796.656
4517,linear,indexscan,0,prefetch-simple,worker,12,32GB,97.31,97.31,5269.306,1158.679
4518,linear,bitmapscan,16,prefetch-simple,worker,12,32GB,0.474,0.474,14.009,8.301
4519,linear,indexscan,64,prefetch-complex,sync,3,32GB,47.31,47.31,1113.448,562.737
4520,linear,indexscan,1,prefetch-complex,sync,3,32GB,18.207,18.207,1000.373,222.224
4521,linear,indexscan,16,prefetch-complex,worker,12,32GB,0.028,0.028,3.037,1.588
4522,linear,indexscan,16,prefetch-complex,sync,3,32GB,0.711,0.711,16.738,12.162
4523,linear,indexscan,64,master,worker,12,32GB,1.066,1.066,69.834,15.217
4524,linear,indexscan,0,prefetch-complex,io_uring,3,32GB,0.006,0.006,2.22,1.167
4525,linear,indexscan,1,master,worker,3,32GB,0.009,0.009,2.273,1.026
4526,linear,bitmapscan,1,prefetch-complex,worker,3,32GB,0.001,0.001,2.449,1.067
4527,linear,bitmapscan,64,prefetch-simple,worker,12,32GB,2.398,2.398,60.125,32.981
4528,linear,indexscan,1,master,worker,12,32GB,0.063,0.063,6.083,2.029
4529,linear,bitmapscan,1,prefetch-simple,worker,12,32GB,12.138,12.138,694.913,162.219
4530,linear,bitmapscan,1,master,worker,3,32GB,0.474,0.474,43.67,8.328
4531,linear,indexscan,64,master,sync,3,32GB,8.092,8.092,520.553,95.676
4532,linear,indexscan,1,master,worker,12,32GB,47.31,47.31,2885.416,536.597
4533,linear,indexscan,16,prefetch-simple,sync,3,32GB,0.141,0.141,10.524,3.333
4534,linear,bitmapscan,0,prefetch-simple,worker,3,32GB,27.31,27.31,1558.063,384.544
4535,linear,indexscan,0,prefetch-complex,worker,3,32GB,18.207,18.207,1064.509,231.777
4536,linear,bitmapscan,16,master,io_uring,3,32GB,8.092,8.092,186.407,111.798
4537,linear,indexscan,16,master,io_uring,3,32GB,0.141,0.141,20.13,3.554
4538,linear,indexscan,0,prefetch-simple,worker,3,32GB,0.004,0.004,4.892,1.235
4539,linear,indexscan,16,prefetch-simple,worker,3,32GB,97.31,97.31,5234.597,1113.066
4540,linear,indexscan,0,master,worker,3,32GB,0.028,0.028,3.682,1.381
4541,linear,indexscan,0,prefetch-complex,sync,3,32GB,0.042,0.042,4.474,1.912
4542,linear,indexscan,1,prefetch-simple,worker,3,32GB,0.002,0.002,1.693,0.945
4543,linear,bitmapscan,16,prefetch-complex,worker,12,32GB,12.138,12.138,279.586,177.656
4544,linear,bitmapscan,16,prefetch-complex,worker,3,32GB,1.066,1.066,28.917,17.878
4545,linear,indexscan,16,prefetch-complex,worker,3,32GB,0.141,0.141,12.263,4.005
4546,linear,bitmapscan,1,prefetch-simple,io_uring,3,32GB,0.094,0.094,8.7,2.807
4547,linear,indexscan,0,master,worker,12,32GB,57.31,57.31,3462.423,647.008
4548,linear,bitmapscan,16,prefetch-simple,io_uring,3,32GB,2.398,2.398,58.482,33.433
4549,linear,bitmapscan,0,prefetch-complex,io_uring,3,32GB,77.31,77.31,4375.748,1144.169
4550,linear,indexscan,64,master,io_uring,3,32GB,97.31,97.31,5763.425,1130.566
4551,linear,bitmapscan,64,master,worker,3,32GB,3.597,3.597,82.643,50.131
4552,linear,indexscan,0,prefetch-complex,sync,3,32GB,0.063,0.063,6.185,2.275
4553,linear,indexscan,1,prefetch-simple,sync,3,32GB,57.31,57.31,3648.578,665.839
4554,linear,indexscan,64,prefetch-complex,sync,3,32GB,8.092,8.092,173.059,100.463
4555,linear,indexscan,64,master,io_uring,3,32GB,0.028,0.028,3.636,1.413
4556,linear,indexscan,64,master,sync,3,32GB,0.474,0.474,36.082,7.901
4557,linear,indexscan,0,prefetch-complex,io_uring,3,32GB,27.31,27.31,1436.876,342.944
4558,linear,bitmapscan,0,master,worker,12,32GB,37.31,37.31,2090.446,524.389
4559,linear,indexscan,16,prefetch-complex,sync,3,32GB,97.31,97.31,2572.365,1162.936
4560,linear,bitmapscan,1,prefetch-complex,worker,12,32GB,1.599,1.599,148.861,25.824
4561,linear,bitmapscan,1,prefetch-complex,io_uring,3,32GB,87.31,87.31,5200.765,1255.908
4562,linear,indexscan,0,prefetch-complex,io_uring,3,32GB,0.063,0.063,5.995,2.839
4563,linear,bitmapscan,1,prefetch-complex,worker,3,32GB,67.31,67.31,3982.076,958.276
4564,linear,indexscan,1,prefetch-complex,io_uring,3,32GB,1.066,1.066,67.618,16.668
4565,linear,bitmapscan,0,prefetch-simple,sync,3,32GB,0.009,0.009,2.695,1.131
4566,linear,indexscan,0,prefetch-simple,worker,12,32GB,2.398,2.398,158.146,32.565
4567,linear,bitmapscan,0,prefetch-complex,sync,3,32GB,0.063,0.063,5.943,2.882
4568,linear,bitmapscan,16,master,worker,12,32GB,5.395,5.395,120.946,72.911
4569,linear,bitmapscan,16,master,sync,3,32GB,97.31,97.31,2982.1,1284.85
4570,linear,bitmapscan,1,prefetch-simple,sync,3,32GB,0.316,0.316,27.744,6.165
4571,linear,bitmapscan,0,prefetch-complex,sync,3,32GB,0.002,0.002,1.804,1.107
4572,linear,indexscan,64,prefetch-complex,worker,12,32GB,0.013,0.013,2.797,1.327
4573,linear,bitmapscan,16,prefetch-simple,worker,3,32GB,8.092,8.092,196.686,108.003
4574,linear,indexscan,1,prefetch-complex,worker,12,32GB,0.211,0.211,15.747,4.604
4575,linear,bitmapscan,16,prefetch-complex,worker,12,32GB,0.094,0.094,4.858,3.025
4576,linear,indexscan,0,prefetch-complex,sync,3,32GB,1.066,1.066,61.429,16.332
4577,linear,indexscan,64,master,worker,12,32GB,0.002,0.002,1.498,0.907
4578,linear,bitmapscan,0,prefetch-complex,worker,12,32GB,37.31,37.31,2052.58,552.284
4579,linear,indexscan,64,prefetch-simple,worker,12,32GB,1.599,1.599,91.353,22.466
4580,linear,indexscan,0,prefetch-complex,io_uring,3,32GB,0.711,0.711,42.927,11.76
4581,linear,indexscan,0,master,sync,3,32GB,87.31,87.31,5230.758,1003.482
4582,linear,bitmapscan,1,master,worker,3,32GB,0.028,0.028,3.474,1.403
4583,linear,bitmapscan,0,master,worker,12,32GB,0.474,0.474,40.002,8.746
4584,linear,bitmapscan,1,prefetch-complex,worker,12,32GB,0.006,0.006,2.323,1.15
4585,linear,bitmapscan,16,prefetch-simple,sync,3,32GB,5.395,5.395,163.651,71.916
4586,linear,bitmapscan,64,prefetch-simple,sync,3,32GB,0.141,0.141,6.926,3.375
4587,linear,indexscan,0,prefetch-complex,worker,12,32GB,5.395,5.395,296.53,70.226
4588,linear,bitmapscan,16,master,io_uring,3,32GB,0.006,0.006,2.258,1.01
4589,linear,bitmapscan,64,prefetch-simple,worker,12,32GB,0.042,0.042,3.675,1.764
4590,linear,bitmapscan,64,prefetch-simple,worker,12,32GB,47.31,47.31,1351.88,624.349
4591,linear,bitmapscan,0,prefetch-simple,sync,3,32GB,0.042,0.042,6.473,1.803
4592,linear,bitmapscan,1,prefetch-simple,io_uring,3,32GB,0.141,0.141,12.686,3.417
4593,linear,bitmapscan,16,prefetch-complex,worker,3,32GB,12.138,12.138,275.164,180.959
4594,linear,indexscan,0,prefetch-complex,worker,3,32GB,0.042,0.042,4.775,1.887
4595,linear,bitmapscan,0,master,sync,3,32GB,0.042,0.042,4.761,1.771
4596,linear,bitmapscan,64,prefetch-simple,worker,12,32GB,5.395,5.395,122.455,74.343
4597,linear,bitmapscan,0,prefetch-complex,worker,3,32GB,77.31,77.31,4221.454,1126.122
4598,linear,bitmapscan,16,prefetch-complex,io_uring,3,32GB,1.599,1.599,44.584,25.716
4599,linear,indexscan,64,prefetch-simple,worker,3,32GB,27.31,27.31,1564.443,316.537
4600,linear,bitmapscan,1,master,io_uring,3,32GB,0.042,0.042,4.519,1.732
4601,linear,indexscan,1,prefetch-complex,worker,3,32GB,0.474,0.474,34.603,8.255
4602,linear,bitmapscan,64,prefetch-simple,io_uring,3,32GB,0.316,0.316,9.991,6.283
4603,linear,indexscan,0,master,worker,3,32GB,18.207,18.207,1181.051,215.281
4604,linear,bitmapscan,64,prefetch-complex,worker,3,32GB,3.597,3.597,86.282,55.011
4605,linear,bitmapscan,0,prefetch-simple,worker,12,32GB,0.006,0.006,2.056,1.083
4606,linear,bitmapscan,0,prefetch-simple,sync,3,32GB,1.599,1.599,135.643,24.305
4607,linear,indexscan,64,master,worker,12,32GB,0.711,0.711,48.668,10.774
4608,linear,indexscan,1,prefetch-simple,sync,3,32GB,77.31,77.31,4914.196,881.337
4609,linear,indexscan,16,master,io_uring,3,32GB,57.31,57.31,3498.618,659.048
4610,linear,bitmapscan,0,prefetch-simple,worker,3,32GB,2.398,2.398,139.921,35.321
4611,linear,bitmapscan,0,master,worker,3,32GB,0.001,0.001,1.513,0.952
4612,linear,indexscan,64,master,worker,12,32GB,0.028,0.028,6.59,1.415
4613,linear,bitmapscan,16,prefetch-simple,io_uring,3,32GB,67.31,67.31,1963.08,887.664
4614,linear,indexscan,0,master,worker,3,32GB,5.395,5.395,330.084,65.551
4615,linear,bitmapscan,1,prefetch-simple,io_uring,3,32GB,18.207,18.207,1108.879,244.355
4616,linear,bitmapscan,64,master,worker,12,32GB,1.599,1.599,40.512,23.657
4617,linear,indexscan,16,master,sync,3,32GB,77.31,77.31,4628.59,875.809
4618,linear,indexscan,0,master,worker,12,32GB,0.006,0.006,2.078,0.989
4619,linear,indexscan,16,master,worker,3,32GB,27.31,27.31,1614.876,312.581
4620,linear,bitmapscan,1,prefetch-complex,worker,12,32GB,12.138,12.138,740.439,178.677
4621,linear,bitmapscan,64,prefetch-simple,worker,3,32GB,2.398,2.398,89.895,32.963
4622,linear,bitmapscan,0,prefetch-complex,sync,3,32GB,0.211,0.211,15.842,5.14
4623,linear,bitmapscan,0,prefetch-complex,sync,3,32GB,0.019,0.019,3.106,1.465
4624,linear,bitmapscan,1,master,worker,12,32GB,0.001,0.001,1.561,0.964
4625,linear,indexscan,1,master,worker,12,32GB,0.013,0.013,2.713,1.125
4626,linear,indexscan,1,prefetch-simple,worker,3,32GB,87.31,87.31,5346.239,989.474
4627,linear,indexscan,0,master,sync,3,32GB,8.092,8.092,529.795,100.428
4628,linear,indexscan,16,master,worker,3,32GB,37.31,37.31,2233.145,424.346
4629,linear,bitmapscan,1,prefetch-complex,worker,3,32GB,0.042,0.042,4.662,2.074
4630,linear,indexscan,64,prefetch-complex,worker,12,32GB,0.711,0.711,16.121,11.324
4631,linear,indexscan,1,prefetch-simple,io_uring,3,32GB,0.042,0.042,4.97,1.679
4632,linear,bitmapscan,64,master,sync,3,32GB,0.013,0.013,2.736,1.138
4633,linear,indexscan,64,prefetch-simple,worker,12,32GB,87.31,87.31,4749.11,1016.085
4634,linear,indexscan,0,master,worker,3,32GB,47.31,47.31,2928.955,550.488
4635,linear,indexscan,0,master,worker,12,32GB,0.001,0.001,1.514,0.891
4636,linear,indexscan,0,master,worker,3,32GB,0.002,0.002,1.585,0.927
4637,linear,indexscan,16,prefetch-simple,worker,12,32GB,0.711,0.711,50.303,11.201
4638,linear,indexscan,0,prefetch-simple,sync,3,32GB,67.31,67.31,3584.728,793.551
4639,linear,bitmapscan,64,prefetch-complex,worker,12,32GB,2.398,2.398,71.33,37.088
4640,linear,indexscan,64,prefetch-simple,worker,12,32GB,27.31,27.31,1507.007,313.456
4641,linear,bitmapscan,64,prefetch-simple,worker,3,32GB,0.316,0.316,9.823,6.319
4642,linear,bitmapscan,0,prefetch-simple,worker,12,32GB,77.31,77.31,4202.73,1032.698
4643,linear,indexscan,1,master,worker,12,32GB,0.006,0.006,2.766,0.991
4644,linear,bitmapscan,1,prefetch-simple,worker,12,32GB,0.316,0.316,22.505,6.43
4645,linear,indexscan,0,master,sync,3,32GB,0.002,0.002,1.46,0.899
4646,linear,bitmapscan,16,master,worker,3,32GB,27.31,27.31,640.31,369.642
4647,linear,bitmapscan,64,prefetch-simple,sync,3,32GB,0.028,0.028,3.046,1.47
4648,linear,bitmapscan,1,prefetch-simple,worker,3,32GB,77.31,77.31,4325.822,1029.112
4649,linear,indexscan,16,prefetch-simple,worker,12,32GB,0.009,0.009,2.604,1.281
4650,linear,bitmapscan,1,prefetch-complex,sync,3,32GB,2.398,2.398,143.058,37.195
4651,linear,bitmapscan,0,prefetch-simple,io_uring,3,32GB,1.066,1.066,62.739,16.493
4652,linear,indexscan,16,prefetch-complex,io_uring,3,32GB,0.316,0.316,9.476,6.163
4653,linear,bitmapscan,16,prefetch-complex,io_uring,3,32GB,3.597,3.597,84.825,53.642
4654,linear,bitmapscan,64,master,worker,12,32GB,3.597,3.597,118.058,49.643
4655,linear,bitmapscan,0,prefetch-complex,worker,12,32GB,67.31,67.31,3708.185,992.025
4656,linear,indexscan,1,prefetch-simple,sync,3,32GB,0.019,0.019,2.992,1.237
4657,linear,indexscan,1,master,sync,3,32GB,0.711,0.711,45.128,10.944
4658,linear,indexscan,0,prefetch-simple,worker,3,32GB,37.31,37.31,1989.943,439.552
4659,linear,bitmapscan,64,master,worker,12,32GB,27.31,27.31,641.115,362.979
4660,linear,indexscan,0,prefetch-complex,worker,12,32GB,0.019,0.019,3.306,1.48
4661,linear,bitmapscan,16,prefetch-complex,io_uring,3,32GB,12.138,12.138,312.021,177.478
4662,linear,indexscan,1,master,sync,3,32GB,57.31,57.31,3477.273,653.069
4663,linear,bitmapscan,16,prefetch-simple,worker,12,32GB,1.066,1.066,49.93,16.248
4664,linear,bitmapscan,64,prefetch-simple,sync,3,32GB,0.004,0.004,1.772,1.01
4665,linear,bitmapscan,0,prefetch-simple,io_uring,3,32GB,0.316,0.316,21.683,6.547
4666,linear,indexscan,64,master,worker,3,32GB,57.31,57.31,3440.278,650.09
4667,linear,indexscan,16,prefetch-complex,sync,3,32GB,0.006,0.006,2.823,1.332
4668,linear,indexscan,64,prefetch-complex,sync,3,32GB,0.141,0.141,5.8,3.479
4669,linear,bitmapscan,0,master,sync,3,32GB,0.211,0.211,14.763,4.733
4670,linear,bitmapscan,1,master,io_uring,3,32GB,0.006,0.006,2.168,1.053
4671,linear,indexscan,0,master,worker,3,32GB,97.31,97.31,5797.745,1099.354
4672,linear,bitmapscan,64,master,worker,12,32GB,12.138,12.138,308.486,169.011
4673,linear,indexscan,1,prefetch-simple,io_uring,3,32GB,12.138,12.138,798.446,144.736
4674,linear,bitmapscan,16,prefetch-simple,worker,12,32GB,18.207,18.207,403.603,245.542
4675,linear,bitmapscan,1,prefetch-simple,sync,3,32GB,0.028,0.028,3.509,1.41
4676,linear,indexscan,64,prefetch-complex,io_uring,3,32GB,57.31,57.31,1401.179,702.435
4677,linear,indexscan,0,master,worker,3,32GB,0.094,0.094,9.006,2.611
4678,linear,indexscan,16,prefetch-simple,worker,3,32GB,0.063,0.063,5.757,2.086
4679,linear,indexscan,0,prefetch-simple,worker,3,32GB,8.092,8.092,435.352,98.208
4680,linear,bitmapscan,16,prefetch-simple,io_uring,3,32GB,0.711,0.711,18.597,11.662
4681,linear,bitmapscan,0,master,io_uring,3,32GB,0.019,0.019,2.87,1.244
4682,linear,bitmapscan,16,prefetch-simple,sync,3,32GB,1.066,1.066,25.66,16.242
4683,linear,bitmapscan,64,prefetch-complex,worker,12,32GB,0.013,0.013,2.999,1.333
4684,linear,bitmapscan,64,master,sync,3,32GB,0.316,0.316,9.836,6.385
4685,linear,bitmapscan,0,prefetch-complex,worker,3,32GB,0.004,0.004,1.967,1.11
4686,linear,indexscan,64,prefetch-complex,sync,3,32GB,0.001,0.001,1.809,1.079
4687,linear,bitmapscan,64,prefetch-simple,worker,3,32GB,57.31,57.31,1639.907,757.066
4688,linear,indexscan,16,prefetch-complex,sync,3,32GB,18.207,18.207,304.298,224.332
4689,linear,bitmapscan,16,prefetch-simple,io_uring,3,32GB,3.597,3.597,88.355,50.608
4690,linear,bitmapscan,1,master,sync,3,32GB,3.597,3.597,209.346,49.147
4691,linear,indexscan,0,master,sync,3,32GB,5.395,5.395,321.774,65.256
4692,linear,indexscan,16,master,worker,3,32GB,0.141,0.141,11.999,3.243
4693,linear,bitmapscan,1,prefetch-simple,worker,12,32GB,0.474,0.474,57.59,8.616
4694,linear,indexscan,1,prefetch-simple,worker,3,32GB,0.006,0.006,2.249,1.002
4695,linear,indexscan,64,master,worker,12,32GB,1.599,1.599,125.364,22.459
4696,linear,bitmapscan,16,prefetch-complex,worker,3,32GB,0.001,0.001,1.754,1.088
4697,linear,bitmapscan,1,master,worker,12,32GB,1.066,1.066,67.73,16.636
4698,linear,indexscan,0,master,sync,3,32GB,0.003,0.003,1.868,0.908
4699,linear,bitmapscan,0,prefetch-complex,io_uring,3,32GB,18.207,18.207,1024.494,273.995
4700,linear,indexscan,1,master,io_uring,3,32GB,0.711,0.711,47.306,11.09
4701,linear,indexscan,1,master,worker,12,32GB,0.019,0.019,2.883,1.228
4702,linear,bitmapscan,64,master,worker,12,32GB,18.207,18.207,403.416,246.698
4703,linear,bitmapscan,1,prefetch-complex,io_uring,3,32GB,0.042,0.042,11.502,1.939
4704,linear,indexscan,64,master,sync,3,32GB,0.009,0.009,2.265,1.028
4705,linear,bitmapscan,1,prefetch-complex,sync,3,32GB,1.066,1.066,66.673,17.687
4706,linear,bitmapscan,0,master,worker,12,32GB,97.31,97.31,5340.568,1337.322
4707,linear,indexscan,1,prefetch-complex,sync,3,32GB,2.398,2.398,171.573,32.612
4708,linear,indexscan,64,prefetch-simple,worker,12,32GB,77.31,77.31,4112.599,895.298
4709,linear,indexscan,64,prefetch-simple,sync,3,32GB,1.066,1.066,65.36,15.785
4710,linear,bitmapscan,64,master,worker,3,32GB,18.207,18.207,401.103,245.448
4711,linear,indexscan,64,prefetch-simple,io_uring,3,32GB,1.599,1.599,106.736,22.191
4712,linear,bitmapscan,1,prefetch-simple,worker,3,32GB,0.094,0.094,8.264,2.777
4713,linear,bitmapscan,64,master,sync,3,32GB,1.066,1.066,25.816,16.293
4714,linear,indexscan,16,prefetch-simple,worker,3,32GB,27.31,27.31,1545.396,314.948
4715,linear,bitmapscan,1,prefetch-complex,worker,3,32GB,18.207,18.207,1172.415,267.761
4716,linear,indexscan,1,master,sync,3,32GB,0.141,0.141,11.657,4.034
4717,linear,indexscan,16,prefetch-complex,worker,3,32GB,97.31,97.31,2581.517,1174.542
4718,linear,bitmapscan,0,master,sync,3,32GB,3.597,3.597,253.273,52.743
4719,linear,bitmapscan,1,prefetch-complex,io_uring,3,32GB,5.395,5.395,352.064,82.6
4720,linear,indexscan,16,master,worker,12,32GB,2.398,2.398,184.008,31.227
4721,linear,indexscan,16,master,sync,3,32GB,0.004,0.004,2.07,1.133
4722,linear,indexscan,64,prefetch-simple,worker,3,32GB,67.31,67.31,3545.99,766.028
4723,linear,indexscan,64,master,worker,3,32GB,0.013,0.013,2.627,1.208
4724,linear,indexscan,1,master,io_uring,3,32GB,2.398,2.398,159.461,30.537
4725,linear,indexscan,1,prefetch-complex,worker,12,32GB,0.711,0.711,42.854,11.103
4726,linear,bitmapscan,1,prefetch-complex,io_uring,3,32GB,0.474,0.474,34.866,8.896
4727,linear,bitmapscan,1,prefetch-complex,worker,12,32GB,27.31,27.31,1609.793,422.063
4728,linear,bitmapscan,1,prefetch-simple,worker,12,32GB,0.211,0.211,15.468,4.628
4729,linear,bitmapscan,0,prefetch-simple,worker,3,32GB,0.316,0.316,21.564,6.305
4730,linear,indexscan,16,prefetch-simple,worker,12,32GB,0.316,0.316,21.06,5.883
4731,linear,indexscan,0,master,worker,12,32GB,1.066,1.066,85.35,15.471
4732,linear,bitmapscan,1,prefetch-simple,worker,12,32GB,37.31,37.31,2126.321,495.72
4733,linear,bitmapscan,0,master,sync,3,32GB,0.019,0.019,2.924,1.233
4734,linear,indexscan,64,prefetch-complex,io_uring,3,32GB,87.31,87.31,2313.802,1024.928
4735,linear,bitmapscan,64,prefetch-complex,sync,3,32GB,0.003,0.003,2.056,1.137
4736,linear,indexscan,16,prefetch-complex,io_uring,3,32GB,0.002,0.002,2.138,1.154
4737,linear,indexscan,0,prefetch-complex,sync,3,32GB,0.019,0.019,3.191,1.424
4738,linear,bitmapscan,16,master,worker,3,32GB,18.207,18.207,440.474,247.752
4739,linear,indexscan,0,master,worker,3,32GB,0.141,0.141,11.605,3.3
4740,linear,bitmapscan,16,master,io_uring,3,32GB,87.31,87.31,2617.964,1148.513
4741,linear,indexscan,0,prefetch-complex,worker,3,32GB,0.316,0.316,21.693,6.398
4742,linear,indexscan,64,prefetch-simple,sync,3,32GB,3.597,3.597,196.849,44.489
4743,linear,bitmapscan,64,prefetch-simple,sync,3,32GB,0.316,0.316,20.976,6.114
4744,linear,bitmapscan,64,master,worker,12,32GB,1.066,1.066,34.529,16.174
4745,linear,indexscan,0,prefetch-complex,io_uring,3,32GB,0.316,0.316,20.881,6.933
4746,linear,bitmapscan,1,prefetch-complex,io_uring,3,32GB,12.138,12.138,726.545,176.284
4747,linear,bitmapscan,1,prefetch-simple,worker,3,32GB,0.004,0.004,1.742,0.952
4748,linear,bitmapscan,64,master,io_uring,3,32GB,27.31,27.31,643.888,364.646
4749,linear,indexscan,1,prefetch-simple,io_uring,3,32GB,3.597,3.597,269.979,45.626
4750,linear,bitmapscan,1,prefetch-simple,worker,3,32GB,0.006,0.006,2.158,1.126
4751,linear,indexscan,64,prefetch-simple,io_uring,3,32GB,2.398,2.398,128.014,30.659
4752,linear,indexscan,1,prefetch-complex,worker,12,32GB,0.094,0.094,7.758,2.722
4753,linear,bitmapscan,64,prefetch-simple,io_uring,3,32GB,0.711,0.711,20.382,12.245
4754,linear,indexscan,64,master,worker,12,32GB,0.013,0.013,2.568,1.093
4755,linear,indexscan,64,master,sync,3,32GB,47.31,47.31,2769.452,534.41
4756,linear,bitmapscan,0,prefetch-complex,worker,3,32GB,67.31,67.31,3720.309,993.105
4757,linear,bitmapscan,16,prefetch-complex,sync,3,32GB,5.395,5.395,130.71,81.877
4758,linear,indexscan,0,prefetch-complex,worker,3,32GB,0.001,0.001,1.623,1.041
4759,linear,indexscan,16,master,io_uring,3,32GB,18.207,18.207,1108.258,210.245
4760,linear,indexscan,0,prefetch-complex,worker,3,32GB,12.138,12.138,719.478,155.638
4761,linear,bitmapscan,0,prefetch-simple,sync,3,32GB,0.028,0.028,3.585,1.537
4762,linear,indexscan,64,master,io_uring,3,32GB,27.31,27.31,1702.844,316.731
4763,linear,indexscan,64,prefetch-simple,worker,3,32GB,87.31,87.31,4706.443,989.799
4764,linear,indexscan,1,prefetch-complex,worker,12,32GB,0.002,0.002,1.833,1.06
4765,linear,indexscan,1,prefetch-complex,worker,12,32GB,87.31,87.31,4947.67,1042.357
4766,linear,indexscan,1,prefetch-simple,worker,3,32GB,0.003,0.003,1.84,0.936
4767,linear,bitmapscan,0,master,worker,3,32GB,0.316,0.316,20.459,6.498
4768,linear,indexscan,16,prefetch-simple,worker,3,32GB,77.31,77.31,4150.745,885.977
4769,linear,indexscan,16,prefetch-simple,worker,12,32GB,27.31,27.31,1480.5,315.783
4770,linear,bitmapscan,0,prefetch-simple,sync,3,32GB,0.006,0.006,2.133,1.009
4771,linear,bitmapscan,0,prefetch-simple,worker,12,32GB,37.31,37.31,2020.801,511.047
4772,linear,indexscan,16,master,worker,12,32GB,0.019,0.019,3.242,1.239
4773,linear,indexscan,1,prefetch-complex,worker,12,32GB,0.316,0.316,21.49,6.255
4774,linear,indexscan,1,prefetch-complex,io_uring,3,32GB,77.31,77.31,4230.963,915.518
4775,linear,bitmapscan,16,prefetch-simple,worker,12,32GB,8.092,8.092,197.03,110.106
4776,linear,indexscan,16,prefetch-complex,worker,3,32GB,27.31,27.31,545.649,328.191
4777,linear,bitmapscan,64,master,worker,3,32GB,0.001,0.001,1.636,0.9
4778,linear,bitmapscan,0,prefetch-complex,worker,12,32GB,0.141,0.141,10.611,3.843
4779,linear,bitmapscan,64,master,sync,3,32GB,0.019,0.019,2.969,1.372
4780,linear,indexscan,64,prefetch-complex,worker,3,32GB,0.001,0.001,1.756,1.059
4781,linear,bitmapscan,1,master,sync,3,32GB,57.31,57.31,3197.29,754.012
4782,linear,bitmapscan,64,prefetch-simple,io_uring,3,32GB,97.31,97.31,2998.985,1281.256
4783,linear,indexscan,0,prefetch-simple,sync,3,32GB,0.004,0.004,1.808,0.947
4784,linear,bitmapscan,64,prefetch-simple,sync,3,32GB,77.31,77.31,2310.883,1023.478
4785,linear,bitmapscan,64,prefetch-complex,sync,3,32GB,0.094,0.094,4.915,3.098
4786,linear,bitmapscan,16,master,worker,12,32GB,0.019,0.019,2.478,1.293
4787,linear,bitmapscan,64,prefetch-simple,worker,12,32GB,0.019,0.019,2.923,1.383
4788,linear,bitmapscan,16,prefetch-complex,worker,3,32GB,97.31,97.31,3061.474,1399.862
4789,linear,bitmapscan,16,master,worker,3,32GB,1.066,1.066,43.85,16.536
4790,linear,indexscan,64,prefetch-simple,worker,12,32GB,8.092,8.092,465.893,96.039
4791,linear,indexscan,64,prefetch-complex,worker,3,32GB,12.138,12.138,253.666,147.847
4792,linear,bitmapscan,16,master,io_uring,3,32GB,77.31,77.31,2317.109,1047.316
4793,linear,indexscan,16,prefetch-complex,sync,3,32GB,0.002,0.002,1.898,1.108
4794,linear,indexscan,16,prefetch-simple,sync,3,32GB,0.711,0.711,44.492,11.024
4795,linear,indexscan,16,prefetch-complex,io_uring,3,32GB,18.207,18.207,316.496,215.845
4796,linear,indexscan,16,master,worker,12,32GB,0.009,0.009,2.339,1.039
4797,linear,indexscan,0,prefetch-simple,io_uring,3,32GB,87.31,87.31,4523.938,1012.517
4798,linear,bitmapscan,64,master,sync,3,32GB,37.31,37.31,998.296,497.271
4799,linear,indexscan,16,prefetch-simple,io_uring,3,32GB,0.004,0.004,2.185,0.979
4800,linear,bitmapscan,1,prefetch-simple,io_uring,3,32GB,97.31,97.31,5567.288,1287.924
4801,linear,bitmapscan,16,master,io_uring,3,32GB,0.002,0.002,1.744,0.907
4802,linear,bitmapscan,0,prefetch-complex,io_uring,3,32GB,2.398,2.398,143.377,36.52
4803,linear,bitmapscan,64,prefetch-simple,sync,3,32GB,0.711,0.711,19.028,12.067
4804,linear,indexscan,1,prefetch-complex,sync,3,32GB,0.004,0.004,2.048,1.138
4805,linear,indexscan,64,master,worker,12,32GB,0.316,0.316,22.684,5.768
4806,linear,bitmapscan,64,master,worker,12,32GB,0.013,0.013,2.638,1.174
4807,linear,indexscan,1,master,worker,12,32GB,2.398,2.398,153.579,30.047
4808,linear,bitmapscan,0,master,worker,12,32GB,0.042,0.042,4.34,1.891
4809,linear,bitmapscan,16,prefetch-simple,worker,12,32GB,0.002,0.002,1.835,0.936
4810,linear,bitmapscan,0,prefetch-complex,sync,3,32GB,47.31,47.31,2718.916,734.972
4811,linear,bitmapscan,0,prefetch-complex,worker,3,32GB,0.316,0.316,22.09,7.044
4812,linear,bitmapscan,1,master,io_uring,3,32GB,0.474,0.474,38.813,8.642
4813,linear,indexscan,16,master,worker,3,32GB,0.001,0.001,1.477,0.851
4814,linear,indexscan,64,master,io_uring,3,32GB,0.063,0.063,6.196,2.026
4815,linear,bitmapscan,1,prefetch-simple,worker,12,32GB,87.31,87.31,4850.301,1137.372
4816,linear,indexscan,0,prefetch-complex,worker,12,32GB,2.398,2.398,145.102,34.141
4817,linear,indexscan,16,master,sync,3,32GB,57.31,57.31,3388.872,650.134
4818,linear,bitmapscan,16,prefetch-simple,sync,3,32GB,0.013,0.013,3.546,1.134
4819,linear,bitmapscan,1,prefetch-simple,worker,12,32GB,0.013,0.013,2.799,1.16
4820,linear,bitmapscan,1,master,worker,12,32GB,67.31,67.31,3869.969,883.708
4821,linear,indexscan,0,master,worker,3,32GB,0.474,0.474,34.518,7.953
4822,linear,indexscan,0,master,worker,3,32GB,0.006,0.006,1.974,1.021
4823,linear,bitmapscan,0,master,worker,3,32GB,3.597,3.597,233.33,52.43
4824,linear,indexscan,1,prefetch-simple,sync,3,32GB,3.597,3.597,244.223,45.513
4825,linear,indexscan,1,prefetch-simple,worker,3,32GB,0.141,0.141,12.481,3.336
4826,linear,bitmapscan,16,prefetch-simple,worker,12,32GB,0.711,0.711,20.121,12.033
4827,linear,indexscan,0,prefetch-complex,io_uring,3,32GB,3.597,3.597,208.151,46.986
4828,linear,indexscan,1,master,io_uring,3,32GB,0.019,0.019,3.19,1.431
4829,linear,indexscan,1,prefetch-simple,sync,3,32GB,0.094,0.094,8.242,2.491
4830,linear,bitmapscan,16,prefetch-complex,worker,12,32GB,5.395,5.395,140.448,80.016
4831,linear,indexscan,16,prefetch-simple,io_uring,3,32GB,97.31,97.31,5166.512,1098.791
4832,linear,indexscan,0,prefetch-complex,worker,3,32GB,97.31,97.31,5178.049,1181.84
4833,linear,bitmapscan,64,prefetch-complex,worker,3,32GB,0.063,0.063,4.372,2.363
4834,linear,bitmapscan,0,prefetch-simple,worker,3,32GB,5.395,5.395,304.16,75.685
4835,linear,bitmapscan,16,prefetch-complex,sync,3,32GB,0.474,0.474,15.595,9.445
4836,linear,indexscan,0,master,sync,3,32GB,37.31,37.31,2294.156,428.181
4837,linear,bitmapscan,16,master,worker,3,32GB,0.063,0.063,3.923,2.129
4838,linear,bitmapscan,1,master,sync,3,32GB,0.028,0.028,16.313,1.405
4839,linear,bitmapscan,64,prefetch-complex,io_uring,3,32GB,0.042,0.042,3.476,1.914
4840,linear,indexscan,16,prefetch-complex,worker,12,32GB,0.013,0.013,3.026,1.416
4841,linear,bitmapscan,0,prefetch-complex,sync,3,32GB,0.042,0.042,4.722,2.014
4842,linear,bitmapscan,1,prefetch-simple,sync,3,32GB,87.31,87.31,4966.004,1146.422
4843,linear,bitmapscan,64,master,io_uring,3,32GB,0.711,0.711,20.793,13.114
4844,linear,indexscan,64,prefetch-simple,io_uring,3,32GB,57.31,57.31,3144.577,649.575
4845,linear,indexscan,0,prefetch-complex,sync,3,32GB,0.003,0.003,1.95,1.099
4846,linear,indexscan,1,master,worker,12,32GB,0.141,0.141,30.524,3.797
4847,linear,bitmapscan,16,prefetch-simple,sync,3,32GB,77.31,77.31,2294.314,1015.985
4848,linear,indexscan,0,master,sync,3,32GB,0.141,0.141,11.563,3.29
4849,linear,indexscan,64,prefetch-simple,io_uring,3,32GB,3.597,3.597,195.24,44.735
4850,linear,bitmapscan,0,prefetch-complex,sync,3,32GB,3.597,3.597,207.78,54.532
4851,linear,bitmapscan,16,prefetch-simple,sync,3,32GB,0.002,0.002,1.97,0.961
4852,linear,indexscan,0,prefetch-simple,worker,3,32GB,0.002,0.002,1.663,0.951
4853,linear,bitmapscan,64,prefetch-complex,io_uring,3,32GB,37.31,37.31,1031.677,542.679
4854,linear,indexscan,1,prefetch-complex,worker,3,32GB,0.211,0.211,15.887,4.61
4855,linear,indexscan,0,prefetch-simple,sync,3,32GB,12.138,12.138,670.683,149.209
4856,linear,bitmapscan,16,prefetch-simple,sync,3,32GB,0.009,0.009,2.407,1.09
4857,linear,indexscan,0,master,worker,12,32GB,0.009,0.009,2.266,1.03
4858,linear,bitmapscan,64,master,io_uring,3,32GB,0.063,0.063,4.463,2.097
4859,linear,indexscan,0,master,worker,3,32GB,0.013,0.013,2.957,1.397
4860,linear,bitmapscan,16,prefetch-complex,worker,3,32GB,0.711,0.711,20.281,12.926
4861,linear,indexscan,64,prefetch-complex,worker,3,32GB,87.31,87.31,2283.005,1026.377
4862,linear,bitmapscan,64,prefetch-complex,sync,3,32GB,0.006,0.006,2.38,1.168
4863,linear,bitmapscan,0,prefetch-simple,worker,3,32GB,0.003,0.003,1.878,1.027
4864,linear,indexscan,64,prefetch-complex,worker,12,32GB,37.31,37.31,853.827,452.905
4865,linear,bitmapscan,16,prefetch-complex,worker,3,32GB,57.31,57.31,1774.478,840.703
4866,linear,indexscan,64,master,io_uring,3,32GB,0.211,0.211,17.566,4.381
4867,linear,indexscan,64,prefetch-simple,worker,12,32GB,0.019,0.019,3.019,1.247
4868,linear,indexscan,1,prefetch-complex,io_uring,3,32GB,0.003,0.003,2.08,1.105
4869,linear,bitmapscan,1,master,worker,12,32GB,97.31,97.31,5515.396,1289.452
4870,linear,bitmapscan,16,prefetch-complex,io_uring,3,32GB,47.31,47.31,1382.763,683.027
4871,linear,bitmapscan,16,prefetch-simple,sync,3,32GB,1.599,1.599,40.168,24.024
4872,linear,bitmapscan,64,master,worker,3,32GB,37.31,37.31,979.361,492.952
4873,linear,indexscan,16,prefetch-simple,worker,3,32GB,87.31,87.31,4741.369,990.268
4874,linear,indexscan,0,prefetch-simple,sync,3,32GB,8.092,8.092,540.244,103.363
4875,linear,indexscan,0,prefetch-simple,io_uring,3,32GB,18.207,18.207,991.752,223.785
4876,linear,bitmapscan,1,master,sync,3,32GB,27.31,27.31,1627.744,368.872
4877,linear,indexscan,1,master,worker,12,32GB,0.094,0.094,8.965,2.735
4878,linear,indexscan,64,prefetch-simple,sync,3,32GB,37.31,37.31,2021.695,427.76
4879,linear,indexscan,64,prefetch-simple,sync,3,32GB,0.002,0.002,1.69,0.927
4880,linear,bitmapscan,1,prefetch-complex,io_uring,3,32GB,0.002,0.002,1.877,1.047
4881,linear,indexscan,16,master,io_uring,3,32GB,1.066,1.066,65.991,15.185
4882,linear,bitmapscan,1,prefetch-simple,io_uring,3,32GB,0.474,0.474,33.562,8.633
4883,linear,indexscan,16,master,sync,3,32GB,0.028,0.028,3.622,1.4
4884,linear,indexscan,1,prefetch-complex,worker,3,32GB,57.31,57.31,3318.034,678.704
4885,linear,bitmapscan,1,prefetch-complex,io_uring,3,32GB,0.316,0.316,23.296,7.142
4886,linear,bitmapscan,64,master,worker,12,32GB,0.316,0.316,9.948,6.12
4887,linear,indexscan,1,prefetch-complex,worker,3,32GB,37.31,37.31,2041.288,443.574
4888,linear,bitmapscan,16,master,io_uring,3,32GB,0.711,0.711,21.573,12.008
4889,linear,bitmapscan,16,prefetch-simple,sync,3,32GB,0.316,0.316,11.345,6.201
4890,linear,indexscan,16,prefetch-simple,worker,3,32GB,0.316,0.316,21.324,5.898
4891,linear,bitmapscan,16,prefetch-simple,worker,3,32GB,0.474,0.474,14.385,8.386
4892,linear,bitmapscan,0,master,worker,12,32GB,87.31,87.31,4688.681,1195.342
4893,linear,indexscan,0,master,io_uring,3,32GB,77.31,77.31,4616.325,884.904
4894,linear,bitmapscan,0,prefetch-simple,worker,3,32GB,0.001,0.001,1.538,0.922
4895,linear,indexscan,1,master,worker,3,32GB,0.094,0.094,8.161,2.612
4896,linear,bitmapscan,16,prefetch-simple,io_uring,3,32GB,97.31,97.31,2987.833,1277.221
4897,linear,bitmapscan,0,master,sync,3,32GB,0.063,0.063,5.896,2.213
4898,linear,indexscan,16,master,sync,3,32GB,8.092,8.092,485.141,97.713
4899,linear,bitmapscan,1,prefetch-complex,worker,3,32GB,0.004,0.004,2.237,1.255
4900,linear,indexscan,1,master,worker,3,32GB,0.028,0.028,3.731,1.383
4901,linear,indexscan,64,prefetch-simple,worker,12,32GB,0.001,0.001,1.633,0.938
4902,linear,bitmapscan,64,prefetch-complex,worker,3,32GB,12.138,12.138,302.812,177.826
4903,linear,bitmapscan,16,prefetch-simple,sync,3,32GB,0.003,0.003,1.789,1.04
4904,linear,indexscan,16,master,sync,3,32GB,0.474,0.474,32.217,7.824
4905,linear,bitmapscan,64,prefetch-complex,worker,3,32GB,67.31,67.31,2037.621,963.434
4906,linear,indexscan,16,prefetch-simple,worker,12,32GB,0.042,0.042,4.665,1.666
4907,linear,bitmapscan,64,master,sync,3,32GB,5.395,5.395,124.837,75.314
4908,linear,bitmapscan,1,master,worker,12,32GB,12.138,12.138,724.687,165.007
4909,linear,indexscan,0,prefetch-simple,worker,3,32GB,0.013,0.013,2.574,1.157
4910,linear,bitmapscan,0,master,worker,3,32GB,1.066,1.066,61.749,16.989
4911,linear,bitmapscan,0,prefetch-complex,io_uring,3,32GB,0.474,0.474,29.607,9.23
4912,linear,indexscan,0,prefetch-simple,sync,3,32GB,0.063,0.063,5.565,2.059
4913,linear,indexscan,64,master,worker,3,32GB,0.019,0.019,3.21,1.288
4914,linear,bitmapscan,64,prefetch-complex,io_uring,3,32GB,0.141,0.141,6.464,3.942
4915,linear,indexscan,0,prefetch-simple,worker,3,32GB,0.141,0.141,10.751,3.425
4916,linear,indexscan,16,prefetch-complex,sync,3,32GB,0.141,0.141,5.959,3.707
4917,linear,indexscan,1,prefetch-simple,worker,3,32GB,37.31,37.31,2319.757,423.221
4918,linear,bitmapscan,0,prefetch-complex,io_uring,3,32GB,3.597,3.597,217.631,59.878
4919,linear,bitmapscan,0,prefetch-simple,io_uring,3,32GB,0.141,0.141,17.294,3.671
4920,linear,indexscan,64,prefetch-simple,worker,3,32GB,8.092,8.092,444.174,95.433
4921,linear,bitmapscan,0,prefetch-simple,io_uring,3,32GB,0.013,0.013,2.98,1.433
4922,linear,bitmapscan,16,prefetch-complex,sync,3,32GB,47.31,47.31,1343.037,672.587
4923,linear,bitmapscan,16,master,worker,12,32GB,0.474,0.474,13.627,8.777
4924,linear,indexscan,64,prefetch-simple,worker,3,32GB,0.211,0.211,14.941,4.436
4925,linear,indexscan,64,master,io_uring,3,32GB,0.009,0.009,2.19,1.032
4926,linear,indexscan,16,master,worker,12,32GB,0.001,0.001,1.342,0.904
4927,linear,indexscan,1,master,io_uring,3,32GB,0.316,0.316,21.853,5.748
4928,linear,bitmapscan,16,prefetch-complex,io_uring,3,32GB,2.398,2.398,57.462,36.188
4929,linear,bitmapscan,0,prefetch-simple,io_uring,3,32GB,0.711,0.711,40.706,11.861
4930,linear,bitmapscan,1,prefetch-complex,worker,3,32GB,37.31,37.31,2260.617,542.967
4931,linear,bitmapscan,0,prefetch-complex,worker,12,32GB,0.009,0.009,3.278,1.316
4932,linear,indexscan,16,prefetch-complex,worker,3,32GB,37.31,37.31,819.555,441.749
4933,linear,bitmapscan,1,prefetch-simple,io_uring,3,32GB,47.31,47.31,2653.013,631.894
4934,linear,bitmapscan,1,prefetch-simple,worker,3,32GB,0.211,0.211,16.112,4.719
4935,linear,bitmapscan,1,prefetch-simple,worker,3,32GB,1.066,1.066,64.588,16.319
4936,linear,indexscan,64,master,worker,12,32GB,0.094,0.094,9.11,2.627
4937,linear,indexscan,0,prefetch-simple,io_uring,3,32GB,0.042,0.042,4.588,2.176
4938,linear,bitmapscan,16,master,worker,12,32GB,77.31,77.31,2314.371,1100.507
4939,linear,indexscan,0,prefetch-complex,worker,12,32GB,0.063,0.063,6.022,2.259
4940,linear,indexscan,64,master,sync,3,32GB,27.31,27.31,1716.874,322.829
4941,linear,indexscan,64,prefetch-complex,worker,12,32GB,0.474,0.474,12.818,8.341
4942,linear,indexscan,64,master,worker,12,32GB,18.207,18.207,1133.622,212.436
4943,linear,indexscan,64,master,io_uring,3,32GB,0.094,0.094,8.76,2.754
4944,linear,bitmapscan,16,prefetch-simple,worker,3,32GB,0.042,0.042,4.127,1.819
4945,linear,indexscan,0,prefetch-complex,sync,3,32GB,0.004,0.004,1.948,1.125
4946,linear,indexscan,64,prefetch-complex,worker,3,32GB,0.211,0.211,7.416,4.674
4947,linear,indexscan,0,prefetch-simple,worker,12,32GB,87.31,87.31,4552.785,1028.375
4948,linear,bitmapscan,1,prefetch-complex,sync,3,32GB,0.001,0.001,1.781,1.093
4949,linear,indexscan,0,prefetch-complex,worker,3,32GB,67.31,67.31,3540.046,824.924
4950,linear,bitmapscan,0,prefetch-simple,sync,3,32GB,8.092,8.092,484.316,113.037
4951,linear,indexscan,0,prefetch-complex,worker,3,32GB,0.474,0.474,30.634,9.045
4952,linear,bitmapscan,0,prefetch-complex,worker,3,32GB,2.398,2.398,140.066,38.051
4953,linear,indexscan,1,prefetch-complex,sync,3,32GB,8.092,8.092,468.435,99.651
4954,linear,bitmapscan,16,prefetch-complex,io_uring,3,32GB,0.063,0.063,4.16,2.35
4955,linear,bitmapscan,0,prefetch-complex,worker,3,32GB,0.003,0.003,1.814,1.071
4956,linear,indexscan,16,prefetch-complex,worker,3,32GB,0.001,0.001,8.084,1.09
4957,linear,bitmapscan,64,master,worker,3,32GB,57.31,57.31,1664.168,749.344
4958,linear,indexscan,16,prefetch-simple,worker,12,32GB,0.063,0.063,6.433,2.432
4959,linear,bitmapscan,1,master,sync,3,32GB,47.31,47.31,2677.75,619.877
4960,linear,bitmapscan,64,master,sync,3,32GB,0.001,0.001,1.669,0.89
4961,linear,bitmapscan,0,prefetch-complex,io_uring,3,32GB,8.092,8.092,453.157,120.913
4962,linear,bitmapscan,64,prefetch-simple,io_uring,3,32GB,0.003,0.003,7.788,1.035
4963,linear,bitmapscan,0,prefetch-simple,io_uring,3,32GB,67.31,67.31,3665.633,907.831
4964,linear,bitmapscan,0,prefetch-simple,worker,3,32GB,8.092,8.092,478.141,113.011
4965,linear,indexscan,16,master,io_uring,3,32GB,0.042,0.042,4.711,1.716
4966,linear,bitmapscan,1,master,worker,3,32GB,0.006,0.006,2.225,0.982
4967,linear,bitmapscan,16,prefetch-complex,io_uring,3,32GB,0.009,0.009,2.518,1.273
4968,linear,indexscan,16,prefetch-simple,sync,3,32GB,0.013,0.013,2.649,1.253
4969,linear,bitmapscan,0,prefetch-complex,worker,12,32GB,3.597,3.597,251.395,57.439
4970,linear,indexscan,1,prefetch-simple,sync,3,32GB,8.092,8.092,532.753,98.162
4971,linear,indexscan,16,prefetch-simple,sync,3,32GB,0.042,0.042,5.027,1.667
4972,linear,indexscan,1,prefetch-complex,io_uring,3,32GB,27.31,27.31,1520.338,325.594
4973,linear,bitmapscan,64,prefetch-simple,sync,3,32GB,18.207,18.207,430.347,248.879
4974,linear,bitmapscan,64,prefetch-simple,io_uring,3,32GB,0.002,0.002,1.885,0.988
4975,linear,bitmapscan,1,prefetch-simple,sync,3,32GB,1.599,1.599,107.508,23.7
4976,linear,indexscan,1,prefetch-simple,io_uring,3,32GB,0.711,0.711,49.206,11.124
4977,linear,indexscan,0,master,worker,12,32GB,0.141,0.141,12.076,3.428
4978,linear,bitmapscan,16,prefetch-simple,sync,3,32GB,0.474,0.474,14.395,8.32
4979,linear,indexscan,1,prefetch-complex,worker,3,32GB,12.138,12.138,709.269,146.866
4980,linear,indexscan,16,master,worker,3,32GB,0.003,0.003,1.823,1.106
4981,linear,bitmapscan,0,master,worker,12,32GB,0.711,0.711,42.171,13.228
4982,linear,bitmapscan,0,prefetch-complex,worker,3,32GB,57.31,57.31,3037.858,851.74
4983,linear,bitmapscan,1,master,worker,3,32GB,47.31,47.31,2681.77,615.483
4984,linear,bitmapscan,64,master,sync,3,32GB,2.398,2.398,72.637,34.368
4985,linear,bitmapscan,1,prefetch-complex,worker,3,32GB,0.141,0.141,12.658,4.076
4986,linear,indexscan,1,master,worker,3,32GB,0.711,0.711,47.299,10.991
4987,linear,bitmapscan,1,prefetch-complex,io_uring,3,32GB,1.599,1.599,103.871,25.868
4988,linear,bitmapscan,0,master,worker,3,32GB,1.599,1.599,101.857,24.733
4989,linear,bitmapscan,0,prefetch-simple,worker,3,32GB,12.138,12.138,686.264,174.407
4990,linear,bitmapscan,64,prefetch-simple,sync,3,32GB,87.31,87.31,2675.301,1148.604
4991,linear,bitmapscan,1,prefetch-complex,worker,12,32GB,77.31,77.31,4580.788,1108.804
4992,linear,bitmapscan,0,master,worker,3,32GB,2.398,2.398,191.94,36.211
4993,linear,bitmapscan,16,prefetch-complex,io_uring,3,32GB,0.006,0.006,2.34,1.196
4994,linear,indexscan,16,prefetch-complex,io_uring,3,32GB,67.31,67.31,1701.322,792.609
4995,linear,indexscan,16,master,io_uring,3,32GB,0.019,0.019,3.082,1.219
4996,linear,indexscan,16,prefetch-simple,worker,12,32GB,5.395,5.395,286.611,65.593
4997,linear,bitmapscan,0,master,io_uring,3,32GB,47.31,47.31,2545.401,642.118
4998,linear,indexscan,64,master,worker,12,32GB,0.474,0.474,42.102,7.972
4999,linear,bitmapscan,1,prefetch-simple,sync,3,32GB,8.092,8.092,486.134,107.894
5000,linear,indexscan,16,master,io_uring,3,32GB,77.31,77.31,4670.537,874.955
5001,linear,bitmapscan,0,master,worker,12,32GB,0.002,0.002,1.689,0.971
5002,linear,bitmapscan,1,prefetch-simple,worker,3,32GB,87.31,87.31,4899.11,1139.552
5003,linear,indexscan,64,master,worker,12,32GB,0.141,0.141,28.23,3.365
5004,linear,bitmapscan,1,prefetch-simple,sync,3,32GB,0.019,0.019,2.903,1.277
5005,linear,indexscan,1,prefetch-simple,sync,3,32GB,0.211,0.211,15.55,4.253
5006,linear,indexscan,16,prefetch-complex,sync,3,32GB,67.31,67.31,1703.246,795.752
5007,linear,bitmapscan,16,master,io_uring,3,32GB,0.013,0.013,2.719,1.13
5008,linear,indexscan,64,master,io_uring,3,32GB,0.013,0.013,3.031,1.099
5009,linear,indexscan,1,prefetch-complex,worker,3,32GB,67.31,67.31,3666.714,791.364
5010,linear,bitmapscan,16,prefetch-complex,worker,3,32GB,8.092,8.092,232.23,116.322
5011,linear,indexscan,16,prefetch-complex,worker,3,32GB,0.063,0.063,4.053,2.312
5012,linear,indexscan,0,prefetch-simple,io_uring,3,32GB,1.066,1.066,60.777,15.792
5013,linear,indexscan,0,prefetch-complex,worker,12,32GB,0.009,0.009,2.325,1.201
5014,linear,bitmapscan,1,prefetch-simple,worker,3,32GB,0.141,0.141,10.92,3.482
5015,linear,bitmapscan,64,master,io_uring,3,32GB,1.599,1.599,44.925,24.449
5016,linear,indexscan,1,prefetch-complex,io_uring,3,32GB,0.001,0.001,1.698,1.054
5017,linear,bitmapscan,16,master,io_uring,3,32GB,5.395,5.395,141.057,73.313
5018,linear,indexscan,1,master,worker,12,32GB,0.009,0.009,2.255,1.048
5019,linear,bitmapscan,1,prefetch-complex,io_uring,3,32GB,97.31,97.31,5616.808,1389.703
5020,linear,bitmapscan,64,prefetch-simple,worker,3,32GB,5.395,5.395,142.06,76.496
5021,linear,indexscan,64,prefetch-complex,io_uring,3,32GB,0.042,0.042,3.686,2.25
5022,linear,indexscan,16,master,worker,3,32GB,0.013,0.013,2.994,1.192
5023,linear,bitmapscan,16,master,worker,3,32GB,2.398,2.398,59.304,34.496
5024,linear,bitmapscan,1,prefetch-simple,worker,12,32GB,0.003,0.003,2.004,1.109
5025,linear,indexscan,1,prefetch-complex,io_uring,3,32GB,0.042,0.042,4.773,2.314
5026,linear,indexscan,1,prefetch-simple,worker,12,32GB,0.002,0.002,1.824,1.165
5027,linear,indexscan,0,prefetch-simple,io_uring,3,32GB,47.31,47.31,2545.385,567.565
5028,linear,bitmapscan,1,master,worker,3,32GB,0.004,0.004,1.838,0.971
5029,linear,indexscan,1,prefetch-simple,io_uring,3,32GB,67.31,67.31,4336.512,765.556
5030,linear,indexscan,0,prefetch-simple,sync,3,32GB,0.141,0.141,11.164,3.607
5031,linear,bitmapscan,0,prefetch-simple,io_uring,3,32GB,0.002,0.002,1.66,0.92
5032,linear,indexscan,1,master,io_uring,3,32GB,0.009,0.009,2.363,1.044
5033,linear,bitmapscan,0,prefetch-complex,worker,12,32GB,0.211,0.211,15.056,5.145
5034,linear,bitmapscan,1,prefetch-complex,worker,3,32GB,0.013,0.013,2.879,1.338
5035,linear,bitmapscan,1,master,worker,12,32GB,2.398,2.398,149.493,34.746
5036,linear,indexscan,16,prefetch-complex,io_uring,3,32GB,0.141,0.141,6.063,3.708
5037,linear,bitmapscan,64,prefetch-complex,io_uring,3,32GB,0.094,0.094,4.818,3.001
5038,linear,bitmapscan,1,prefetch-simple,worker,12,32GB,77.31,77.31,4433.758,1015.859
5039,linear,indexscan,0,master,io_uring,3,32GB,0.141,0.141,12.738,3.401
5040,linear,indexscan,1,master,worker,12,32GB,5.395,5.395,337.372,67.313
5041,linear,indexscan,16,master,worker,3,32GB,0.474,0.474,33.922,7.927
5042,linear,bitmapscan,0,prefetch-complex,io_uring,3,32GB,0.316,0.316,23.485,7.205
5043,linear,indexscan,16,master,worker,3,32GB,0.711,0.711,47.229,10.77
5044,linear,indexscan,0,master,sync,3,32GB,77.31,77.31,4532.571,878.666
5045,linear,bitmapscan,0,prefetch-complex,sync,3,32GB,1.066,1.066,63.787,18.131
5046,linear,indexscan,1,master,io_uring,3,32GB,57.31,57.31,3532.444,645.029
5047,linear,indexscan,16,prefetch-simple,worker,12,32GB,1.599,1.599,92.307,21.793
5048,linear,indexscan,64,master,sync,3,32GB,97.31,97.31,5735.566,1103.758
5049,linear,bitmapscan,1,prefetch-simple,sync,3,32GB,0.002,0.002,1.782,0.93
5050,linear,bitmapscan,64,prefetch-simple,worker,12,32GB,87.31,87.31,2672.919,1187.712
5051,linear,indexscan,0,prefetch-complex,worker,3,32GB,0.028,0.028,3.772,1.609
5052,linear,indexscan,0,prefetch-simple,worker,3,32GB,0.009,0.009,2.228,1.075
5053,linear,indexscan,0,prefetch-complex,worker,3,32GB,47.31,47.31,2508.923,580.584
5054,linear,bitmapscan,16,master,io_uring,3,32GB,2.398,2.398,54.727,33.315
5055,linear,indexscan,1,prefetch-complex,worker,3,32GB,0.009,0.009,2.396,1.317
5056,linear,bitmapscan,1,prefetch-complex,worker,3,32GB,0.711,0.711,43.86,12.402
5057,linear,bitmapscan,0,prefetch-simple,io_uring,3,32GB,18.207,18.207,958.505,251.712
5058,linear,bitmapscan,0,master,io_uring,3,32GB,0.001,0.001,1.34,0.875
5059,linear,indexscan,1,prefetch-simple,worker,12,32GB,0.004,0.004,2.016,0.981
5060,linear,indexscan,0,prefetch-simple,worker,12,32GB,0.006,0.006,2.209,1.159
5061,linear,indexscan,16,prefetch-simple,worker,3,32GB,8.092,8.092,465.656,94.94
5062,linear,indexscan,1,prefetch-simple,worker,12,32GB,0.003,0.003,1.872,1.014
5063,linear,indexscan,1,prefetch-simple,worker,3,32GB,0.211,0.211,17.588,4.6
5064,linear,indexscan,64,prefetch-simple,io_uring,3,32GB,37.31,37.31,2058.444,427.977
5065,linear,bitmapscan,16,prefetch-complex,sync,3,32GB,0.063,0.063,4.306,2.341
5066,linear,indexscan,0,prefetch-simple,sync,3,32GB,5.395,5.395,289.138,67.051
5067,linear,bitmapscan,64,master,io_uring,3,32GB,0.094,0.094,4.727,2.629
5068,linear,bitmapscan,16,prefetch-simple,io_uring,3,32GB,0.019,0.019,2.766,1.416
5069,linear,indexscan,64,prefetch-complex,sync,3,32GB,57.31,57.31,1421.883,687.859
5070,linear,bitmapscan,16,prefetch-simple,sync,3,32GB,57.31,57.31,1662.352,762.715
5071,linear,bitmapscan,64,prefetch-complex,sync,3,32GB,0.211,0.211,13.202,4.985
5072,linear,indexscan,64,prefetch-simple,worker,3,32GB,0.316,0.316,21.293,6.763
5073,linear,indexscan,1,master,worker,3,32GB,57.31,57.31,3383.625,644.704
5074,linear,indexscan,16,master,worker,12,32GB,0.003,0.003,1.862,0.942
5075,linear,bitmapscan,0,master,worker,3,32GB,97.31,97.31,5290.338,1315.57
5076,linear,indexscan,16,master,worker,12,32GB,0.094,0.094,8.437,2.503
5077,linear,indexscan,0,prefetch-simple,sync,3,32GB,18.207,18.207,1078.911,219.727
5078,linear,indexscan,1,master,sync,3,32GB,1.599,1.599,105.559,21.476
5079,linear,indexscan,0,master,worker,3,32GB,0.004,0.004,1.817,0.958
5080,linear,bitmapscan,0,prefetch-simple,io_uring,3,32GB,0.004,0.004,1.865,1.009
5081,linear,bitmapscan,16,prefetch-simple,worker,3,32GB,0.013,0.013,2.668,1.127
5082,linear,indexscan,16,master,sync,3,32GB,0.141,0.141,12.071,3.451
5083,linear,indexscan,0,prefetch-complex,io_uring,3,32GB,47.31,47.31,2554.311,577.668
5084,linear,indexscan,64,prefetch-complex,io_uring,3,32GB,37.31,37.31,813.969,441.232
5085,linear,bitmapscan,1,master,worker,3,32GB,97.31,97.31,5506.3,1274.247
5086,linear,bitmapscan,16,prefetch-complex,sync,3,32GB,0.004,0.004,2.146,1.158
5087,linear,bitmapscan,1,prefetch-complex,worker,12,32GB,37.31,37.31,2117.527,541.21
5088,linear,indexscan,64,prefetch-complex,worker,3,32GB,0.711,0.711,16.527,11.315
5089,linear,indexscan,16,prefetch-complex,io_uring,3,32GB,77.31,77.31,2016.933,930.063
5090,linear,indexscan,1,prefetch-complex,worker,12,32GB,0.013,0.013,3.013,1.32
5091,linear,bitmapscan,64,master,sync,3,32GB,0.474,0.474,13.611,8.364
5092,linear,bitmapscan,64,prefetch-complex,io_uring,3,32GB,1.599,1.599,39.496,25.75
5093,linear,indexscan,16,prefetch-simple,worker,3,32GB,0.474,0.474,29.194,7.688
5094,linear,bitmapscan,16,master,worker,3,32GB,0.141,0.141,11.289,3.473
5095,linear,bitmapscan,0,prefetch-simple,worker,3,32GB,0.004,0.004,1.836,0.975
5096,linear,bitmapscan,0,prefetch-simple,sync,3,32GB,1.066,1.066,89.116,16.77
5097,linear,bitmapscan,64,prefetch-complex,worker,12,32GB,1.066,1.066,27.161,18.314
5098,linear,bitmapscan,64,prefetch-simple,io_uring,3,32GB,0.063,0.063,3.876,2.074
5099,linear,indexscan,64,prefetch-complex,sync,3,32GB,0.013,0.013,2.755,1.357
5100,linear,bitmapscan,64,master,worker,12,32GB,0.004,0.004,1.882,0.943
5101,linear,bitmapscan,0,master,io_uring,3,32GB,0.711,0.711,42.663,12.226
5102,linear,bitmapscan,1,prefetch-complex,worker,12,32GB,0.063,0.063,6.309,2.295
5103,linear,bitmapscan,1,prefetch-complex,sync,3,32GB,0.474,0.474,31.554,8.872
5104,linear,bitmapscan,16,prefetch-simple,worker,3,32GB,0.028,0.028,3.045,1.44
5105,linear,bitmapscan,16,prefetch-simple,sync,3,32GB,37.31,37.31,988.682,491.128
5106,linear,bitmapscan,0,master,worker,3,32GB,0.006,0.006,2.112,1.062
5107,linear,indexscan,16,master,io_uring,3,32GB,37.31,37.31,2308.976,428.815
5108,linear,bitmapscan,1,prefetch-complex,io_uring,3,32GB,3.597,3.597,262.678,54.555
5109,linear,bitmapscan,16,prefetch-complex,worker,3,32GB,0.006,0.006,2.508,1.244
5110,linear,indexscan,1,prefetch-complex,sync,3,32GB,0.316,0.316,21.221,6.168
5111,linear,bitmapscan,1,master,sync,3,32GB,0.211,0.211,18.469,4.832
5112,linear,bitmapscan,64,prefetch-simple,worker,3,32GB,77.31,77.31,2351.043,1010.518
5113,linear,indexscan,64,prefetch-complex,worker,12,32GB,12.138,12.138,209.684,151.897
5114,linear,bitmapscan,1,prefetch-simple,sync,3,32GB,0.474,0.474,32.461,8.342
5115,linear,bitmapscan,0,master,worker,12,32GB,27.31,27.31,1482.099,376.461
5116,linear,bitmapscan,0,prefetch-complex,io_uring,3,32GB,0.001,0.001,1.679,1.057
5117,linear,indexscan,0,master,io_uring,3,32GB,0.211,0.211,15.893,4.276
5118,linear,bitmapscan,0,master,io_uring,3,32GB,0.211,0.211,15.865,4.755
5119,linear,indexscan,64,prefetch-complex,io_uring,3,32GB,0.009,0.009,3.353,1.42
5120,linear,bitmapscan,0,prefetch-simple,sync,3,32GB,0.211,0.211,15.095,5.599
5121,linear,bitmapscan,0,prefetch-complex,io_uring,3,32GB,0.003,0.003,1.808,1.078
5122,linear,indexscan,0,prefetch-simple,sync,3,32GB,0.001,0.001,1.578,0.967
5123,linear,bitmapscan,0,prefetch-complex,worker,3,32GB,27.31,27.31,1510.897,403.299
5124,linear,bitmapscan,1,prefetch-complex,worker,3,32GB,0.211,0.211,16.34,4.95
5125,linear,indexscan,0,prefetch-complex,worker,3,32GB,0.094,0.094,8.274,2.899
5126,linear,indexscan,64,master,worker,3,32GB,0.002,0.002,2.892,0.907
5127,linear,bitmapscan,16,prefetch-simple,worker,12,32GB,0.094,0.094,4.61,2.688
5128,linear,bitmapscan,64,prefetch-simple,sync,3,32GB,67.31,67.31,1997.809,882.135
5129,linear,bitmapscan,16,prefetch-complex,worker,12,32GB,57.31,57.31,1718.348,828.555
5130,linear,bitmapscan,16,prefetch-simple,worker,3,32GB,77.31,77.31,2326.787,1022.865
5131,linear,indexscan,16,prefetch-complex,io_uring,3,32GB,0.013,0.013,2.898,1.316
5132,linear,bitmapscan,0,prefetch-simple,sync,3,32GB,27.31,27.31,1461.531,375.662
5133,linear,indexscan,64,prefetch-simple,worker,12,32GB,5.395,5.395,311.454,73.085
5134,linear,indexscan,0,master,worker,12,32GB,0.019,0.019,3.082,1.278
5135,linear,bitmapscan,0,master,worker,3,32GB,0.013,0.013,2.495,1.133
5136,linear,bitmapscan,1,master,sync,3,32GB,37.31,37.31,2185.29,492.4
5137,linear,bitmapscan,0,prefetch-complex,worker,12,32GB,27.31,27.31,1637.114,412.589
5138,linear,bitmapscan,16,prefetch-simple,sync,3,32GB,0.006,0.006,2.305,1.059
5139,linear,bitmapscan,64,prefetch-complex,sync,3,32GB,18.207,18.207,455.459,267.373
5140,linear,bitmapscan,64,prefetch-simple,worker,3,32GB,0.042,0.042,3.673,2.166
5141,linear,bitmapscan,0,master,worker,12,32GB,0.003,0.003,1.727,0.949
5142,linear,indexscan,1,master,worker,3,32GB,87.31,87.31,5215.287,989.519
5143,linear,indexscan,1,prefetch-simple,worker,3,32GB,5.395,5.395,366.752,67.179
5144,linear,bitmapscan,0,master,io_uring,3,32GB,0.042,0.042,4.603,1.763
5145,linear,bitmapscan,0,master,worker,12,32GB,0.009,0.009,2.213,1.072
5146,linear,indexscan,1,prefetch-complex,io_uring,3,32GB,0.141,0.141,11.21,3.515
5147,linear,bitmapscan,0,prefetch-simple,worker,12,32GB,0.013,0.013,2.544,1.177
5148,linear,indexscan,16,master,sync,3,32GB,0.094,0.094,8.563,2.854
5149,linear,indexscan,16,master,worker,3,32GB,0.019,0.019,3.006,1.214
5150,linear,bitmapscan,64,master,sync,3,32GB,0.002,0.002,1.752,0.933
5151,linear,bitmapscan,64,prefetch-simple,worker,12,32GB,77.31,77.31,2296.655,1017.421
5152,linear,bitmapscan,16,prefetch-complex,worker,12,32GB,1.066,1.066,31.377,18.43
5153,linear,bitmapscan,1,master,worker,3,32GB,0.063,0.063,6.324,2.195
5154,linear,bitmapscan,1,master,io_uring,3,32GB,0.019,0.019,3.119,1.283
5155,linear,bitmapscan,0,prefetch-simple,sync,3,32GB,5.395,5.395,361.119,76.727
5156,linear,bitmapscan,1,prefetch-simple,worker,3,32GB,67.31,67.31,3963.934,890.7
5157,linear,indexscan,64,master,worker,3,32GB,5.395,5.395,351.934,66.306
5158,linear,indexscan,1,prefetch-simple,worker,12,32GB,5.395,5.395,331.848,66.903
5159,linear,indexscan,16,prefetch-complex,sync,3,32GB,0.019,0.019,2.831,1.572
5160,linear,indexscan,0,master,worker,3,32GB,12.138,12.138,760.7,142.985
5161,linear,indexscan,1,prefetch-simple,sync,3,32GB,0.141,0.141,13.879,3.248
5162,linear,indexscan,16,prefetch-simple,io_uring,3,32GB,87.31,87.31,4729.529,997.954
5163,linear,bitmapscan,64,prefetch-simple,worker,12,32GB,0.711,0.711,44.521,12.431
5164,linear,bitmapscan,1,master,io_uring,3,32GB,57.31,57.31,3278.054,748.52
5165,linear,bitmapscan,64,prefetch-complex,sync,3,32GB,27.31,27.31,699.739,401.419
5166,linear,indexscan,1,prefetch-complex,io_uring,3,32GB,0.006,0.006,2.279,1.143
5167,linear,bitmapscan,64,master,sync,3,32GB,0.141,0.141,6.164,3.395
5168,linear,indexscan,64,master,worker,12,32GB,0.009,0.009,18.257,1.038
5169,linear,bitmapscan,64,master,worker,12,32GB,0.028,0.028,3.037,1.442
5170,linear,bitmapscan,0,prefetch-complex,worker,12,32GB,0.028,0.028,3.787,1.66
5171,linear,bitmapscan,1,prefetch-complex,sync,3,32GB,3.597,3.597,214.36,54.234
5172,linear,bitmapscan,0,prefetch-simple,worker,3,32GB,0.063,0.063,6.298,2.111
5173,linear,bitmapscan,1,master,worker,3,32GB,1.599,1.599,94.525,23.73
5174,linear,indexscan,1,master,io_uring,3,32GB,0.094,0.094,8.108,2.672
5175,linear,indexscan,16,prefetch-complex,worker,3,32GB,77.31,77.31,2015.008,934.111
5176,linear,indexscan,1,prefetch-complex,sync,3,32GB,0.006,0.006,2.197,1.202
5177,linear,bitmapscan,0,master,worker,12,32GB,0.019,0.019,2.843,1.247
5178,linear,indexscan,1,master,worker,3,32GB,0.316,0.316,23.26,5.914
5179,linear,indexscan,1,prefetch-simple,io_uring,3,32GB,87.31,87.31,5495.468,990.062
5180,linear,indexscan,16,master,worker,3,32GB,0.006,0.006,2.152,0.956
5181,linear,bitmapscan,0,prefetch-complex,worker,12,32GB,87.31,87.31,5013.663,1301.505
5182,linear,bitmapscan,1,master,io_uring,3,32GB,0.141,0.141,11.587,3.415
5183,linear,bitmapscan,0,master,io_uring,3,32GB,67.31,67.31,3822.735,911.491
5184,linear,bitmapscan,1,master,io_uring,3,32GB,12.138,12.138,744.826,167.083
5185,linear,indexscan,0,prefetch-simple,io_uring,3,32GB,0.006,0.006,1.985,1.007
5186,linear,indexscan,1,prefetch-complex,worker,3,32GB,0.013,0.013,2.892,1.356
5187,linear,indexscan,64,master,sync,3,32GB,0.001,0.001,1.459,0.938
5188,linear,indexscan,64,prefetch-simple,sync,3,32GB,0.316,0.316,20.215,5.82
5189,linear,bitmapscan,0,prefetch-complex,worker,3,32GB,0.094,0.094,7.877,2.977
5190,linear,indexscan,0,prefetch-complex,sync,3,32GB,67.31,67.31,3625.777,818.492
5191,linear,bitmapscan,16,master,worker,12,32GB,27.31,27.31,658.43,372.037
5192,linear,indexscan,16,master,io_uring,3,32GB,1.599,1.599,105.041,22.157
5193,linear,bitmapscan,0,prefetch-simple,worker,3,32GB,1.599,1.599,94.932,24.114
5194,linear,bitmapscan,0,prefetch-simple,io_uring,3,32GB,0.003,0.003,2.057,0.945
5195,linear,bitmapscan,16,prefetch-simple,io_uring,3,32GB,0.013,0.013,2.503,1.138
5196,linear,indexscan,16,master,sync,3,32GB,97.31,97.31,5804.315,1127.037
5197,linear,indexscan,16,prefetch-simple,worker,12,32GB,0.004,0.004,2.109,1.081
5198,linear,indexscan,1,master,worker,3,32GB,0.004,0.004,1.793,1.277
5199,linear,bitmapscan,0,master,io_uring,3,32GB,0.316,0.316,36.068,6.229
5200,linear,bitmapscan,0,prefetch-complex,sync,3,32GB,12.138,12.138,673.044,185.313
5201,linear,indexscan,64,master,worker,3,32GB,1.599,1.599,118.267,22.263
5202,linear,bitmapscan,1,master,worker,12,32GB,0.006,0.006,2.177,0.98
5203,linear,bitmapscan,16,master,io_uring,3,32GB,47.31,47.31,1312.648,620.699
5204,linear,bitmapscan,16,master,worker,3,32GB,0.094,0.094,4.635,2.598
5205,linear,indexscan,64,prefetch-complex,io_uring,3,32GB,0.316,0.316,10.219,6.48
5206,linear,indexscan,0,prefetch-complex,sync,3,32GB,5.395,5.395,299.446,70.519
5207,linear,indexscan,0,prefetch-simple,io_uring,3,32GB,3.597,3.597,225.115,46.355
5208,linear,indexscan,64,master,io_uring,3,32GB,67.31,67.31,4005.935,762.347
5209,linear,bitmapscan,64,prefetch-simple,worker,12,32GB,0.006,0.006,2.315,1.3
5210,linear,bitmapscan,1,master,io_uring,3,32GB,0.711,0.711,45.641,11.945
5211,linear,bitmapscan,16,prefetch-simple,io_uring,3,32GB,12.138,12.138,307.242,164.475
5212,linear,bitmapscan,16,prefetch-simple,worker,12,32GB,0.141,0.141,5.918,3.382
5213,linear,bitmapscan,0,prefetch-complex,worker,3,32GB,1.066,1.066,62.398,18.389
5214,linear,indexscan,16,master,worker,12,32GB,5.395,5.395,346.834,65.727
5215,linear,bitmapscan,1,prefetch-simple,worker,12,32GB,0.711,0.711,46.966,12.11
5216,linear,indexscan,64,prefetch-complex,io_uring,3,32GB,12.138,12.138,199.867,148.096
5217,linear,indexscan,1,prefetch-complex,io_uring,3,32GB,87.31,87.31,4874.35,1024.575
5218,linear,bitmapscan,0,prefetch-complex,worker,12,32GB,18.207,18.207,1107.26,289.46
5219,linear,bitmapscan,16,prefetch-complex,worker,3,32GB,0.474,0.474,16.695,8.999
5220,linear,indexscan,1,prefetch-simple,io_uring,3,32GB,0.063,0.063,6.532,2.014
5221,linear,bitmapscan,1,master,io_uring,3,32GB,0.013,0.013,3.164,1.14
5222,linear,indexscan,64,prefetch-simple,worker,3,32GB,0.711,0.711,42.367,12.007
5223,linear,indexscan,64,prefetch-complex,worker,3,32GB,0.009,0.009,2.759,1.48
5224,linear,bitmapscan,16,prefetch-complex,worker,12,32GB,0.042,0.042,3.649,2.049
5225,linear,bitmapscan,1,prefetch-complex,worker,12,32GB,5.395,5.395,330.24,80.47
5226,linear,indexscan,0,prefetch-complex,worker,3,32GB,0.009,0.009,2.389,1.208
5227,linear,indexscan,1,prefetch-complex,worker,12,32GB,0.019,0.019,3.307,1.409
5228,linear,indexscan,16,prefetch-simple,io_uring,3,32GB,1.599,1.599,85.365,21.692
5229,linear,indexscan,1,prefetch-complex,sync,3,32GB,57.31,57.31,3126.684,674.914
5230,linear,bitmapscan,16,master,worker,12,32GB,0.063,0.063,3.856,2.038
5231,linear,indexscan,16,prefetch-complex,io_uring,3,32GB,87.31,87.31,2293.328,1033.428
5232,linear,bitmapscan,1,prefetch-simple,sync,3,32GB,5.395,5.395,343.482,74.764
5233,linear,bitmapscan,64,master,sync,3,32GB,18.207,18.207,412.425,244.667
5234,linear,indexscan,0,master,sync,3,32GB,18.207,18.207,1213.724,216.021
5235,linear,indexscan,0,master,worker,3,32GB,3.597,3.597,253.235,45.35
5236,linear,indexscan,0,prefetch-simple,worker,3,32GB,0.211,0.211,15.044,4.531
5237,linear,bitmapscan,1,master,worker,3,32GB,2.398,2.398,149.085,34.671
5238,linear,bitmapscan,0,prefetch-simple,worker,12,32GB,87.31,87.31,4813.854,1184.779
5239,linear,bitmapscan,64,prefetch-complex,worker,12,32GB,0.711,0.711,20.286,13.123
5240,linear,bitmapscan,16,master,worker,12,32GB,0.711,0.711,20.136,11.873
5241,linear,bitmapscan,1,prefetch-complex,worker,3,32GB,1.599,1.599,110.863,25.488
5242,linear,indexscan,64,prefetch-simple,sync,3,32GB,87.31,87.31,4620.778,1001.983
5243,linear,bitmapscan,16,master,sync,3,32GB,0.003,0.003,1.945,0.916
5244,linear,indexscan,1,prefetch-simple,worker,3,32GB,0.316,0.316,23.384,5.975
5245,linear,bitmapscan,16,master,sync,3,32GB,0.028,0.028,3.053,1.406
5246,linear,indexscan,0,master,io_uring,3,32GB,0.711,0.711,47.925,10.722
5247,linear,indexscan,0,master,worker,3,32GB,0.019,0.019,3.101,1.256
5248,linear,bitmapscan,64,master,worker,12,32GB,0.019,0.019,2.597,1.25
5249,linear,bitmapscan,16,master,sync,3,32GB,87.31,87.31,2602.237,1144.582
5250,linear,indexscan,1,prefetch-simple,sync,3,32GB,0.042,0.042,5.073,1.665
5251,linear,bitmapscan,1,master,worker,3,32GB,8.092,8.092,806.926,111.994
5252,linear,bitmapscan,16,master,worker,12,32GB,1.599,1.599,60.911,24.543
5253,linear,indexscan,1,prefetch-complex,io_uring,3,32GB,0.004,0.004,2.172,1.248
5254,linear,indexscan,64,prefetch-simple,sync,3,32GB,0.094,0.094,8.39,2.609
5255,linear,bitmapscan,64,prefetch-complex,worker,3,32GB,0.316,0.316,11.083,7.175
5256,linear,bitmapscan,64,prefetch-complex,sync,3,32GB,0.002,0.002,2.003,1.111
5257,linear,indexscan,1,master,worker,12,32GB,12.138,12.138,702.93,144.058
5258,linear,bitmapscan,16,prefetch-simple,worker,3,32GB,1.599,1.599,39.494,23.401
5259,linear,bitmapscan,1,prefetch-complex,sync,3,32GB,0.006,0.006,2.182,1.178
5260,linear,bitmapscan,16,master,io_uring,3,32GB,3.597,3.597,126.034,50.843
5261,linear,indexscan,16,master,worker,3,32GB,77.31,77.31,4667.486,874.509
5262,linear,indexscan,64,prefetch-simple,worker,3,32GB,0.042,0.042,4.76,1.874
5263,linear,bitmapscan,64,master,io_uring,3,32GB,0.019,0.019,2.675,1.25
5264,linear,bitmapscan,1,prefetch-simple,io_uring,3,32GB,0.004,0.004,1.916,1.028
5265,linear,bitmapscan,16,prefetch-complex,worker,3,32GB,0.004,0.004,3.353,1.128
5266,linear,bitmapscan,0,master,io_uring,3,32GB,37.31,37.31,2041.473,516.765
5267,linear,indexscan,64,prefetch-simple,io_uring,3,32GB,0.004,0.004,1.913,0.991
5268,linear,indexscan,64,prefetch-simple,worker,12,32GB,3.597,3.597,216.551,46.153
5269,linear,indexscan,64,prefetch-simple,sync,3,32GB,0.001,0.001,1.653,1.036
5270,linear,indexscan,1,prefetch-simple,worker,12,32GB,57.31,57.31,3662.599,655.125
5271,linear,indexscan,1,prefetch-simple,sync,3,32GB,2.398,2.398,160.828,31.864
5272,linear,indexscan,16,prefetch-complex,worker,3,32GB,1.599,1.599,29.89,22.749
5273,linear,indexscan,64,master,sync,3,32GB,1.066,1.066,80.804,15.083
5274,linear,indexscan,0,prefetch-simple,worker,12,32GB,0.004,0.004,2.035,0.968
5275,linear,indexscan,64,master,worker,12,32GB,27.31,27.31,1700.05,315.494
5276,linear,bitmapscan,64,prefetch-simple,io_uring,3,32GB,0.019,0.019,7.313,1.367
5277,linear,bitmapscan,64,prefetch-complex,worker,3,32GB,47.31,47.31,1377.506,706.513
5278,linear,indexscan,1,prefetch-simple,io_uring,3,32GB,37.31,37.31,2491.289,428.314
5279,linear,bitmapscan,1,master,worker,12,32GB,0.019,0.019,3.129,1.267
5280,linear,indexscan,1,master,worker,3,32GB,2.398,2.398,142.777,31.065
5281,linear,indexscan,0,prefetch-simple,sync,3,32GB,47.31,47.31,2579.275,565.578
5282,linear,indexscan,0,master,worker,12,32GB,12.138,12.138,740.78,144.995
5283,linear,indexscan,64,prefetch-simple,io_uring,3,32GB,47.31,47.31,2600.729,545.422
5284,linear,indexscan,16,master,io_uring,3,32GB,0.474,0.474,34.662,8.253
5285,linear,indexscan,16,prefetch-simple,worker,12,32GB,87.31,87.31,4727.07,990.135
5286,linear,bitmapscan,0,prefetch-simple,worker,12,32GB,47.31,47.31,2592.053,661.41
5287,linear,bitmapscan,64,prefetch-simple,io_uring,3,32GB,0.474,0.474,14.967,8.737
5288,linear,bitmapscan,16,prefetch-complex,worker,12,32GB,47.31,47.31,1358.886,677.066
5289,linear,bitmapscan,0,prefetch-simple,worker,3,32GB,18.207,18.207,1061.029,255.507
5290,linear,indexscan,1,master,io_uring,3,32GB,5.395,5.395,373.81,66.19
5291,linear,bitmapscan,1,master,sync,3,32GB,8.092,8.092,475.823,107.726
5292,linear,bitmapscan,0,master,worker,12,32GB,0.006,0.006,1.975,0.997
5293,linear,indexscan,64,prefetch-complex,io_uring,3,32GB,0.474,0.474,12.407,8.419
5294,linear,indexscan,64,prefetch-complex,worker,12,32GB,1.599,1.599,41.522,22.445
5295,linear,bitmapscan,64,prefetch-simple,sync,3,32GB,37.31,37.31,991.835,493.066
5296,linear,bitmapscan,64,prefetch-simple,sync,3,32GB,3.597,3.597,108.407,49.869
5297,linear,bitmapscan,1,prefetch-complex,worker,3,32GB,0.003,0.003,1.89,1.243
5298,linear,bitmapscan,0,prefetch-simple,sync,3,32GB,0.141,0.141,10.79,3.465
5299,linear,bitmapscan,1,prefetch-simple,io_uring,3,32GB,0.003,0.003,4.717,0.973
5300,linear,bitmapscan,16,master,io_uring,3,32GB,0.001,0.001,1.541,0.902
5301,linear,indexscan,16,prefetch-complex,worker,3,32GB,87.31,87.31,2304.432,1032.105
5302,linear,bitmapscan,16,master,io_uring,3,32GB,0.042,0.042,9.713,1.753
5303,linear,bitmapscan,16,master,worker,12,32GB,0.006,0.006,2.146,0.989
5304,linear,indexscan,1,master,io_uring,3,32GB,0.004,0.004,1.871,0.931
5305,linear,bitmapscan,1,prefetch-complex,worker,3,32GB,12.138,12.138,745.949,178.79
5306,linear,bitmapscan,0,prefetch-simple,worker,12,32GB,0.001,0.001,1.509,0.942
5307,linear,bitmapscan,64,prefetch-simple,sync,3,32GB,0.009,0.009,3.209,1.074
5308,linear,bitmapscan,0,prefetch-complex,sync,3,32GB,0.001,0.001,1.631,1.067
5309,linear,indexscan,16,prefetch-complex,worker,12,32GB,18.207,18.207,319.833,221.733
5310,linear,bitmapscan,64,master,sync,3,32GB,0.063,0.063,4.038,2.202
5311,linear,indexscan,1,prefetch-complex,worker,12,32GB,0.001,0.001,1.749,1.044
5312,linear,indexscan,16,master,worker,3,32GB,0.211,0.211,26.271,4.337
5313,linear,bitmapscan,64,master,io_uring,3,32GB,5.395,5.395,125.964,76.368
5314,linear,bitmapscan,16,prefetch-complex,io_uring,3,32GB,0.316,0.316,11.179,7.886
5315,linear,bitmapscan,64,prefetch-simple,sync,3,32GB,1.599,1.599,40.093,23.704
5316,linear,indexscan,0,prefetch-simple,sync,3,32GB,0.711,0.711,48.235,11.316
5317,linear,bitmapscan,16,prefetch-complex,sync,3,32GB,0.094,0.094,5.044,2.995
5318,linear,indexscan,1,prefetch-complex,io_uring,3,32GB,0.013,0.013,2.696,1.233
5319,linear,bitmapscan,64,prefetch-simple,worker,3,32GB,3.597,3.597,81.699,48.84
5320,linear,indexscan,1,prefetch-simple,sync,3,32GB,0.028,0.028,3.894,1.373
5321,linear,bitmapscan,0,prefetch-complex,worker,3,32GB,12.138,12.138,703.203,188.26
5322,linear,bitmapscan,0,master,io_uring,3,32GB,0.063,0.063,5.886,2.244
5323,linear,bitmapscan,16,prefetch-simple,io_uring,3,32GB,0.094,0.094,4.874,2.732
5324,linear,bitmapscan,0,prefetch-complex,sync,3,32GB,77.31,77.31,4339.564,1145.62
5325,linear,indexscan,16,prefetch-complex,worker,12,32GB,5.395,5.395,120.538,71.226
5326,linear,bitmapscan,1,prefetch-simple,worker,3,32GB,8.092,8.092,501.252,109.303
5327,linear,bitmapscan,0,prefetch-complex,sync,3,32GB,0.013,0.013,2.775,1.341
5328,linear,indexscan,0,master,io_uring,3,32GB,37.31,37.31,2279.418,443.931
5329,linear,bitmapscan,64,prefetch-simple,worker,3,32GB,37.31,37.31,985.14,499.438
5330,linear,indexscan,0,prefetch-complex,worker,12,32GB,8.092,8.092,499.311,109.119
5331,linear,indexscan,0,prefetch-simple,worker,3,32GB,0.063,0.063,6.01,2.494
5332,linear,bitmapscan,1,prefetch-complex,sync,3,32GB,0.013,0.013,2.991,1.362
5333,linear,indexscan,16,prefetch-complex,io_uring,3,32GB,0.063,0.063,3.988,2.247
5334,linear,indexscan,0,prefetch-simple,sync,3,32GB,0.316,0.316,21.613,6.444
5335,linear,bitmapscan,0,prefetch-simple,worker,3,32GB,0.002,0.002,2.125,0.927
5336,linear,indexscan,1,master,io_uring,3,32GB,27.31,27.31,1586.622,310.481
5337,linear,indexscan,16,prefetch-simple,worker,3,32GB,0.141,0.141,20.446,3.755
5338,linear,bitmapscan,16,master,worker,3,32GB,0.004,0.004,4.167,0.951
5339,linear,indexscan,64,master,worker,3,32GB,8.092,8.092,501.5,99.287
5340,linear,bitmapscan,64,prefetch-simple,worker,3,32GB,0.141,0.141,6.034,3.433
5341,linear,indexscan,0,prefetch-simple,worker,12,32GB,0.019,0.019,3.275,1.293
5342,linear,indexscan,0,prefetch-simple,worker,3,32GB,57.31,57.31,3034.916,677.074
5343,linear,bitmapscan,64,prefetch-simple,worker,3,32GB,0.009,0.009,2.36,1.099
5344,linear,bitmapscan,1,master,sync,3,32GB,0.063,0.063,6.176,2.088
5345,linear,indexscan,1,prefetch-simple,worker,12,32GB,0.042,0.042,5.085,1.644
5346,linear,indexscan,1,prefetch-complex,sync,3,32GB,0.094,0.094,8.968,2.756
5347,linear,bitmapscan,16,master,worker,12,32GB,37.31,37.31,982.863,496.54
5348,linear,indexscan,1,master,io_uring,3,32GB,97.31,97.31,5951.477,1100.635
5349,linear,bitmapscan,16,prefetch-simple,sync,3,32GB,0.001,0.001,1.937,0.918
5350,linear,bitmapscan,16,master,sync,3,32GB,0.009,0.009,2.358,1.052
5351,linear,bitmapscan,64,prefetch-complex,io_uring,3,32GB,0.001,0.001,1.72,1.098
5352,linear,bitmapscan,0,prefetch-simple,sync,3,32GB,0.004,0.004,1.852,0.964
5353,linear,bitmapscan,0,prefetch-complex,worker,12,32GB,12.138,12.138,671.044,182.809
5354,linear,indexscan,16,prefetch-complex,worker,12,32GB,12.138,12.138,205.167,148.99
5355,linear,indexscan,1,prefetch-simple,worker,3,32GB,1.599,1.599,127.794,22.85
5356,linear,indexscan,16,prefetch-simple,sync,3,32GB,1.066,1.066,76.287,15.644
5357,linear,indexscan,16,master,worker,3,32GB,0.002,0.002,1.631,0.884
5358,linear,indexscan,16,prefetch-complex,worker,12,32GB,2.398,2.398,41.823,32.086
5359,linear,indexscan,1,master,worker,3,32GB,18.207,18.207,1101.197,213.18
5360,linear,bitmapscan,64,prefetch-complex,worker,12,32GB,0.003,0.003,2.207,1.137
5361,linear,indexscan,1,prefetch-complex,sync,3,32GB,37.31,37.31,2083.811,440.257
5362,linear,indexscan,0,master,worker,12,32GB,0.004,0.004,1.777,0.952
5363,linear,bitmapscan,0,prefetch-complex,sync,3,32GB,0.141,0.141,10.739,3.874
5364,linear,indexscan,0,prefetch-simple,worker,12,32GB,37.31,37.31,2082.087,469.959
5365,linear,bitmapscan,16,master,worker,12,32GB,0.002,0.002,1.728,0.92
5366,linear,indexscan,1,master,worker,3,32GB,0.006,0.006,2.032,0.993
5367,linear,bitmapscan,16,prefetch-complex,sync,3,32GB,0.006,0.006,2.322,1.182
5368,linear,indexscan,64,prefetch-complex,worker,12,32GB,47.31,47.31,1108.848,564.709
5369,linear,bitmapscan,64,prefetch-simple,io_uring,3,32GB,77.31,77.31,2324.18,1018.602
5370,linear,indexscan,1,prefetch-complex,sync,3,32GB,77.31,77.31,4263.897,915.618
5371,linear,bitmapscan,1,prefetch-complex,worker,12,32GB,0.711,0.711,49.363,13.761
5372,linear,bitmapscan,1,master,io_uring,3,32GB,0.009,0.009,2.261,1.036
5373,linear,indexscan,1,prefetch-simple,worker,3,32GB,67.31,67.31,4161.569,762.375
5374,linear,bitmapscan,0,master,worker,12,32GB,0.001,0.001,1.506,0.912
5375,linear,bitmapscan,16,prefetch-complex,sync,3,32GB,2.398,2.398,61.567,36.02
5376,linear,bitmapscan,1,prefetch-simple,worker,3,32GB,12.138,12.138,778.865,163.768
5377,linear,indexscan,0,master,worker,12,32GB,0.013,0.013,2.686,1.12
5378,linear,indexscan,16,master,worker,3,32GB,0.009,0.009,2.348,1.153
5379,linear,bitmapscan,64,prefetch-complex,sync,3,32GB,0.009,0.009,2.514,1.317
5380,linear,bitmapscan,1,prefetch-simple,worker,3,32GB,0.042,0.042,4.38,1.709
5381,linear,bitmapscan,0,prefetch-complex,worker,12,32GB,0.001,0.001,7.086,1.214
5382,linear,indexscan,64,master,worker,3,32GB,0.004,0.004,1.848,0.94
5383,linear,indexscan,0,prefetch-complex,io_uring,3,32GB,5.395,5.395,316.617,77.568
5384,linear,bitmapscan,16,master,worker,3,32GB,0.316,0.316,10.537,6.106
5385,linear,indexscan,16,master,worker,3,32GB,0.094,0.094,8.888,2.707
5386,linear,indexscan,0,prefetch-complex,worker,12,32GB,87.31,87.31,4774.987,1073.484
5387,linear,indexscan,0,prefetch-complex,io_uring,3,32GB,0.002,0.002,1.893,1.067
5388,linear,indexscan,1,prefetch-simple,worker,3,32GB,3.597,3.597,260.767,45.169
5389,linear,bitmapscan,64,master,io_uring,3,32GB,77.31,77.31,2316.569,1017.152
5390,linear,bitmapscan,0,prefetch-complex,worker,12,32GB,57.31,57.31,3238.658,844.531
5391,linear,indexscan,0,prefetch-simple,worker,3,32GB,18.207,18.207,995.964,225.571
5392,linear,bitmapscan,64,prefetch-simple,sync,3,32GB,0.002,0.002,1.823,0.983
5393,linear,bitmapscan,16,prefetch-complex,worker,12,32GB,0.063,0.063,4.089,2.327
5394,linear,bitmapscan,64,prefetch-complex,sync,3,32GB,5.395,5.395,157.559,81.752
5395,linear,bitmapscan,0,master,sync,3,32GB,0.094,0.094,8.008,2.741
5396,linear,bitmapscan,0,master,sync,3,32GB,0.002,0.002,1.603,0.908
5397,linear,indexscan,1,master,sync,3,32GB,77.31,77.31,4680.78,878.612
5398,linear,bitmapscan,0,prefetch-simple,worker,3,32GB,0.013,0.013,2.604,1.142
5399,linear,bitmapscan,64,master,worker,3,32GB,77.31,77.31,2331.78,1031.237
5400,linear,bitmapscan,1,prefetch-simple,worker,3,32GB,0.028,0.028,3.925,1.477
5401,linear,indexscan,0,prefetch-complex,worker,3,32GB,77.31,77.31,4167.015,944.301
5402,linear,indexscan,64,prefetch-simple,worker,3,32GB,0.063,0.063,6.095,2.176
5403,linear,indexscan,1,prefetch-simple,worker,3,32GB,0.019,0.019,3.206,1.25
5404,linear,bitmapscan,1,master,worker,12,32GB,18.207,18.207,1110.091,248.395
5405,linear,bitmapscan,1,master,io_uring,3,32GB,0.094,0.094,8.668,2.72
5406,linear,bitmapscan,0,prefetch-complex,worker,12,32GB,77.31,77.31,4332.673,1130.97
5407,linear,indexscan,0,master,worker,12,32GB,5.395,5.395,394.136,67.722
5408,linear,bitmapscan,64,prefetch-complex,sync,3,32GB,0.028,0.028,3.396,1.656
5409,linear,indexscan,64,prefetch-simple,io_uring,3,32GB,0.094,0.094,7.592,2.613
5410,linear,indexscan,1,prefetch-simple,worker,12,32GB,1.066,1.066,78.042,15.186
5411,linear,bitmapscan,16,prefetch-simple,worker,3,32GB,0.009,0.009,2.342,1.119
5412,linear,bitmapscan,16,prefetch-simple,worker,3,32GB,0.006,0.006,2.216,1.043
5413,linear,bitmapscan,1,master,worker,3,32GB,0.141,0.141,11.174,3.511
5414,linear,bitmapscan,64,prefetch-simple,worker,3,32GB,47.31,47.31,1347.553,625.068
5415,linear,indexscan,0,prefetch-complex,sync,3,32GB,97.31,97.31,5235.167,1176.704
5416,linear,indexscan,16,prefetch-simple,io_uring,3,32GB,0.711,0.711,44.004,11.294
5417,linear,bitmapscan,1,prefetch-simple,worker,3,32GB,18.207,18.207,1053.326,244.539
5418,linear,bitmapscan,64,prefetch-simple,io_uring,3,32GB,0.001,0.001,1.655,0.977
5419,linear,indexscan,16,prefetch-complex,worker,12,32GB,37.31,37.31,817.492,442.994
5420,linear,indexscan,16,master,worker,12,32GB,0.316,0.316,23.897,6.269
5421,linear,indexscan,64,prefetch-complex,worker,3,32GB,18.207,18.207,296.39,218.162
5422,linear,bitmapscan,16,master,sync,3,32GB,18.207,18.207,432.545,243.754
5423,linear,indexscan,1,master,worker,12,32GB,1.599,1.599,100.221,21.516
5424,linear,bitmapscan,64,prefetch-complex,worker,3,32GB,0.094,0.094,4.952,2.92
5425,linear,bitmapscan,1,master,sync,3,32GB,0.474,0.474,32.176,8.462
5426,linear,bitmapscan,16,prefetch-complex,worker,3,32GB,0.063,0.063,4.142,2.438
5427,linear,indexscan,0,master,worker,12,32GB,0.316,0.316,468.958,6.315
5428,linear,indexscan,1,prefetch-simple,io_uring,3,32GB,1.066,1.066,68.24,15.354
5429,linear,bitmapscan,16,prefetch-simple,worker,3,32GB,0.004,0.004,2.436,0.97
5430,linear,bitmapscan,1,prefetch-simple,sync,3,32GB,47.31,47.31,2673.364,630.367
5431,linear,bitmapscan,64,prefetch-complex,worker,12,32GB,0.042,0.042,3.494,1.933
5432,linear,indexscan,0,master,worker,3,32GB,37.31,37.31,2245.843,427.343
5433,linear,indexscan,64,prefetch-complex,worker,3,32GB,0.063,0.063,4.006,2.359
5434,linear,indexscan,1,prefetch-complex,io_uring,3,32GB,37.31,37.31,2113.481,444.11
5435,linear,bitmapscan,0,prefetch-complex,io_uring,3,32GB,5.395,5.395,359.543,84.245
5436,linear,indexscan,0,master,worker,3,32GB,2.398,2.398,185.69,31.353
5437,linear,bitmapscan,16,prefetch-simple,worker,3,32GB,0.003,0.003,3.905,1.004
5438,linear,bitmapscan,64,prefetch-complex,worker,12,32GB,0.211,0.211,7.996,5.082
5439,linear,indexscan,64,master,worker,12,32GB,0.063,0.063,6.211,2.01
5440,linear,bitmapscan,64,master,io_uring,3,32GB,0.013,0.013,2.649,1.13
5441,linear,indexscan,1,prefetch-complex,worker,12,32GB,37.31,37.31,2089.881,444.888
5442,linear,indexscan,1,prefetch-complex,worker,3,32GB,1.599,1.599,100.853,22.938
5443,linear,indexscan,64,prefetch-complex,io_uring,3,32GB,27.31,27.31,519.089,328.429
5444,linear,indexscan,64,master,io_uring,3,32GB,0.042,0.042,4.563,1.642
5445,linear,indexscan,16,master,io_uring,3,32GB,0.006,0.006,2.468,0.996
5446,linear,bitmapscan,0,prefetch-simple,worker,12,32GB,1.066,1.066,61.822,16.581
5447,linear,indexscan,64,prefetch-simple,worker,3,32GB,0.006,0.006,2.268,1.047
5448,linear,indexscan,16,master,worker,3,32GB,0.042,0.042,7.946,1.829
5449,linear,bitmapscan,0,prefetch-simple,sync,3,32GB,0.001,0.001,5.626,0.935
5450,linear,indexscan,16,prefetch-simple,sync,3,32GB,0.004,0.004,2.292,0.991
5451,linear,bitmapscan,16,prefetch-simple,worker,3,32GB,0.094,0.094,4.604,2.765
5452,linear,indexscan,1,master,worker,3,32GB,0.019,0.019,3.01,1.291
5453,linear,bitmapscan,64,prefetch-complex,worker,12,32GB,18.207,18.207,437.514,267.857
5454,linear,bitmapscan,16,prefetch-complex,sync,3,32GB,0.019,0.019,2.965,1.481
5455,linear,bitmapscan,1,master,worker,12,32GB,0.063,0.063,5.915,2.047
5456,linear,indexscan,16,prefetch-complex,sync,3,32GB,2.398,2.398,42.634,31.838
5457,linear,bitmapscan,64,prefetch-complex,worker,3,32GB,57.31,57.31,1698.57,840.412
5458,linear,indexscan,1,prefetch-complex,io_uring,3,32GB,0.063,0.063,19.219,2.588
5459,linear,indexscan,1,master,sync,3,32GB,0.002,0.002,1.554,0.917
5460,linear,indexscan,0,master,io_uring,3,32GB,0.063,0.063,6.503,2.804
5461,linear,bitmapscan,16,prefetch-complex,worker,12,32GB,0.028,0.028,3.253,1.598
5462,linear,bitmapscan,64,prefetch-complex,worker,12,32GB,3.597,3.597,84.471,53.214
5463,linear,bitmapscan,0,master,worker,3,32GB,47.31,47.31,2635.8,639.697
5464,linear,indexscan,1,master,worker,3,32GB,5.395,5.395,338.252,68.153
5465,linear,indexscan,64,master,io_uring,3,32GB,8.092,8.092,530.43,97.043
5466,linear,indexscan,1,master,io_uring,3,32GB,0.141,0.141,12.062,3.356
5467,linear,bitmapscan,0,prefetch-simple,io_uring,3,32GB,87.31,87.31,4810.26,1185.791
5468,linear,indexscan,64,prefetch-complex,io_uring,3,32GB,0.002,0.002,2.013,1.091
5469,linear,bitmapscan,1,prefetch-complex,worker,12,32GB,0.042,0.042,4.542,1.942
5470,linear,bitmapscan,0,prefetch-simple,worker,12,32GB,0.003,0.003,1.668,1.005
5471,linear,indexscan,1,prefetch-complex,io_uring,3,32GB,0.009,0.009,2.429,1.234
5472,linear,bitmapscan,16,prefetch-complex,io_uring,3,32GB,1.066,1.066,27.407,19.004
5473,linear,bitmapscan,1,prefetch-complex,worker,3,32GB,1.066,1.066,70.569,18.046
5474,linear,bitmapscan,64,master,worker,12,32GB,0.711,0.711,36.171,11.936
5475,linear,indexscan,64,prefetch-simple,sync,3,32GB,0.042,0.042,4.757,1.761
5476,linear,indexscan,16,master,worker,3,32GB,3.597,3.597,225.58,47.402
5477,linear,indexscan,1,prefetch-simple,io_uring,3,32GB,0.019,0.019,3.132,1.283
5478,linear,indexscan,0,prefetch-simple,worker,3,32GB,0.006,0.006,2.065,0.998
5479,linear,bitmapscan,1,prefetch-complex,worker,12,32GB,0.003,0.003,2.071,1.171
5480,linear,bitmapscan,1,prefetch-simple,worker,3,32GB,0.001,0.001,1.617,0.949
5481,linear,bitmapscan,1,prefetch-simple,worker,12,32GB,0.004,0.004,2.07,0.959
5482,linear,indexscan,64,master,io_uring,3,32GB,87.31,87.31,5190.668,990.297
5483,linear,indexscan,16,prefetch-complex,worker,3,32GB,0.019,0.019,2.933,1.435
5484,linear,indexscan,1,master,sync,3,32GB,67.31,67.31,4071.332,769.343
5485,linear,bitmapscan,16,prefetch-simple,worker,3,32GB,0.211,0.211,8.982,5.032
5486,linear,indexscan,0,prefetch-simple,worker,12,32GB,47.31,47.31,2544.883,570.597
5487,linear,bitmapscan,0,prefetch-complex,worker,12,32GB,0.094,0.094,8.165,3.063
5488,linear,bitmapscan,16,master,io_uring,3,32GB,97.31,97.31,3007.193,1281.561
5489,linear,indexscan,1,prefetch-complex,sync,3,32GB,0.003,0.003,2.266,1.177
5490,linear,indexscan,0,prefetch-simple,worker,3,32GB,5.395,5.395,289.992,67.291
5491,linear,bitmapscan,64,prefetch-simple,worker,3,32GB,0.006,0.006,2.256,1.057
5492,linear,bitmapscan,64,prefetch-simple,sync,3,32GB,0.006,0.006,3.096,1.045
5493,linear,bitmapscan,1,prefetch-complex,worker,12,32GB,0.001,0.001,1.718,1.146
5494,linear,indexscan,1,master,io_uring,3,32GB,47.31,47.31,2944.317,545.816
5495,linear,indexscan,16,master,worker,12,32GB,67.31,67.31,4078.15,773.874
5496,linear,indexscan,16,prefetch-complex,io_uring,3,32GB,0.003,0.003,2.055,1.317
5497,linear,bitmapscan,16,prefetch-simple,sync,3,32GB,18.207,18.207,414.06,248.198
5498,linear,indexscan,64,master,worker,3,32GB,0.094,0.094,8.911,2.596
5499,linear,bitmapscan,16,prefetch-complex,io_uring,3,32GB,0.003,0.003,2.998,1.133
5500,linear,bitmapscan,1,master,io_uring,3,32GB,1.066,1.066,67.626,16.706
5501,linear,bitmapscan,16,prefetch-simple,worker,3,32GB,47.31,47.31,1296.422,627.894
5502,linear,indexscan,16,prefetch-simple,worker,12,32GB,0.028,0.028,8.949,1.483
5503,linear,bitmapscan,0,master,io_uring,3,32GB,97.31,97.31,5317.434,1309.331
5504,linear,bitmapscan,16,master,io_uring,3,32GB,0.028,0.028,3.412,1.425
5505,linear,bitmapscan,1,prefetch-simple,worker,12,32GB,0.001,0.001,1.842,0.931
5506,linear,bitmapscan,1,prefetch-simple,io_uring,3,32GB,0.009,0.009,2.252,1.083
5507,linear,bitmapscan,16,prefetch-complex,sync,3,32GB,27.31,27.31,702.832,394.086
5508,linear,bitmapscan,1,master,io_uring,3,32GB,1.599,1.599,99.67,24.545
5509,linear,indexscan,1,prefetch-simple,worker,12,32GB,2.398,2.398,175.963,31.133
5510,linear,bitmapscan,1,prefetch-simple,worker,3,32GB,3.597,3.597,222.849,49.819
5511,linear,indexscan,0,prefetch-simple,worker,3,32GB,0.474,0.474,29.298,8.191
5512,linear,bitmapscan,0,prefetch-complex,worker,3,32GB,0.211,0.211,14.794,5.092
5513,linear,bitmapscan,64,prefetch-complex,io_uring,3,32GB,0.474,0.474,16.347,9.053
5514,linear,indexscan,0,prefetch-complex,worker,3,32GB,87.31,87.31,4610.55,1062.913
5515,linear,bitmapscan,16,prefetch-complex,sync,3,32GB,0.028,0.028,3.216,1.643
5516,linear,indexscan,0,prefetch-complex,io_uring,3,32GB,0.019,0.019,3.059,1.404
5517,linear,bitmapscan,64,prefetch-complex,worker,3,32GB,0.474,0.474,14.975,9.27
5518,linear,indexscan,1,prefetch-simple,worker,12,32GB,8.092,8.092,555,96.091
5519,linear,indexscan,0,prefetch-simple,io_uring,3,32GB,0.001,0.001,1.445,0.899
5520,linear,indexscan,64,prefetch-complex,io_uring,3,32GB,0.211,0.211,7.798,4.723
5521,linear,indexscan,16,prefetch-complex,worker,12,32GB,0.042,0.042,3.441,2.315
5522,linear,bitmapscan,16,master,io_uring,3,32GB,0.063,0.063,3.954,2.084
5523,linear,indexscan,64,prefetch-simple,sync,3,32GB,0.063,0.063,5.966,2.055
5524,linear,bitmapscan,1,master,worker,12,32GB,37.31,37.31,2350.703,499.932
5525,linear,indexscan,1,prefetch-simple,worker,3,32GB,0.013,0.013,2.684,1.105
5526,linear,indexscan,0,prefetch-simple,io_uring,3,32GB,37.31,37.31,2005.495,441.181
5527,linear,bitmapscan,1,prefetch-complex,sync,3,32GB,0.316,0.316,23.144,6.995
5528,linear,indexscan,0,prefetch-simple,worker,3,32GB,97.31,97.31,5142.763,1135.308
5529,linear,indexscan,0,prefetch-simple,sync,3,32GB,0.013,0.013,2.607,1.134
5530,linear,indexscan,0,prefetch-simple,worker,12,32GB,77.31,77.31,4134.047,906.828
5531,linear,indexscan,64,prefetch-simple,io_uring,3,32GB,8.092,8.092,454.455,98.893
5532,linear,bitmapscan,1,prefetch-simple,io_uring,3,32GB,8.092,8.092,468.852,109.161
5533,linear,bitmapscan,64,prefetch-simple,worker,3,32GB,0.001,0.001,1.694,0.944
5534,linear,indexscan,1,prefetch-complex,io_uring,3,32GB,67.31,67.31,3725.903,794.577
5535,linear,bitmapscan,0,prefetch-simple,worker,12,32GB,0.094,0.094,8.156,2.766
5536,linear,bitmapscan,16,prefetch-complex,io_uring,3,32GB,97.31,97.31,3053.434,1399.489
5537,linear,bitmapscan,64,prefetch-simple,worker,12,32GB,0.009,0.009,2.356,1.124
5538,linear,bitmapscan,16,master,worker,12,32GB,57.31,57.31,1620.369,758.764
5539,linear,bitmapscan,16,master,io_uring,3,32GB,67.31,67.31,1995.6,887.753
5540,linear,indexscan,1,master,worker,12,32GB,1.066,1.066,71.943,16.869
5541,linear,bitmapscan,64,prefetch-complex,sync,3,32GB,0.316,0.316,10.219,6.77
5542,linear,indexscan,64,master,sync,3,32GB,3.597,3.597,213.5,44.968
5543,linear,bitmapscan,16,prefetch-complex,io_uring,3,32GB,0.141,0.141,6.322,3.885
5544,linear,bitmapscan,64,prefetch-complex,sync,3,32GB,8.092,8.092,229.372,116.783
5545,linear,indexscan,16,prefetch-simple,worker,12,32GB,37.31,37.31,2013.749,426.383
5546,linear,indexscan,1,prefetch-complex,sync,3,32GB,0.009,0.009,2.54,1.294
5547,linear,indexscan,16,master,worker,3,32GB,1.599,1.599,111.287,21.179
5548,linear,bitmapscan,64,prefetch-complex,worker,12,32GB,12.138,12.138,272.119,176.495
5549,linear,bitmapscan,64,prefetch-complex,sync,3,32GB,2.398,2.398,57.332,36.184
5550,linear,indexscan,64,prefetch-complex,worker,12,32GB,0.094,0.094,4.77,3.356
5551,linear,indexscan,1,prefetch-complex,sync,3,32GB,0.042,0.042,4.772,1.973
5552,linear,bitmapscan,1,prefetch-complex,worker,12,32GB,0.028,0.028,3.938,1.622
5553,linear,indexscan,16,prefetch-simple,worker,12,32GB,0.001,0.001,1.651,0.884
5554,linear,bitmapscan,0,prefetch-complex,worker,12,32GB,0.042,0.042,4.636,1.95
5555,linear,indexscan,16,prefetch-simple,sync,3,32GB,1.599,1.599,91.056,21.696
5556,linear,bitmapscan,1,prefetch-complex,io_uring,3,32GB,0.006,0.006,2.289,1.129
5557,linear,bitmapscan,0,prefetch-simple,worker,12,32GB,0.063,0.063,5.998,2.136
5558,linear,bitmapscan,0,prefetch-simple,sync,3,32GB,0.094,0.094,7.825,2.74
5559,linear,bitmapscan,64,prefetch-simple,worker,12,32GB,37.31,37.31,951.666,490.177
5560,linear,bitmapscan,1,master,worker,12,32GB,0.042,0.042,4.866,1.758
5561,linear,indexscan,16,prefetch-simple,io_uring,3,32GB,0.141,0.141,23.719,3.325
5562,linear,indexscan,64,prefetch-complex,worker,3,32GB,0.094,0.094,4.791,2.738
5563,linear,bitmapscan,0,master,sync,3,32GB,0.004,0.004,1.776,0.945
5564,linear,bitmapscan,1,master,sync,3,32GB,1.066,1.066,60.401,16.338
5565,linear,bitmapscan,16,master,worker,12,32GB,12.138,12.138,275.796,165.653
5566,linear,bitmapscan,64,prefetch-simple,worker,12,32GB,0.028,0.028,3.075,1.482
5567,linear,bitmapscan,16,prefetch-complex,worker,12,32GB,0.211,0.211,9.213,5.091
5568,linear,indexscan,0,prefetch-complex,worker,12,32GB,0.004,0.004,1.963,1.125
5569,linear,indexscan,1,prefetch-complex,io_uring,3,32GB,12.138,12.138,677.372,148.507
5570,linear,indexscan,1,prefetch-complex,worker,3,32GB,0.711,0.711,49.096,11.799
5571,linear,bitmapscan,64,prefetch-simple,worker,3,32GB,67.31,67.31,1946.939,890.629
5572,linear,bitmapscan,16,prefetch-simple,sync,3,32GB,0.028,0.028,3.281,1.476
5573,linear,indexscan,64,prefetch-complex,sync,3,32GB,0.019,0.019,2.714,1.434
5574,linear,bitmapscan,16,prefetch-simple,worker,12,32GB,0.028,0.028,3.037,1.456
5575,linear,bitmapscan,16,prefetch-complex,io_uring,3,32GB,87.31,87.31,2721.867,1250.154
5576,linear,bitmapscan,16,prefetch-complex,worker,12,32GB,87.31,87.31,2716.023,1256.542
5577,linear,bitmapscan,64,master,worker,12,32GB,47.31,47.31,1357.676,634.061
5578,linear,indexscan,64,master,worker,3,32GB,87.31,87.31,5348.276,994.365
5579,linear,indexscan,0,prefetch-simple,io_uring,3,32GB,0.211,0.211,14.86,4.558
5580,linear,indexscan,0,prefetch-complex,sync,3,32GB,0.006,0.006,2.158,1.183
5581,linear,bitmapscan,1,master,worker,12,32GB,3.597,3.597,215.678,49.189
5582,linear,bitmapscan,16,master,worker,3,32GB,12.138,12.138,290.6,167.065
5583,linear,indexscan,1,prefetch-simple,io_uring,3,32GB,0.001,0.001,1.601,0.881
5584,linear,indexscan,16,prefetch-complex,sync,3,32GB,8.092,8.092,157.286,101.445
5585,linear,indexscan,64,prefetch-complex,worker,3,32GB,8.092,8.092,160.761,100.306
5586,linear,bitmapscan,1,prefetch-simple,worker,12,32GB,18.207,18.207,1131.153,246.975
5587,linear,indexscan,16,prefetch-simple,io_uring,3,32GB,0.003,0.003,1.856,0.938
5588,linear,indexscan,16,prefetch-complex,worker,12,32GB,8.092,8.092,138.357,101.644
5589,linear,indexscan,1,prefetch-complex,sync,3,32GB,87.31,87.31,4879.984,1045.539
5590,linear,indexscan,1,master,sync,3,32GB,1.066,1.066,104.883,15.939
5591,linear,indexscan,1,master,sync,3,32GB,0.211,0.211,16.332,4.693
5592,linear,bitmapscan,1,prefetch-simple,worker,12,32GB,8.092,8.092,485.664,107.797
5593,linear,indexscan,1,prefetch-complex,io_uring,3,32GB,2.398,2.398,148.481,32.452
5594,linear,indexscan,64,prefetch-complex,sync,3,32GB,0.009,0.009,2.395,1.262
5595,linear,indexscan,16,master,sync,3,32GB,0.003,0.003,1.701,0.904
5596,linear,indexscan,16,prefetch-simple,io_uring,3,32GB,5.395,5.395,284.635,66.129
5597,linear,indexscan,16,prefetch-simple,sync,3,32GB,67.31,67.31,3758.792,759.99
5598,linear,bitmapscan,1,prefetch-complex,io_uring,3,32GB,27.31,27.31,1687.699,400.267
5599,linear,bitmapscan,0,master,io_uring,3,32GB,0.006,0.006,2.036,0.988
5600,linear,indexscan,16,prefetch-simple,sync,3,32GB,0.006,0.006,2.146,1.014
5601,linear,indexscan,1,master,worker,12,32GB,0.004,0.004,1.851,0.941
5602,linear,indexscan,1,master,io_uring,3,32GB,0.474,0.474,31.972,7.961
5603,linear,indexscan,1,prefetch-complex,worker,3,32GB,0.004,0.004,1.954,1.135
5604,linear,indexscan,0,prefetch-complex,io_uring,3,32GB,0.003,0.003,1.732,1.067
5605,linear,bitmapscan,64,prefetch-simple,io_uring,3,32GB,0.004,0.004,2.22,1.29
5606,linear,indexscan,1,prefetch-complex,io_uring,3,32GB,0.002,0.002,2.584,1.214
5607,linear,indexscan,64,prefetch-complex,worker,12,32GB,0.141,0.141,5.797,3.598
5608,linear,indexscan,16,prefetch-simple,worker,3,32GB,67.31,67.31,3657.148,766.858
5609,linear,indexscan,16,prefetch-complex,sync,3,32GB,0.001,0.001,1.825,1.104
5610,linear,bitmapscan,1,master,worker,3,32GB,1.066,1.066,74.453,16.758
5611,linear,indexscan,16,master,worker,3,32GB,0.004,0.004,1.835,0.939
5612,linear,bitmapscan,16,prefetch-simple,worker,12,32GB,0.211,0.211,8.011,4.782
5613,linear,indexscan,1,master,worker,3,32GB,0.001,0.001,1.478,0.927
5614,linear,bitmapscan,16,prefetch-simple,io_uring,3,32GB,27.31,27.31,648.329,361.833
5615,linear,bitmapscan,1,prefetch-simple,io_uring,3,32GB,27.31,27.31,1518.511,365.839
5616,linear,indexscan,1,prefetch-complex,worker,12,32GB,0.004,0.004,1.991,1.087
5617,linear,indexscan,1,prefetch-simple,io_uring,3,32GB,0.004,0.004,1.904,0.953
5618,linear,indexscan,0,prefetch-simple,io_uring,3,32GB,0.013,0.013,2.661,1.156
5619,linear,indexscan,16,prefetch-complex,sync,3,32GB,0.042,0.042,3.471,1.862
5620,linear,indexscan,1,prefetch-complex,worker,3,32GB,87.31,87.31,4765.371,1031.144
5621,linear,bitmapscan,64,master,worker,3,32GB,0.094,0.094,4.896,2.705
5622,linear,indexscan,0,prefetch-simple,io_uring,3,32GB,67.31,67.31,3655.288,790.568
5623,linear,bitmapscan,0,master,worker,12,32GB,0.094,0.094,7.694,2.673
5624,linear,indexscan,0,master,worker,3,32GB,27.31,27.31,1623.564,316.597
5625,linear,bitmapscan,1,prefetch-complex,sync,3,32GB,0.042,0.042,5.114,2.029
5626,linear,bitmapscan,16,prefetch-complex,worker,3,32GB,0.141,0.141,6.145,3.859
5627,linear,indexscan,0,master,sync,3,32GB,0.013,0.013,2.746,1.376
5628,linear,bitmapscan,0,prefetch-simple,worker,12,32GB,0.316,0.316,20.798,6.438
5629,linear,bitmapscan,16,prefetch-complex,worker,3,32GB,0.009,0.009,2.35,1.215
5630,linear,bitmapscan,16,prefetch-simple,worker,3,32GB,12.138,12.138,301.695,166.182
5631,linear,bitmapscan,16,prefetch-simple,worker,3,32GB,87.31,87.31,2666.12,1145.156
5632,linear,indexscan,64,prefetch-complex,io_uring,3,32GB,1.066,1.066,27.819,16.036
5633,linear,indexscan,0,prefetch-complex,io_uring,3,32GB,0.141,0.141,10.901,4.237
5634,linear,indexscan,16,master,sync,3,32GB,0.013,0.013,2.494,1.156
5635,linear,indexscan,1,master,worker,3,32GB,0.211,0.211,21.291,4.43
5636,linear,bitmapscan,1,prefetch-simple,io_uring,3,32GB,0.063,0.063,6.057,2.084
5637,linear,bitmapscan,64,prefetch-complex,io_uring,3,32GB,27.31,27.31,673.214,392.886
5638,linear,bitmapscan,1,prefetch-simple,worker,12,32GB,0.006,0.006,2.18,1.103
5639,linear,bitmapscan,1,prefetch-simple,sync,3,32GB,0.009,0.009,2.498,1.055
5640,linear,bitmapscan,16,master,sync,3,32GB,0.141,0.141,8.468,3.645
5641,linear,indexscan,64,prefetch-complex,worker,12,32GB,0.316,0.316,10.272,7.026
5642,linear,bitmapscan,1,prefetch-simple,io_uring,3,32GB,0.001,0.001,1.614,0.907
5643,linear,indexscan,1,prefetch-simple,io_uring,3,32GB,18.207,18.207,1156.327,211.04
5644,linear,indexscan,1,master,worker,3,32GB,0.063,0.063,6.464,2.222
5645,linear,bitmapscan,16,prefetch-complex,worker,3,32GB,47.31,47.31,1334.926,683.729
5646,linear,bitmapscan,0,prefetch-simple,sync,3,32GB,77.31,77.31,4245.741,1043.738
5647,linear,indexscan,1,prefetch-simple,worker,12,32GB,47.31,47.31,3012.125,546.696
5648,linear,bitmapscan,16,prefetch-complex,worker,3,32GB,0.013,0.013,2.878,1.369
5649,linear,bitmapscan,0,prefetch-complex,worker,3,32GB,1.599,1.599,91.864,26.177
5650,linear,bitmapscan,64,prefetch-simple,worker,12,32GB,97.31,97.31,2977.447,1288.954
5651,linear,bitmapscan,1,master,sync,3,32GB,0.019,0.019,3.047,1.274
5652,linear,bitmapscan,1,prefetch-complex,sync,3,32GB,1.599,1.599,100.891,25.22
5653,linear,bitmapscan,16,prefetch-simple,io_uring,3,32GB,0.009,0.009,2.196,1.081
5654,linear,indexscan,0,prefetch-simple,io_uring,3,32GB,0.063,0.063,5.875,2.078
5655,linear,indexscan,1,prefetch-simple,worker,3,32GB,97.31,97.31,6034.137,1097.784
5656,linear,bitmapscan,16,prefetch-complex,worker,12,32GB,2.398,2.398,65.318,36.639
5657,linear,indexscan,64,prefetch-simple,worker,12,32GB,0.316,0.316,22.065,6.033
5658,linear,bitmapscan,1,prefetch-simple,io_uring,3,32GB,0.711,0.711,43.551,11.794
5659,linear,bitmapscan,1,master,sync,3,32GB,0.013,0.013,2.68,1.155
5660,linear,bitmapscan,1,prefetch-complex,worker,12,32GB,0.094,0.094,8.216,2.883
5661,linear,indexscan,0,prefetch-simple,sync,3,32GB,0.094,0.094,7.758,2.592
5662,linear,indexscan,0,prefetch-simple,worker,3,32GB,12.138,12.138,667.031,148.149
5663,linear,bitmapscan,0,master,worker,12,32GB,47.31,47.31,2561.784,642.951
5664,linear,bitmapscan,64,master,io_uring,3,32GB,0.009,0.009,2.44,1.208
5665,linear,indexscan,0,master,worker,12,32GB,0.211,0.211,15.816,4.296
5666,linear,indexscan,64,prefetch-complex,worker,12,32GB,18.207,18.207,339.958,223.53
5667,linear,bitmapscan,1,prefetch-simple,worker,3,32GB,57.31,57.31,3273.605,770.762
5668,linear,bitmapscan,16,prefetch-complex,sync,3,32GB,0.001,0.001,1.791,1.076
5669,linear,indexscan,0,prefetch-simple,io_uring,3,32GB,0.316,0.316,20.448,6.168
5670,linear,indexscan,16,prefetch-complex,io_uring,3,32GB,47.31,47.31,1116.449,564.059
5671,linear,indexscan,0,prefetch-simple,io_uring,3,32GB,12.138,12.138,649.373,146.33
5672,linear,bitmapscan,1,prefetch-complex,sync,3,32GB,77.31,77.31,4492.03,1106.843
5673,linear,indexscan,64,prefetch-simple,worker,12,32GB,0.141,0.141,10.659,3.516
5674,linear,indexscan,16,prefetch-complex,worker,12,32GB,1.599,1.599,29.629,22.434
5675,linear,bitmapscan,16,prefetch-complex,worker,12,32GB,0.019,0.019,2.924,1.406
5676,linear,indexscan,64,master,sync,3,32GB,0.042,0.042,4.616,1.609
5677,linear,indexscan,0,prefetch-complex,worker,12,32GB,37.31,37.31,1962.263,463.834
5678,linear,indexscan,16,prefetch-complex,io_uring,3,32GB,0.474,0.474,14.636,8.619
5679,linear,indexscan,16,prefetch-simple,worker,3,32GB,3.597,3.597,240.514,44.387
5680,linear,bitmapscan,0,master,worker,3,32GB,0.711,0.711,42.629,12.317
5681,linear,bitmapscan,16,prefetch-simple,worker,12,32GB,47.31,47.31,1317.684,626.705
5682,linear,bitmapscan,16,master,worker,12,32GB,0.001,0.001,1.672,0.893
5683,linear,bitmapscan,0,prefetch-complex,io_uring,3,32GB,27.31,27.31,1471.336,407.357
5684,linear,indexscan,16,prefetch-complex,worker,3,32GB,0.013,0.013,2.707,1.272
5685,linear,bitmapscan,1,prefetch-complex,worker,3,32GB,3.597,3.597,221.066,53.198
5686,linear,bitmapscan,1,prefetch-simple,io_uring,3,32GB,0.006,0.006,2.213,0.997
5687,linear,indexscan,1,master,io_uring,3,32GB,37.31,37.31,2262.67,427.041
5688,linear,bitmapscan,16,prefetch-complex,sync,3,32GB,0.003,0.003,2.096,1.189
5689,linear,bitmapscan,64,prefetch-complex,worker,3,32GB,97.31,97.31,3069.456,1380.919
5690,linear,indexscan,0,prefetch-complex,sync,3,32GB,0.001,0.001,1.647,1.044
5691,linear,bitmapscan,64,master,io_uring,3,32GB,12.138,12.138,287.063,167.878
5692,linear,indexscan,16,prefetch-complex,worker,12,32GB,57.31,57.31,1398.299,684.745
5693,linear,bitmapscan,64,master,sync,3,32GB,3.597,3.597,85.299,49.268
5694,linear,bitmapscan,16,prefetch-simple,worker,12,32GB,97.31,97.31,2979.823,1278.844
5695,linear,bitmapscan,64,prefetch-simple,io_uring,3,32GB,87.31,87.31,2677.031,1148.664
5696,linear,bitmapscan,16,prefetch-complex,worker,12,32GB,0.006,0.006,2.322,1.202
5697,linear,bitmapscan,1,master,worker,3,32GB,0.019,0.019,2.991,1.232
5698,linear,indexscan,0,prefetch-simple,worker,12,32GB,0.003,0.003,1.785,0.923
5699,linear,indexscan,16,master,io_uring,3,32GB,0.211,0.211,15.941,4.236
5700,linear,indexscan,1,prefetch-complex,sync,3,32GB,3.597,3.597,196.718,46.109
5701,linear,bitmapscan,16,prefetch-simple,worker,12,32GB,1.599,1.599,45.778,23.72
5702,linear,bitmapscan,1,prefetch-complex,worker,12,32GB,67.31,67.31,3858.148,985.009
5703,linear,bitmapscan,64,master,worker,3,32GB,0.002,0.002,1.66,0.899
5704,linear,indexscan,16,prefetch-simple,worker,3,32GB,18.207,18.207,1010.515,211.413
5705,linear,indexscan,1,prefetch-simple,worker,3,32GB,18.207,18.207,1166.133,210.725
5706,linear,indexscan,0,prefetch-complex,worker,12,32GB,12.138,12.138,662.73,159.048
5707,linear,indexscan,16,prefetch-simple,io_uring,3,32GB,2.398,2.398,137.764,31.193
5708,linear,bitmapscan,16,prefetch-complex,sync,3,32GB,1.066,1.066,31.326,17.786
5709,linear,indexscan,0,prefetch-complex,worker,12,32GB,18.207,18.207,975.567,226.977
5710,linear,bitmapscan,0,prefetch-complex,worker,12,32GB,47.31,47.31,2702.752,701.234
5711,linear,indexscan,64,master,worker,12,32GB,37.31,37.31,2189.647,432.272
5712,linear,indexscan,1,prefetch-simple,sync,3,32GB,0.006,0.006,2.311,1.182
5713,linear,indexscan,64,prefetch-simple,io_uring,3,32GB,18.207,18.207,1039.432,211.243
5714,linear,indexscan,64,master,sync,3,32GB,0.013,0.013,2.57,1.099
5715,linear,indexscan,1,prefetch-simple,worker,12,32GB,0.711,0.711,82.711,10.87
5716,linear,bitmapscan,16,master,worker,3,32GB,0.009,0.009,2.29,1.058
5717,linear,indexscan,16,prefetch-complex,worker,3,32GB,0.028,0.028,2.999,1.68
5718,linear,indexscan,16,prefetch-simple,sync,3,32GB,27.31,27.31,1446.924,312.945
5719,linear,bitmapscan,1,master,io_uring,3,32GB,0.003,0.003,1.978,0.937
5720,linear,bitmapscan,16,master,worker,12,32GB,18.207,18.207,415.356,244.996
5721,linear,bitmapscan,16,prefetch-complex,io_uring,3,32GB,0.013,0.013,2.69,1.31
5722,linear,indexscan,1,prefetch-simple,worker,3,32GB,57.31,57.31,3638.287,653.248
5723,linear,bitmapscan,0,master,worker,3,32GB,12.138,12.138,711.686,172.739
5724,linear,indexscan,1,prefetch-simple,worker,3,32GB,0.474,0.474,35.167,8.611
5725,linear,bitmapscan,1,master,sync,3,32GB,0.004,0.004,2.085,0.969
5726,linear,bitmapscan,64,prefetch-simple,worker,12,32GB,0.004,0.004,1.951,1.197
5727,linear,bitmapscan,1,prefetch-complex,io_uring,3,32GB,37.31,37.31,2115.251,537.91
5728,linear,indexscan,16,prefetch-simple,worker,12,32GB,0.003,0.003,1.919,0.956
5729,linear,bitmapscan,64,master,sync,3,32GB,77.31,77.31,2310.314,1031.644
5730,linear,bitmapscan,16,prefetch-simple,worker,3,32GB,0.316,0.316,12.283,6.503
5731,linear,bitmapscan,1,prefetch-complex,worker,12,32GB,0.013,0.013,2.924,1.348
5732,linear,indexscan,0,prefetch-simple,worker,3,32GB,1.599,1.599,90.046,22.249
5733,linear,bitmapscan,16,prefetch-complex,io_uring,3,32GB,0.001,0.001,1.774,1.129
5734,linear,bitmapscan,64,master,sync,3,32GB,0.028,0.028,3.359,1.748
5735,linear,bitmapscan,1,prefetch-simple,worker,12,32GB,0.019,0.019,3.103,1.255
5736,linear,indexscan,16,prefetch-simple,worker,12,32GB,0.006,0.006,2.454,1.048
5737,linear,indexscan,0,prefetch-complex,worker,12,32GB,0.316,0.316,21.132,6.577
5738,linear,bitmapscan,16,prefetch-complex,worker,12,32GB,77.31,77.31,2383.637,1118.445
5739,linear,bitmapscan,1,prefetch-complex,worker,3,32GB,0.474,0.474,33.354,9.202
5740,linear,indexscan,16,master,sync,3,32GB,47.31,47.31,2808.449,536.013
5741,linear,bitmapscan,64,prefetch-simple,io_uring,3,32GB,27.31,27.31,679.676,373.043
5742,linear,bitmapscan,16,master,sync,3,32GB,3.597,3.597,90.752,49.454
5743,linear,bitmapscan,64,master,worker,3,32GB,0.042,0.042,9.887,1.685
5744,linear,indexscan,64,prefetch-complex,io_uring,3,32GB,77.31,77.31,1980.425,902.691
5745,linear,bitmapscan,0,prefetch-simple,worker,3,32GB,0.094,0.094,7.721,2.692
5746,linear,bitmapscan,0,master,sync,3,32GB,0.316,0.316,20.226,6.33
5747,linear,bitmapscan,16,prefetch-simple,io_uring,3,32GB,0.063,0.063,4.15,2.372
5748,linear,indexscan,16,prefetch-complex,worker,12,32GB,0.474,0.474,12.06,8.325
5749,linear,bitmapscan,16,prefetch-simple,worker,3,32GB,0.001,0.001,1.667,0.896
5750,linear,indexscan,64,prefetch-complex,sync,3,32GB,0.711,0.711,18.502,11.621
5751,linear,indexscan,0,master,sync,3,32GB,0.028,0.028,3.816,1.426
5752,linear,bitmapscan,1,prefetch-complex,sync,3,32GB,0.009,0.009,2.568,1.207
5753,linear,indexscan,0,master,worker,12,32GB,77.31,77.31,4623.39,866.188
5754,linear,bitmapscan,16,prefetch-simple,io_uring,3,32GB,0.028,0.028,9.704,1.479
5755,linear,indexscan,0,prefetch-complex,worker,12,32GB,27.31,27.31,1538.024,335.061
5756,linear,bitmapscan,64,prefetch-complex,io_uring,3,32GB,67.31,67.31,2045.975,971.648
5757,linear,bitmapscan,64,prefetch-simple,worker,3,32GB,0.019,0.019,3.739,1.276
5758,linear,bitmapscan,0,prefetch-simple,worker,3,32GB,77.31,77.31,4113.711,1070.199
5759,linear,indexscan,64,prefetch-complex,io_uring,3,32GB,0.004,0.004,2.137,1.207
5760,linear,bitmapscan,1,master,sync,3,32GB,2.398,2.398,147.228,33.505
5761,linear,indexscan,0,prefetch-complex,worker,3,32GB,0.006,0.006,2.407,1.336
5762,linear,bitmapscan,64,master,worker,3,32GB,1.066,1.066,26.791,16.467
5763,linear,indexscan,16,prefetch-simple,worker,12,32GB,67.31,67.31,3590.589,754.497
5764,linear,bitmapscan,64,prefetch-simple,io_uring,3,32GB,0.009,0.009,2.486,1.137
5765,linear,bitmapscan,1,prefetch-simple,worker,12,32GB,0.002,0.002,1.851,0.941
5766,linear,bitmapscan,1,prefetch-complex,worker,3,32GB,47.31,47.31,2729.916,680.985
5767,linear,bitmapscan,1,prefetch-complex,worker,3,32GB,0.009,0.009,2.454,1.217
5768,linear,bitmapscan,64,master,worker,12,32GB,0.006,0.006,2.218,0.988
5769,linear,indexscan,0,prefetch-simple,worker,12,32GB,3.597,3.597,188.414,45.691
5770,linear,bitmapscan,16,master,worker,12,32GB,47.31,47.31,1342.643,620.891
5771,linear,bitmapscan,16,master,sync,3,32GB,0.211,0.211,19.423,4.525
5772,linear,bitmapscan,1,prefetch-simple,io_uring,3,32GB,57.31,57.31,3294.627,756.491
5773,linear,bitmapscan,0,prefetch-complex,worker,3,32GB,0.002,0.002,1.842,1.076
5774,linear,bitmapscan,0,master,io_uring,3,32GB,57.31,57.31,3178.092,763.844
5775,linear,bitmapscan,16,prefetch-simple,io_uring,3,32GB,8.092,8.092,189.88,109.902
5776,linear,bitmapscan,1,prefetch-simple,io_uring,3,32GB,2.398,2.398,163.182,33.723
5777,linear,indexscan,64,prefetch-simple,io_uring,3,32GB,0.063,0.063,6.05,2.042
5778,linear,bitmapscan,64,master,sync,3,32GB,0.094,0.094,4.468,2.625
5779,linear,indexscan,64,prefetch-complex,worker,3,32GB,67.31,67.31,1725.923,790.294
5780,linear,indexscan,0,master,worker,12,32GB,97.31,97.31,5728.727,1101.535
5781,linear,indexscan,0,prefetch-simple,io_uring,3,32GB,0.094,0.094,8.258,3.01
5782,linear,bitmapscan,64,prefetch-simple,io_uring,3,32GB,0.042,0.042,3.458,1.777
5783,linear,bitmapscan,0,master,worker,3,32GB,0.002,0.002,1.683,0.897
5784,linear,indexscan,64,prefetch-simple,sync,3,32GB,1.599,1.599,87.724,21.684
5785,linear,indexscan,0,master,sync,3,32GB,0.004,0.004,1.763,0.992
5786,linear,bitmapscan,0,master,worker,3,32GB,0.019,0.019,2.935,1.269
5787,linear,bitmapscan,64,prefetch-complex,io_uring,3,32GB,12.138,12.138,341.368,181.051
5788,linear,bitmapscan,0,prefetch-simple,worker,3,32GB,0.042,0.042,4.298,1.752
5789,linear,indexscan,64,master,worker,12,32GB,97.31,97.31,5752.924,1093.851
5790,linear,indexscan,64,prefetch-simple,sync,3,32GB,0.028,0.028,3.862,1.47
5791,linear,bitmapscan,64,prefetch-simple,worker,12,32GB,3.597,3.597,78.614,48.896
5792,linear,indexscan,0,prefetch-simple,sync,3,32GB,37.31,37.31,2025.942,449.977
5793,linear,bitmapscan,0,prefetch-simple,worker,12,32GB,0.042,0.042,4.343,1.734
5794,linear,indexscan,64,prefetch-complex,worker,12,32GB,0.063,0.063,7.857,2.25
5795,linear,bitmapscan,64,prefetch-complex,io_uring,3,32GB,0.211,0.211,7.533,5.06
5796,linear,indexscan,1,prefetch-complex,io_uring,3,32GB,57.31,57.31,3160.458,675.943
5797,linear,bitmapscan,64,prefetch-complex,sync,3,32GB,0.474,0.474,13.653,9.579
5798,linear,indexscan,0,master,worker,12,32GB,47.31,47.31,2831.936,537.449
5799,linear,bitmapscan,1,master,sync,3,32GB,0.001,0.001,1.56,0.898
5800,linear,bitmapscan,1,master,io_uring,3,32GB,5.395,5.395,316.281,73.732
5801,linear,indexscan,1,master,worker,12,32GB,0.001,0.001,1.542,0.871
5802,linear,bitmapscan,0,prefetch-simple,worker,12,32GB,12.138,12.138,685.444,175.61
5803,linear,bitmapscan,0,prefetch-simple,worker,3,32GB,0.474,0.474,31.041,9.978
5804,linear,indexscan,64,master,sync,3,32GB,0.141,0.141,12.204,4.127
5805,linear,indexscan,16,prefetch-complex,sync,3,32GB,0.063,0.063,4.533,2.581
5806,linear,bitmapscan,64,prefetch-simple,io_uring,3,32GB,1.066,1.066,54.598,17.409
5807,linear,indexscan,0,prefetch-complex,sync,3,32GB,0.211,0.211,15.122,5.601
5808,linear,indexscan,64,master,worker,12,32GB,77.31,77.31,4563.954,904.572
5809,linear,indexscan,16,master,worker,12,32GB,0.211,0.211,18.489,5.689
5810,linear,indexscan,1,master,worker,12,32GB,0.316,0.316,23.88,7.101
5811,linear,bitmapscan,1,master,sync,3,32GB,0.006,0.006,2.193,1.195
5812,linear,indexscan,1,prefetch-complex,sync,3,32GB,1.599,1.599,95.445,24.223
5813,linear,bitmapscan,16,master,worker,12,32GB,3.597,3.597,99.146,50.307
5814,linear,indexscan,0,prefetch-complex,worker,3,32GB,0.711,0.711,46.495,13.048
5815,linear,indexscan,64,master,sync,3,32GB,0.094,0.094,8.329,2.517
5816,linear,indexscan,1,master,sync,3,32GB,12.138,12.138,766.185,141.212
5817,linear,bitmapscan,1,master,worker,12,32GB,47.31,47.31,2854.684,624.271
5818,linear,bitmapscan,0,prefetch-simple,io_uring,3,32GB,0.063,0.063,6.057,2.298
5819,linear,bitmapscan,16,prefetch-complex,worker,12,32GB,67.31,67.31,2087.219,977.109
5820,linear,bitmapscan,16,prefetch-simple,worker,12,32GB,5.395,5.395,127.52,74.807
5821,linear,indexscan,64,prefetch-complex,io_uring,3,32GB,8.092,8.092,147.053,101.946
5822,linear,bitmapscan,64,master,io_uring,3,32GB,47.31,47.31,1337.088,629.509
5823,linear,bitmapscan,0,master,io_uring,3,32GB,0.094,0.094,7.867,3.044
5824,linear,bitmapscan,64,prefetch-complex,io_uring,3,32GB,3.597,3.597,99.834,53.353
5825,linear,bitmapscan,64,master,sync,3,32GB,12.138,12.138,288.409,166.478
5826,linear,indexscan,0,master,sync,3,32GB,0.063,0.063,6.29,2.062
5827,linear,bitmapscan,16,master,worker,12,32GB,0.042,0.042,3.483,1.728
5828,linear,indexscan,16,prefetch-complex,sync,3,32GB,0.211,0.211,7.447,4.74
5829,linear,bitmapscan,1,prefetch-simple,worker,3,32GB,2.398,2.398,142.312,36.568
5830,linear,bitmapscan,0,prefetch-complex,sync,3,32GB,0.094,0.094,9.359,3.822
5831,linear,bitmapscan,0,prefetch-complex,worker,12,32GB,0.316,0.316,21.877,7.14
5832,linear,indexscan,1,prefetch-simple,sync,3,32GB,1.066,1.066,80.557,15.837
5833,linear,indexscan,0,prefetch-complex,io_uring,3,32GB,0.009,0.009,2.326,1.26
5834,linear,bitmapscan,16,master,io_uring,3,32GB,0.009,0.009,2.406,1.215
5835,linear,indexscan,16,master,worker,3,32GB,47.31,47.31,2884.392,545.055
5836,linear,indexscan,64,prefetch-simple,sync,3,32GB,18.207,18.207,1071.893,211.466
5837,linear,indexscan,1,prefetch-simple,io_uring,3,32GB,0.316,0.316,24.584,5.783
5838,linear,indexscan,16,prefetch-simple,sync,3,32GB,57.31,57.31,3076.681,655.384
5839,linear,bitmapscan,1,prefetch-simple,io_uring,3,32GB,0.042,0.042,4.633,1.745
5840,linear,bitmapscan,16,prefetch-complex,sync,3,32GB,8.092,8.092,189.886,117.989
5841,linear,bitmapscan,16,master,sync,3,32GB,0.001,0.001,1.677,0.964
5842,linear,indexscan,1,master,worker,12,32GB,0.002,0.002,1.541,0.9
5843,linear,indexscan,64,master,worker,3,32GB,3.597,3.597,228.805,48.08
5844,linear,indexscan,0,prefetch-complex,worker,12,32GB,67.31,67.31,3588.046,824.632
5845,linear,bitmapscan,1,prefetch-complex,io_uring,3,32GB,0.013,0.013,2.934,1.291
5846,linear,indexscan,1,prefetch-complex,io_uring,3,32GB,0.316,0.316,21.368,6.285
5847,linear,bitmapscan,0,master,sync,3,32GB,0.001,0.001,1.465,0.929
5848,linear,indexscan,1,prefetch-simple,io_uring,3,32GB,0.013,0.013,2.759,1.135
5849,linear,bitmapscan,16,prefetch-complex,sync,3,32GB,0.141,0.141,6.318,3.969
5850,linear,indexscan,16,prefetch-simple,worker,3,32GB,0.019,0.019,3.273,1.298
5851,linear,indexscan,64,prefetch-complex,worker,3,32GB,57.31,57.31,1409.435,684
5852,linear,bitmapscan,1,master,sync,3,32GB,0.003,0.003,2.021,1.008
5853,linear,bitmapscan,1,prefetch-simple,sync,3,32GB,0.141,0.141,10.88,3.339
5854,linear,indexscan,1,master,worker,12,32GB,3.597,3.597,253.913,44.585
5855,linear,indexscan,16,prefetch-simple,sync,3,32GB,18.207,18.207,1027.077,216.296
5856,linear,indexscan,16,prefetch-simple,worker,12,32GB,0.141,0.141,10.656,3.342
5857,linear,indexscan,16,master,worker,3,32GB,1.066,1.066,118.35,15.478
5858,linear,indexscan,16,prefetch-complex,worker,3,32GB,2.398,2.398,45.371,33.089
5859,linear,indexscan,64,master,io_uring,3,32GB,2.398,2.398,152.829,30.949
5860,linear,bitmapscan,0,master,worker,12,32GB,0.004,0.004,2.648,0.961
5861,linear,indexscan,16,master,worker,12,32GB,0.028,0.028,3.707,1.403
5862,linear,indexscan,1,prefetch-complex,worker,12,32GB,8.092,8.092,495.353,101.799
5863,linear,bitmapscan,16,master,sync,3,32GB,1.599,1.599,41.799,23.476
5864,linear,indexscan,0,master,worker,12,32GB,87.31,87.31,5319.048,989.85
5865,linear,indexscan,0,master,sync,3,32GB,1.066,1.066,82.293,15.453
5866,linear,bitmapscan,16,prefetch-complex,io_uring,3,32GB,0.042,0.042,3.538,2.007
5867,linear,bitmapscan,0,prefetch-simple,sync,3,32GB,12.138,12.138,648.76,169.294
5868,linear,indexscan,64,master,worker,3,32GB,0.042,0.042,4.539,1.672
5869,linear,bitmapscan,1,prefetch-complex,io_uring,3,32GB,67.31,67.31,4009.827,964.474
5870,linear,indexscan,16,prefetch-complex,io_uring,3,32GB,0.711,0.711,16.645,11.57
5871,linear,bitmapscan,0,master,worker,3,32GB,0.004,0.004,1.801,0.962
5872,linear,indexscan,0,prefetch-complex,sync,3,32GB,0.002,0.002,1.823,1.109
5873,linear,bitmapscan,64,prefetch-complex,io_uring,3,32GB,0.004,0.004,2.121,1.189
5874,linear,indexscan,0,prefetch-simple,worker,3,32GB,47.31,47.31,2526.344,565.124
5875,linear,indexscan,0,prefetch-simple,worker,12,32GB,5.395,5.395,349.237,72.047
5876,linear,bitmapscan,64,prefetch-complex,worker,3,32GB,0.009,0.009,2.642,1.223
5877,linear,bitmapscan,0,prefetch-complex,worker,12,32GB,2.398,2.398,137.427,38.123
5878,linear,bitmapscan,16,prefetch-simple,worker,3,32GB,0.711,0.711,18.239,11.955
5879,linear,bitmapscan,64,prefetch-complex,sync,3,32GB,0.063,0.063,4.203,2.386
5880,linear,indexscan,1,prefetch-complex,worker,3,32GB,0.002,0.002,1.848,1.067
5881,linear,bitmapscan,0,prefetch-simple,worker,12,32GB,0.002,0.002,1.723,0.948
5882,linear,indexscan,64,prefetch-complex,worker,12,32GB,0.003,0.003,1.957,1.108
5883,linear,indexscan,1,master,sync,3,32GB,0.006,0.006,2.116,0.99
5884,linear,bitmapscan,0,master,sync,3,32GB,57.31,57.31,3137.396,783.872
5885,linear,indexscan,64,prefetch-simple,worker,12,32GB,0.028,0.028,4.326,1.402
5886,linear,bitmapscan,16,master,sync,3,32GB,0.006,0.006,2.297,1.004
5887,linear,bitmapscan,64,prefetch-complex,worker,3,32GB,0.711,0.711,20.585,13.039
5888,linear,indexscan,0,master,io_uring,3,32GB,5.395,5.395,358.069,65.126
5889,linear,indexscan,16,prefetch-complex,sync,3,32GB,47.31,47.31,1113.428,564.531
5890,linear,bitmapscan,0,master,sync,3,32GB,87.31,87.31,4752.558,1196.901
5891,linear,indexscan,16,prefetch-simple,sync,3,32GB,0.001,0.001,2.636,0.963
5892,linear,bitmapscan,16,prefetch-simple,io_uring,3,32GB,47.31,47.31,1337.49,625.207
5893,linear,bitmapscan,64,prefetch-complex,worker,3,32GB,2.398,2.398,65.839,37.841
5894,linear,bitmapscan,0,prefetch-simple,io_uring,3,32GB,0.474,0.474,30.578,8.823
5895,linear,bitmapscan,1,master,worker,12,32GB,0.211,0.211,15.295,4.392
5896,linear,bitmapscan,64,master,io_uring,3,32GB,0.028,0.028,3.322,1.397
5897,linear,indexscan,64,prefetch-complex,sync,3,32GB,1.066,1.066,21.378,16.137
5898,linear,indexscan,16,prefetch-simple,io_uring,3,32GB,0.006,0.006,2.925,1.031
5899,linear,indexscan,16,prefetch-complex,worker,12,32GB,3.597,3.597,85.105,46.47
5900,linear,indexscan,0,master,io_uring,3,32GB,8.092,8.092,466.39,95.437
5901,linear,indexscan,0,prefetch-complex,worker,12,32GB,0.006,0.006,2.297,1.134
5902,linear,indexscan,0,prefetch-complex,worker,3,32GB,1.066,1.066,64.049,16.333
5903,linear,indexscan,16,prefetch-simple,io_uring,3,32GB,3.597,3.597,194.88,45.018
5904,linear,indexscan,1,prefetch-simple,io_uring,3,32GB,1.599,1.599,125.058,21.597
5905,linear,bitmapscan,64,master,io_uring,3,32GB,0.042,0.042,3.393,1.687
5906,linear,indexscan,1,prefetch-complex,worker,12,32GB,97.31,97.31,5494.052,1137.023
5907,linear,bitmapscan,64,prefetch-simple,worker,3,32GB,97.31,97.31,2990.134,1281.081
5908,linear,indexscan,64,prefetch-simple,sync,3,32GB,0.019,0.019,3.12,1.286
5909,linear,bitmapscan,16,master,worker,3,32GB,1.599,1.599,46.505,23.591
5910,linear,indexscan,1,prefetch-complex,worker,12,32GB,0.141,0.141,12.025,4.166
5911,linear,bitmapscan,64,prefetch-complex,io_uring,3,32GB,47.31,47.31,1377.586,696.3
5912,linear,indexscan,64,master,io_uring,3,32GB,12.138,12.138,802.991,146.349
5913,linear,bitmapscan,1,prefetch-simple,sync,3,32GB,0.003,0.003,1.754,1.069
5914,linear,indexscan,64,prefetch-complex,worker,12,32GB,1.066,1.066,28.466,16.043
5915,linear,bitmapscan,0,prefetch-complex,sync,3,32GB,1.599,1.599,90.191,26.063
5916,linear,indexscan,64,prefetch-simple,worker,3,32GB,97.31,97.31,5462.127,1100.314
5917,linear,indexscan,1,prefetch-complex,worker,12,32GB,67.31,67.31,3902.604,805.174
5918,linear,bitmapscan,1,prefetch-simple,sync,3,32GB,12.138,12.138,741.664,166.829
5919,linear,bitmapscan,1,prefetch-simple,sync,3,32GB,0.094,0.094,8.587,2.868
5920,linear,bitmapscan,1,master,worker,3,32GB,0.001,0.001,1.598,0.883
5921,linear,indexscan,64,master,sync,3,32GB,0.003,0.003,1.746,0.913
5922,linear,bitmapscan,0,prefetch-complex,sync,3,32GB,37.31,37.31,2061.215,555.327
5923,linear,indexscan,64,prefetch-simple,sync,3,32GB,5.395,5.395,391.53,65.354
5924,linear,indexscan,0,master,worker,12,32GB,67.31,67.31,4307.247,764.95
5925,linear,bitmapscan,0,prefetch-simple,io_uring,3,32GB,1.599,1.599,116.096,24.773
5926,linear,indexscan,0,prefetch-simple,worker,12,32GB,0.211,0.211,14.854,4.537
5927,linear,indexscan,0,master,io_uring,3,32GB,0.042,0.042,4.862,1.7
5928,linear,bitmapscan,16,prefetch-complex,worker,12,32GB,27.31,27.31,787.109,406.533
5929,linear,bitmapscan,0,master,sync,3,32GB,0.474,0.474,30.046,8.536
5930,linear,bitmapscan,0,prefetch-complex,sync,3,32GB,0.003,0.003,1.791,1.104
5931,linear,bitmapscan,16,prefetch-simple,worker,12,32GB,37.31,37.31,1004.925,496.828
5932,linear,indexscan,1,prefetch-simple,sync,3,32GB,1.599,1.599,113.888,22.023
5933,linear,bitmapscan,16,master,worker,3,32GB,3.597,3.597,83.866,50.183
5934,linear,indexscan,1,master,sync,3,32GB,0.001,0.001,1.54,0.871
5935,linear,indexscan,16,prefetch-simple,worker,3,32GB,0.001,0.001,1.445,0.885
5936,linear,bitmapscan,64,prefetch-simple,io_uring,3,32GB,47.31,47.31,1300.404,625.96
5937,linear,indexscan,16,master,worker,12,32GB,0.063,0.063,6.225,2.13
5938,linear,indexscan,1,prefetch-complex,sync,3,32GB,12.138,12.138,712.316,147.075
5939,linear,indexscan,64,prefetch-simple,worker,12,32GB,37.31,37.31,2037.742,432.967
5940,linear,indexscan,16,master,worker,12,32GB,47.31,47.31,2827.525,544.067
5941,linear,indexscan,64,master,io_uring,3,32GB,0.002,0.002,2.435,1.086
5942,linear,indexscan,64,prefetch-complex,sync,3,32GB,2.398,2.398,47.333,32.662
5943,linear,bitmapscan,1,prefetch-complex,sync,3,32GB,0.028,0.028,3.815,1.644
5944,linear,indexscan,16,master,worker,12,32GB,0.042,0.042,4.612,1.631
5945,linear,indexscan,1,prefetch-simple,io_uring,3,32GB,77.31,77.31,4733.229,880.684
5946,linear,bitmapscan,64,prefetch-simple,io_uring,3,32GB,0.211,0.211,9.699,4.996
5947,linear,indexscan,1,prefetch-simple,io_uring,3,32GB,8.092,8.092,537.116,95.319
5948,linear,indexscan,0,prefetch-simple,io_uring,3,32GB,0.003,0.003,4.896,0.972
5949,linear,bitmapscan,1,prefetch-simple,worker,12,32GB,27.31,27.31,1603.867,363.662
5950,linear,bitmapscan,0,prefetch-simple,sync,3,32GB,57.31,57.31,3162.452,781.239
5951,linear,bitmapscan,1,prefetch-simple,io_uring,3,32GB,0.316,0.316,22.592,6.089
5952,linear,bitmapscan,16,prefetch-simple,worker,12,32GB,0.013,0.013,2.661,1.201
5953,linear,indexscan,16,prefetch-simple,worker,12,32GB,2.398,2.398,147.295,31.891
5954,linear,bitmapscan,1,prefetch-simple,sync,3,32GB,0.063,0.063,6.025,2.346
5955,linear,indexscan,1,prefetch-simple,worker,3,32GB,0.063,0.063,6.191,2.067
5956,linear,indexscan,1,prefetch-complex,worker,3,32GB,5.395,5.395,286.347,67.392
5957,linear,indexscan,1,prefetch-simple,io_uring,3,32GB,0.003,0.003,1.832,0.908
5958,linear,bitmapscan,1,prefetch-simple,io_uring,3,32GB,5.395,5.395,322.218,73.616
5959,linear,indexscan,0,master,sync,3,32GB,0.006,0.006,2.348,0.979
5960,linear,indexscan,64,prefetch-simple,worker,12,32GB,1.066,1.066,60.646,15.658
5961,linear,indexscan,64,master,io_uring,3,32GB,37.31,37.31,2282.545,425.309
5962,linear,bitmapscan,16,master,sync,3,32GB,0.063,0.063,3.986,2.096
5963,linear,indexscan,16,prefetch-complex,io_uring,3,32GB,0.001,0.001,1.801,1.035
5964,linear,indexscan,0,prefetch-simple,io_uring,3,32GB,0.002,0.002,1.621,1
5965,linear,bitmapscan,64,prefetch-simple,worker,12,32GB,1.599,1.599,38.456,23.691
5966,linear,bitmapscan,1,prefetch-complex,io_uring,3,32GB,0.003,0.003,1.909,1.136
5967,linear,bitmapscan,16,prefetch-complex,worker,12,32GB,0.141,0.141,6.336,3.945
5968,linear,indexscan,0,master,sync,3,32GB,0.001,0.001,1.531,0.89
5969,linear,indexscan,0,prefetch-simple,worker,12,32GB,27.31,27.31,1499.472,324.095
5970,linear,bitmapscan,1,prefetch-complex,worker,12,32GB,0.019,0.019,3.173,1.488
5971,linear,bitmapscan,64,prefetch-complex,io_uring,3,32GB,87.31,87.31,2740.123,1253.625
5972,linear,indexscan,1,prefetch-simple,worker,3,32GB,0.028,0.028,4.009,1.491
5973,linear,bitmapscan,1,master,sync,3,32GB,0.094,0.094,8.132,2.655
5974,linear,bitmapscan,1,master,io_uring,3,32GB,0.004,0.004,1.783,0.937
5975,linear,bitmapscan,64,master,worker,12,32GB,0.063,0.063,22.213,2.198
5976,linear,bitmapscan,16,prefetch-complex,sync,3,32GB,1.599,1.599,50.884,26.468
5977,linear,indexscan,1,master,io_uring,3,32GB,18.207,18.207,1092.98,208.02
5978,linear,bitmapscan,1,master,sync,3,32GB,12.138,12.138,729.268,162.563
5979,linear,indexscan,16,master,io_uring,3,32GB,0.711,0.711,68.154,10.826
5980,linear,indexscan,1,prefetch-complex,io_uring,3,32GB,18.207,18.207,1005.497,218.632
5981,linear,bitmapscan,0,master,sync,3,32GB,12.138,12.138,760.146,166.813
5982,linear,indexscan,16,master,worker,12,32GB,97.31,97.31,5702.485,1091.951
5983,linear,bitmapscan,16,prefetch-simple,sync,3,32GB,0.211,0.211,11.667,4.595
5984,linear,bitmapscan,1,prefetch-complex,worker,3,32GB,0.002,0.002,2.993,1.384
5985,linear,indexscan,1,prefetch-simple,sync,3,32GB,0.004,0.004,1.887,0.957
5986,linear,indexscan,0,prefetch-complex,io_uring,3,32GB,67.31,67.31,3610.971,826.216
5987,linear,bitmapscan,1,prefetch-simple,sync,3,32GB,0.013,0.013,2.608,1.138
5988,linear,bitmapscan,0,master,worker,12,32GB,5.395,5.395,329.53,77.187
5989,linear,bitmapscan,64,prefetch-simple,io_uring,3,32GB,3.597,3.597,95.203,49.553
5990,linear,bitmapscan,0,master,worker,12,32GB,18.207,18.207,1040.951,254.927
5991,linear,bitmapscan,16,master,sync,3,32GB,2.398,2.398,61.326,33.96
5992,linear,indexscan,0,prefetch-simple,sync,3,32GB,0.003,0.003,1.735,1.016
5993,linear,bitmapscan,16,prefetch-simple,sync,3,32GB,97.31,97.31,2955.378,1276.13
5994,linear,indexscan,64,master,sync,3,32GB,18.207,18.207,1128.13,214.098
5995,linear,indexscan,0,master,worker,12,32GB,37.31,37.31,2294.511,433.542
5996,linear,indexscan,64,prefetch-simple,worker,3,32GB,5.395,5.395,326.615,66.328
5997,linear,indexscan,1,prefetch-complex,worker,3,32GB,0.019,0.019,3.308,1.419
5998,linear,bitmapscan,16,prefetch-simple,worker,3,32GB,0.002,0.002,1.733,0.943
5999,linear,bitmapscan,1,prefetch-simple,worker,12,32GB,57.31,57.31,3245.697,756.333
6000,linear,indexscan,1,prefetch-simple,worker,3,32GB,0.001,0.001,1.67,0.913
6001,linear,bitmapscan,64,prefetch-simple,worker,12,32GB,27.31,27.31,643.319,366.522
6002,linear,indexscan,1,prefetch-simple,worker,3,32GB,0.042,0.042,5.023,1.687
6003,linear,indexscan,0,prefetch-complex,worker,12,32GB,0.003,0.003,2.007,1.121
6004,linear,indexscan,16,prefetch-simple,io_uring,3,32GB,0.009,0.009,2.233,1.058
6005,linear,indexscan,1,prefetch-simple,io_uring,3,32GB,0.474,0.474,32.573,7.922
6006,linear,bitmapscan,1,prefetch-complex,worker,12,32GB,0.316,0.316,24.262,6.974
6007,linear,indexscan,0,master,worker,12,32GB,0.094,0.094,8.361,2.543
6008,linear,indexscan,16,prefetch-complex,worker,3,32GB,18.207,18.207,298.336,222.871
6009,linear,bitmapscan,64,prefetch-complex,worker,12,32GB,57.31,57.31,1767.477,839.976
6010,linear,bitmapscan,0,master,worker,3,32GB,77.31,77.31,4178.986,1056.333
6011,linear,indexscan,16,prefetch-simple,worker,12,32GB,0.019,0.019,3.388,1.524
6012,linear,bitmapscan,16,prefetch-complex,io_uring,3,32GB,67.31,67.31,2050.444,979.756
6013,linear,indexscan,0,prefetch-complex,worker,12,32GB,0.211,0.211,15.028,4.688
6014,linear,bitmapscan,0,prefetch-simple,io_uring,3,32GB,0.006,0.006,2.011,1.01
6015,linear,indexscan,64,prefetch-complex,sync,3,32GB,97.31,97.31,2582.805,1138.004
6016,linear,indexscan,64,prefetch-simple,worker,12,32GB,0.002,0.002,1.964,0.974
6017,linear,indexscan,64,master,worker,3,32GB,2.398,2.398,142.922,30.45
6018,linear,indexscan,16,prefetch-complex,worker,12,32GB,0.009,0.009,2.329,1.229
6019,linear,indexscan,16,prefetch-simple,worker,3,32GB,57.31,57.31,3102.467,655.004
6020,linear,indexscan,16,prefetch-simple,worker,3,32GB,0.028,0.028,3.609,1.509
6021,linear,indexscan,64,master,worker,12,32GB,8.092,8.092,490.731,96.444
6022,linear,bitmapscan,64,prefetch-complex,worker,3,32GB,0.211,0.211,7.704,5.127
6023,linear,indexscan,16,prefetch-complex,io_uring,3,32GB,0.094,0.094,4.766,2.736
6024,linear,bitmapscan,64,master,worker,3,32GB,0.474,0.474,13.334,8.658
6025,linear,bitmapscan,16,prefetch-complex,io_uring,3,32GB,0.711,0.711,20.715,12.767
6026,linear,indexscan,64,master,worker,12,32GB,0.042,0.042,4.721,1.624
6027,linear,bitmapscan,64,master,io_uring,3,32GB,0.006,0.006,2.225,1.012
6028,linear,indexscan,1,master,sync,3,32GB,47.31,47.31,2863.089,543.711
6029,linear,bitmapscan,16,prefetch-complex,worker,3,32GB,67.31,67.31,2054.335,961.155
6030,linear,indexscan,1,master,io_uring,3,32GB,77.31,77.31,4626.516,881.996
6031,linear,bitmapscan,0,prefetch-complex,io_uring,3,32GB,0.006,0.006,2.513,1.219
6032,linear,indexscan,16,master,sync,3,32GB,3.597,3.597,212.052,45.028
6033,linear,indexscan,64,master,sync,3,32GB,1.599,1.599,100.908,21.85
6034,linear,bitmapscan,1,prefetch-simple,worker,3,32GB,0.002,0.002,1.735,0.913
6035,linear,bitmapscan,16,master,worker,3,32GB,57.31,57.31,1632.281,744.2
6036,linear,bitmapscan,0,prefetch-complex,worker,12,32GB,1.599,1.599,109.703,26.53
6037,linear,bitmapscan,0,master,worker,3,32GB,27.31,27.31,1474.844,377.377
6038,linear,indexscan,0,master,worker,12,32GB,8.092,8.092,484.252,97.853
6039,linear,indexscan,0,prefetch-complex,worker,12,32GB,0.474,0.474,31.526,8.785
6040,linear,bitmapscan,16,prefetch-complex,sync,3,32GB,18.207,18.207,441.975,265.339
6041,linear,bitmapscan,16,prefetch-complex,worker,3,32GB,5.395,5.395,148.408,80.875
6042,linear,indexscan,16,prefetch-simple,worker,3,32GB,0.009,0.009,2.507,1.179
6043,linear,indexscan,0,prefetch-simple,worker,12,32GB,0.028,0.028,3.607,1.456
6044,linear,indexscan,64,master,worker,12,32GB,0.019,0.019,2.928,1.335
6045,linear,indexscan,0,master,worker,12,32GB,0.003,0.003,1.733,0.96
6046,linear,bitmapscan,1,master,io_uring,3,32GB,0.001,0.001,1.593,0.893
6047,linear,bitmapscan,1,prefetch-complex,sync,3,32GB,0.094,0.094,8.416,2.975
6048,linear,bitmapscan,64,prefetch-complex,io_uring,3,32GB,8.092,8.092,193.988,118.732
6049,linear,bitmapscan,0,prefetch-simple,worker,3,32GB,0.006,0.006,2.033,1.017
6050,linear,indexscan,64,prefetch-complex,io_uring,3,32GB,18.207,18.207,295.538,221.415
6051,linear,bitmapscan,16,master,io_uring,3,32GB,0.004,0.004,2.078,1.076
6052,linear,bitmapscan,16,prefetch-simple,worker,3,32GB,2.398,2.398,55.087,33.864
6053,linear,indexscan,64,master,worker,12,32GB,57.31,57.31,3509.151,654.862
6054,linear,indexscan,16,prefetch-complex,worker,12,32GB,47.31,47.31,1136.512,564.911
6055,linear,bitmapscan,1,master,sync,3,32GB,0.042,0.042,4.501,1.676
6056,linear,bitmapscan,1,prefetch-complex,worker,12,32GB,0.004,0.004,2.089,1.127
6057,linear,indexscan,16,prefetch-simple,worker,12,32GB,57.31,57.31,3211.015,664.621
6058,linear,bitmapscan,16,master,io_uring,3,32GB,0.003,0.003,1.85,0.899
6059,linear,bitmapscan,64,prefetch-complex,sync,3,32GB,0.711,0.711,21.024,12.852
6060,linear,bitmapscan,64,prefetch-simple,worker,3,32GB,12.138,12.138,301.503,162.654
6061,linear,bitmapscan,64,prefetch-simple,sync,3,32GB,1.066,1.066,27.261,15.882
6062,linear,indexscan,64,master,worker,3,32GB,0.711,0.711,64.285,10.772
6063,linear,bitmapscan,64,prefetch-simple,worker,3,32GB,0.094,0.094,8.488,2.634
6064,linear,indexscan,1,prefetch-simple,io_uring,3,32GB,2.398,2.398,155.779,30.955
6065,linear,bitmapscan,1,prefetch-simple,worker,3,32GB,97.31,97.31,5508.677,1266.796
6066,linear,indexscan,16,master,worker,3,32GB,18.207,18.207,1205.415,227.135
6067,linear,bitmapscan,64,prefetch-complex,io_uring,3,32GB,77.31,77.31,2365.05,1118.299
6068,linear,indexscan,16,prefetch-simple,io_uring,3,32GB,67.31,67.31,3571.118,766.086
6069,linear,bitmapscan,1,master,io_uring,3,32GB,47.31,47.31,2774.808,634.535
6070,linear,indexscan,0,prefetch-simple,worker,12,32GB,0.009,0.009,2.342,1.212
6071,linear,bitmapscan,16,prefetch-complex,sync,3,32GB,57.31,57.31,1694.672,852.745
6072,linear,indexscan,64,prefetch-complex,io_uring,3,32GB,0.094,0.094,4.852,2.856
6073,linear,indexscan,16,prefetch-simple,sync,3,32GB,12.138,12.138,647.36,140.073
6074,linear,bitmapscan,0,master,sync,3,32GB,97.31,97.31,5537.39,1423.458
6075,linear,indexscan,0,prefetch-complex,sync,3,32GB,27.31,27.31,1574.899,340.565
6076,linear,bitmapscan,1,prefetch-simple,worker,12,32GB,1.599,1.599,102.672,23.927
6077,linear,indexscan,64,prefetch-complex,io_uring,3,32GB,97.31,97.31,2584.37,1154.307
6078,linear,indexscan,0,prefetch-complex,worker,3,32GB,0.211,0.211,15.454,4.812
6079,linear,indexscan,64,prefetch-complex,worker,12,32GB,0.001,0.001,1.771,1.045
6080,linear,indexscan,16,prefetch-complex,worker,12,32GB,0.002,0.002,1.886,1.118
6081,linear,indexscan,1,prefetch-simple,worker,3,32GB,8.092,8.092,565.069,96.105
6082,linear,indexscan,1,prefetch-simple,io_uring,3,32GB,97.31,97.31,6148.645,1108.409
6083,linear,indexscan,0,master,sync,3,32GB,3.597,3.597,235.64,47.947
6084,linear,indexscan,64,prefetch-complex,worker,3,32GB,27.31,27.31,572.316,330.624
6085,linear,bitmapscan,0,prefetch-complex,io_uring,3,32GB,87.31,87.31,4721.637,1289.414
6086,linear,indexscan,64,master,worker,12,32GB,67.31,67.31,4044.419,774.555
6087,linear,indexscan,64,master,io_uring,3,32GB,18.207,18.207,1097.45,216.609
6088,linear,indexscan,16,prefetch-complex,worker,3,32GB,0.002,0.002,1.94,1.068
6089,linear,bitmapscan,1,prefetch-simple,worker,3,32GB,0.003,0.003,1.886,0.952
6090,linear,bitmapscan,16,prefetch-simple,worker,12,32GB,87.31,87.31,2679.263,1142.567
6091,linear,indexscan,0,prefetch-simple,worker,3,32GB,0.001,0.001,1.501,0.907
6092,linear,bitmapscan,1,prefetch-simple,sync,3,32GB,67.31,67.31,3856.717,880.232
6093,linear,indexscan,0,prefetch-complex,worker,3,32GB,8.092,8.092,914.289,104.844
6094,linear,bitmapscan,0,prefetch-simple,io_uring,3,32GB,2.398,2.398,147.553,34.062
6095,linear,bitmapscan,64,prefetch-simple,worker,12,32GB,0.316,0.316,12.636,6.051
6096,linear,indexscan,1,prefetch-complex,sync,3,32GB,0.211,0.211,15.421,4.574
6097,linear,bitmapscan,0,master,worker,12,32GB,67.31,67.31,3656.741,912.608
6098,linear,bitmapscan,0,master,worker,3,32GB,67.31,67.31,3652.705,922.392
6099,linear,indexscan,64,master,io_uring,3,32GB,0.006,0.006,2.071,0.998
6100,linear,indexscan,1,master,worker,3,32GB,0.002,0.002,1.61,0.935
6101,linear,indexscan,0,prefetch-simple,worker,12,32GB,1.599,1.599,91.212,22.201
6102,linear,indexscan,16,master,sync,3,32GB,0.316,0.316,22.806,5.791
6103,linear,bitmapscan,64,master,sync,3,32GB,0.009,0.009,2.528,1.033
6104,linear,bitmapscan,64,prefetch-simple,worker,12,32GB,0.474,0.474,13.819,8.804
6105,linear,bitmapscan,1,prefetch-complex,sync,3,32GB,0.002,0.002,1.932,1.079
6106,linear,bitmapscan,64,prefetch-simple,worker,3,32GB,0.002,0.002,1.959,0.934
6107,linear,indexscan,1,master,worker,12,32GB,0.711,0.711,45.936,10.834
6108,linear,bitmapscan,64,prefetch-complex,worker,3,32GB,0.001,0.001,1.858,1.139
6109,linear,bitmapscan,0,prefetch-complex,worker,3,32GB,8.092,8.092,483.226,120.181
6110,linear,bitmapscan,16,master,io_uring,3,32GB,0.094,0.094,4.979,2.602
6111,linear,indexscan,64,prefetch-complex,sync,3,32GB,0.004,0.004,1.998,1.085
6112,linear,indexscan,1,prefetch-simple,sync,3,32GB,97.31,97.31,6094.619,1095.15
6113,linear,indexscan,1,master,io_uring,3,32GB,0.003,0.003,1.648,0.922
6114,linear,bitmapscan,0,master,sync,3,32GB,0.003,0.003,1.655,0.976
6115,linear,bitmapscan,64,master,io_uring,3,32GB,0.003,0.003,1.86,0.917
6116,linear,indexscan,1,master,worker,12,32GB,87.31,87.31,5305.411,1000.305
6117,linear,bitmapscan,64,prefetch-complex,worker,3,32GB,87.31,87.31,2763.101,1249.898
6118,linear,bitmapscan,0,prefetch-simple,io_uring,3,32GB,0.042,0.042,4.634,1.725
6119,linear,bitmapscan,0,prefetch-complex,sync,3,32GB,8.092,8.092,508.245,124.583
6120,linear,bitmapscan,16,prefetch-simple,worker,3,32GB,27.31,27.31,691.431,369.087
6121,linear,indexscan,0,master,sync,3,32GB,67.31,67.31,4193.44,777.395
6122,linear,bitmapscan,16,prefetch-simple,io_uring,3,32GB,1.066,1.066,28.065,16.134
6123,linear,bitmapscan,1,prefetch-complex,io_uring,3,32GB,0.141,0.141,12.077,3.848
6124,linear,bitmapscan,64,master,worker,3,32GB,0.004,0.004,3.165,0.949
6125,linear,indexscan,1,prefetch-simple,sync,3,32GB,0.063,0.063,6.217,2.122
6126,linear,indexscan,64,prefetch-simple,worker,12,32GB,57.31,57.31,3183.369,653.742
6127,linear,bitmapscan,1,prefetch-complex,io_uring,3,32GB,0.019,0.019,3.384,1.416
6128,linear,indexscan,64,prefetch-simple,sync,3,32GB,77.31,77.31,4189.975,882.685
6129,linear,bitmapscan,0,prefetch-complex,io_uring,3,32GB,67.31,67.31,3860.647,983.391
6130,linear,bitmapscan,64,master,worker,3,32GB,0.009,0.009,2.395,1.073
6131,linear,indexscan,0,prefetch-simple,worker,3,32GB,0.003,0.003,2.348,0.962
6132,linear,indexscan,1,prefetch-simple,worker,12,32GB,0.474,0.474,34.498,7.836
6133,linear,indexscan,64,master,worker,3,32GB,0.006,0.006,2.097,1.019
6134,linear,indexscan,64,master,worker,12,32GB,0.211,0.211,16.554,4.57
6135,linear,bitmapscan,1,master,io_uring,3,32GB,27.31,27.31,1541.939,362.869
6136,linear,indexscan,0,prefetch-simple,sync,3,32GB,0.028,0.028,3.55,1.423
6137,linear,indexscan,16,master,sync,3,32GB,0.042,0.042,4.598,1.666
6138,linear,indexscan,16,master,worker,12,32GB,37.31,37.31,2244.016,428.387
6139,linear,bitmapscan,16,master,worker,3,32GB,0.003,0.003,1.881,0.984
6140,linear,bitmapscan,16,prefetch-complex,worker,3,32GB,2.398,2.398,74.155,35.927
6141,linear,bitmapscan,64,master,io_uring,3,32GB,0.211,0.211,7.42,4.651
6142,linear,indexscan,16,master,io_uring,3,32GB,0.013,0.013,2.64,1.122
6143,linear,bitmapscan,64,prefetch-simple,sync,3,32GB,0.474,0.474,13.784,8.766
6144,linear,bitmapscan,16,prefetch-complex,worker,12,32GB,37.31,37.31,1020.888,534.403
6145,linear,bitmapscan,0,prefetch-complex,worker,3,32GB,0.001,0.001,1.608,1.065
6146,linear,bitmapscan,1,prefetch-complex,worker,3,32GB,0.019,0.019,3.339,1.58
6147,linear,indexscan,1,master,worker,3,32GB,67.31,67.31,4006.968,772.984
6148,linear,bitmapscan,0,prefetch-complex,worker,12,32GB,0.019,0.019,3.448,1.767
6149,linear,bitmapscan,1,prefetch-complex,io_uring,3,32GB,8.092,8.092,575.793,118.18
6150,linear,indexscan,1,master,worker,12,32GB,18.207,18.207,1259.859,211.212
6151,linear,bitmapscan,16,master,worker,3,32GB,67.31,67.31,1982.427,970.69
6152,linear,bitmapscan,0,master,io_uring,3,32GB,0.474,0.474,29.865,8.454
6153,linear,indexscan,64,master,sync,3,32GB,0.211,0.211,16.057,4.278
6154,linear,bitmapscan,1,prefetch-simple,sync,3,32GB,0.001,0.001,1.574,0.895
6155,linear,indexscan,1,prefetch-simple,worker,12,32GB,0.006,0.006,2.302,0.968
6156,linear,indexscan,16,prefetch-simple,worker,3,32GB,2.398,2.398,133.914,31.042
6157,linear,indexscan,64,master,sync,3,32GB,5.395,5.395,371.395,68.316
6158,linear,indexscan,1,prefetch-complex,worker,12,32GB,1.599,1.599,109.596,22.599
6159,linear,bitmapscan,0,prefetch-complex,io_uring,3,32GB,0.211,0.211,18.331,5.125
6160,linear,indexscan,0,master,worker,3,32GB,57.31,57.31,3421.19,659.43
6161,linear,indexscan,0,prefetch-complex,sync,3,32GB,0.474,0.474,35.222,8.782
6162,linear,bitmapscan,64,prefetch-complex,worker,3,32GB,0.141,0.141,6.066,3.811
6163,linear,bitmapscan,1,prefetch-simple,sync,3,32GB,37.31,37.31,2170.072,513.417
6164,linear,bitmapscan,64,master,io_uring,3,32GB,18.207,18.207,436.426,246.511
6165,linear,bitmapscan,0,prefetch-simple,io_uring,3,32GB,77.31,77.31,4094.674,1049.301
6166,linear,bitmapscan,64,prefetch-complex,worker,3,32GB,1.599,1.599,43.167,25.841
6167,linear,indexscan,1,prefetch-complex,worker,12,32GB,77.31,77.31,4323.901,911.764
6168,linear,bitmapscan,64,prefetch-complex,sync,3,32GB,0.013,0.013,2.772,1.335
6169,linear,bitmapscan,16,prefetch-simple,worker,3,32GB,1.066,1.066,26.525,16.525
6170,linear,indexscan,16,master,sync,3,32GB,0.009,0.009,2.325,1.082
6171,linear,bitmapscan,16,prefetch-complex,io_uring,3,32GB,0.028,0.028,3.165,1.605
6172,linear,indexscan,16,master,sync,3,32GB,1.599,1.599,124.06,22.316
6173,linear,bitmapscan,0,master,worker,3,32GB,0.003,0.003,2.799,0.933
6174,linear,bitmapscan,1,master,io_uring,3,32GB,0.028,0.028,3.602,1.384
6175,linear,bitmapscan,1,prefetch-complex,io_uring,3,32GB,2.398,2.398,154.297,36.435
6176,linear,indexscan,1,master,sync,3,32GB,37.31,37.31,2218.415,428.733
6177,linear,bitmapscan,1,master,worker,12,32GB,5.395,5.395,331.432,74.379
6178,linear,indexscan,1,prefetch-complex,sync,3,32GB,67.31,67.31,3668.935,794.557
6179,linear,bitmapscan,1,prefetch-simple,sync,3,32GB,97.31,97.31,5571.425,1270.19
6180,linear,indexscan,1,master,worker,3,32GB,0.141,0.141,12.966,3.233
6181,linear,indexscan,64,prefetch-simple,io_uring,3,32GB,87.31,87.31,4696.55,1001.915
6182,linear,indexscan,64,prefetch-complex,worker,3,32GB,0.028,0.028,3.085,1.608
6183,linear,bitmapscan,1,master,worker,12,32GB,0.711,0.711,47.948,11.686
6184,linear,indexscan,1,prefetch-complex,worker,3,32GB,0.063,0.063,6.293,2.214
6185,linear,bitmapscan,64,prefetch-complex,worker,3,32GB,77.31,77.31,2356.004,1115.892
6186,linear,bitmapscan,1,prefetch-simple,io_uring,3,32GB,1.066,1.066,80.919,16.161
6187,linear,indexscan,0,prefetch-simple,sync,3,32GB,3.597,3.597,218.676,47.233
6188,linear,indexscan,0,master,io_uring,3,32GB,0.316,0.316,22.859,5.807
6189,linear,bitmapscan,0,master,io_uring,3,32GB,2.398,2.398,135.477,35.787
6190,linear,bitmapscan,1,prefetch-complex,worker,12,32GB,8.092,8.092,508.577,117.196
6191,linear,indexscan,1,master,io_uring,3,32GB,0.002,0.002,1.553,0.867
6192,linear,indexscan,64,prefetch-simple,worker,3,32GB,0.094,0.094,7.534,2.494
6193,linear,bitmapscan,16,master,io_uring,3,32GB,27.31,27.31,685.343,360.592
6194,linear,bitmapscan,0,prefetch-simple,io_uring,3,32GB,27.31,27.31,1550.486,379.392
6195,linear,bitmapscan,0,prefetch-complex,worker,12,32GB,0.063,0.063,6.071,2.32
6196,linear,bitmapscan,0,master,sync,3,32GB,1.599,1.599,88.025,23.776
6197,linear,bitmapscan,0,master,io_uring,3,32GB,1.066,1.066,63.487,16.625
6198,linear,bitmapscan,1,prefetch-simple,io_uring,3,32GB,0.019,0.019,3.134,1.309
6199,linear,indexscan,64,prefetch-simple,io_uring,3,32GB,0.316,0.316,20.875,5.875
6200,linear,indexscan,64,prefetch-complex,worker,3,32GB,77.31,77.31,1980.193,912.285
6201,linear,bitmapscan,16,master,sync,3,32GB,0.474,0.474,15.669,8.368
6202,linear,indexscan,1,prefetch-complex,io_uring,3,32GB,0.211,0.211,16.038,4.485
6203,linear,bitmapscan,0,prefetch-simple,sync,3,32GB,37.31,37.31,1948.014,508.129
6204,linear,bitmapscan,0,prefetch-simple,sync,3,32GB,0.002,0.002,1.698,0.93
6205,linear,indexscan,0,master,worker,12,32GB,0.002,0.002,1.581,0.882
6206,linear,bitmapscan,1,prefetch-simple,worker,12,32GB,0.094,0.094,8.089,2.583
6207,linear,indexscan,64,master,io_uring,3,32GB,0.141,0.141,11.618,3.283
6208,linear,bitmapscan,0,master,worker,3,32GB,37.31,37.31,2038.338,506.629
6209,linear,bitmapscan,16,prefetch-complex,io_uring,3,32GB,5.395,5.395,148.186,81.405
6210,linear,bitmapscan,1,prefetch-complex,io_uring,3,32GB,1.066,1.066,69.132,17.519
6211,linear,bitmapscan,64,master,sync,3,32GB,27.31,27.31,634.822,365.208
6212,linear,indexscan,1,prefetch-complex,io_uring,3,32GB,47.31,47.31,2640.124,563.181
6213,linear,bitmapscan,64,master,io_uring,3,32GB,0.001,0.001,1.497,0.916
6214,linear,bitmapscan,0,master,worker,3,32GB,0.028,0.028,3.655,1.405
6215,linear,bitmapscan,0,master,io_uring,3,32GB,0.028,0.028,3.467,1.382
6216,linear,indexscan,16,prefetch-complex,worker,3,32GB,5.395,5.395,98.242,67.214
6217,linear,bitmapscan,1,prefetch-simple,sync,3,32GB,0.711,0.711,54.376,11.779
6218,linear,bitmapscan,16,prefetch-complex,worker,3,32GB,18.207,18.207,420.941,269.378
6219,linear,bitmapscan,16,prefetch-complex,sync,3,32GB,0.042,0.042,3.557,1.956
6220,linear,bitmapscan,16,prefetch-simple,worker,12,32GB,12.138,12.138,288.384,165.606
6221,linear,indexscan,16,prefetch-simple,worker,3,32GB,0.006,0.006,2.304,1.016
6222,linear,indexscan,64,prefetch-simple,sync,3,32GB,2.398,2.398,148.564,30.97
6223,linear,indexscan,1,prefetch-complex,worker,3,32GB,8.092,8.092,462.236,99.951
6224,linear,indexscan,64,prefetch-complex,worker,3,32GB,0.316,0.316,9.78,6.149
6225,linear,bitmapscan,16,prefetch-complex,worker,3,32GB,0.316,0.316,10.199,6.724
6226,linear,bitmapscan,64,prefetch-simple,sync,3,32GB,2.398,2.398,62.118,33.483
6227,linear,indexscan,0,prefetch-simple,worker,12,32GB,0.063,0.063,5.922,2.096
6228,linear,indexscan,64,prefetch-simple,worker,12,32GB,18.207,18.207,988.212,211.058
6229,linear,bitmapscan,16,master,io_uring,3,32GB,1.066,1.066,27.581,16.263
6230,linear,indexscan,16,prefetch-simple,worker,12,32GB,1.066,1.066,61.21,15.492
6231,linear,indexscan,0,master,worker,12,32GB,2.398,2.398,161.96,31.207
6232,linear,bitmapscan,64,master,worker,12,32GB,0.042,0.042,5.372,1.721
6233,linear,indexscan,64,master,worker,3,32GB,0.316,0.316,23.055,5.747
6234,linear,bitmapscan,1,prefetch-complex,worker,3,32GB,8.092,8.092,511.384,118.214
6235,linear,indexscan,1,master,sync,3,32GB,3.597,3.597,234.624,46.111
6236,linear,bitmapscan,16,prefetch-simple,worker,12,32GB,0.001,0.001,1.708,0.951
6237,linear,bitmapscan,0,prefetch-complex,worker,12,32GB,0.004,0.004,2.051,1.119
6238,linear,bitmapscan,0,master,io_uring,3,32GB,0.003,0.003,1.764,0.944
6239,linear,bitmapscan,1,prefetch-simple,io_uring,3,32GB,3.597,3.597,225.484,49.129
6240,linear,indexscan,16,master,io_uring,3,32GB,5.395,5.395,367.78,70.66
6241,linear,indexscan,1,prefetch-simple,worker,3,32GB,77.31,77.31,4845.54,886.778
6242,linear,bitmapscan,1,master,worker,3,32GB,0.211,0.211,28.115,4.596
6243,linear,indexscan,1,prefetch-complex,io_uring,3,32GB,0.094,0.094,8.178,2.788
6244,linear,indexscan,1,prefetch-complex,io_uring,3,32GB,8.092,8.092,483.558,101.802
6245,linear,bitmapscan,16,prefetch-simple,io_uring,3,32GB,0.211,0.211,17.754,4.618
6246,linear,bitmapscan,16,master,sync,3,32GB,0.711,0.711,19.289,11.822
6247,linear,indexscan,16,prefetch-complex,sync,3,32GB,0.004,0.004,2.085,1.1
6248,linear,indexscan,16,prefetch-complex,sync,3,32GB,87.31,87.31,2290.437,1043.333
6249,linear,indexscan,1,master,worker,3,32GB,3.597,3.597,229.471,45.597
6250,linear,bitmapscan,1,prefetch-complex,worker,12,32GB,0.002,0.002,1.913,1.077
6251,linear,indexscan,1,prefetch-complex,worker,12,32GB,1.066,1.066,79.253,16.22
6252,linear,indexscan,0,prefetch-complex,worker,12,32GB,0.711,0.711,42.052,11.497
6253,linear,indexscan,0,prefetch-simple,worker,3,32GB,2.398,2.398,142.762,32.058
6254,linear,bitmapscan,16,master,io_uring,3,32GB,12.138,12.138,324.728,163.359
6255,linear,indexscan,0,master,sync,3,32GB,0.211,0.211,16.452,4.545
6256,linear,indexscan,16,prefetch-simple,sync,3,32GB,0.474,0.474,28.71,7.779
6257,linear,indexscan,64,prefetch-complex,sync,3,32GB,0.002,0.002,1.891,1.075
6258,linear,bitmapscan,1,master,worker,3,32GB,57.31,57.31,3261.345,751.128
6259,linear,indexscan,1,prefetch-complex,worker,3,32GB,0.042,0.042,4.704,1.853
6260,linear,indexscan,0,prefetch-simple,sync,3,32GB,57.31,57.31,3061.956,680.815
6261,linear,indexscan,1,prefetch-complex,worker,3,32GB,0.006,0.006,2.353,1.124
6262,linear,indexscan,16,prefetch-complex,sync,3,32GB,0.028,0.028,3.095,1.606
6263,linear,bitmapscan,1,prefetch-complex,io_uring,3,32GB,18.207,18.207,1132.97,268.126
6264,linear,bitmapscan,64,prefetch-simple,worker,3,32GB,27.31,27.31,646.478,364.556
6265,linear,bitmapscan,16,prefetch-simple,sync,3,32GB,0.019,0.019,2.712,1.253
6266,linear,bitmapscan,16,master,worker,3,32GB,0.474,0.474,16.684,8.24
6267,linear,indexscan,0,prefetch-complex,worker,12,32GB,57.31,57.31,2978.418,695.561
6268,linear,bitmapscan,64,prefetch-complex,worker,12,32GB,0.141,0.141,6.967,3.812
6269,linear,indexscan,16,prefetch-simple,io_uring,3,32GB,0.002,0.002,1.702,0.951
6270,linear,indexscan,64,prefetch-simple,worker,12,32GB,0.042,0.042,14.9,1.716
6271,linear,indexscan,1,master,sync,3,32GB,0.474,0.474,32.386,7.855
6272,linear,bitmapscan,64,prefetch-simple,worker,12,32GB,57.31,57.31,1686.958,751.471
6273,linear,indexscan,64,prefetch-complex,worker,12,32GB,57.31,57.31,1406.666,674.263
6274,linear,bitmapscan,16,master,sync,3,32GB,0.019,0.019,2.666,1.221
6275,linear,bitmapscan,64,master,worker,12,32GB,5.395,5.395,147.72,73.906
6276,linear,indexscan,64,prefetch-complex,worker,3,32GB,0.141,0.141,6.044,3.547
6277,linear,indexscan,0,prefetch-complex,worker,3,32GB,1.599,1.599,97.232,23.2
6278,linear,bitmapscan,0,prefetch-simple,io_uring,3,32GB,0.001,0.001,1.427,0.877
6279,linear,bitmapscan,16,prefetch-simple,io_uring,3,32GB,0.006,0.006,2.196,1.019
6280,linear,indexscan,0,prefetch-complex,io_uring,3,32GB,0.042,0.042,4.53,1.906
6281,linear,indexscan,0,master,io_uring,3,32GB,0.004,0.004,1.876,0.914
6282,linear,indexscan,16,master,worker,12,32GB,3.597,3.597,210.007,44.321
6283,linear,indexscan,64,prefetch-complex,worker,3,32GB,0.013,0.013,2.842,1.29
6284,linear,indexscan,64,prefetch-complex,worker,12,32GB,87.31,87.31,2276.262,1030.584
6285,linear,bitmapscan,64,prefetch-complex,io_uring,3,32GB,0.019,0.019,2.815,1.455
6286,linear,bitmapscan,16,prefetch-complex,io_uring,3,32GB,57.31,57.31,1706.087,819.367
6287,linear,bitmapscan,16,master,worker,3,32GB,0.006,0.006,2.223,0.978
6288,linear,bitmapscan,0,prefetch-simple,io_uring,3,32GB,12.138,12.138,695.582,172.835
6289,linear,bitmapscan,64,master,worker,12,32GB,87.31,87.31,2615.612,1145.594
6290,linear,indexscan,16,prefetch-simple,sync,3,32GB,0.002,0.002,1.613,0.949
6291,linear,indexscan,64,prefetch-complex,sync,3,32GB,0.003,0.003,1.954,1.12
6292,linear,indexscan,0,prefetch-complex,sync,3,32GB,18.207,18.207,1005.986,230.443
6293,linear,indexscan,16,master,io_uring,3,32GB,47.31,47.31,2780.951,546.276
6294,linear,indexscan,0,prefetch-complex,sync,3,32GB,47.31,47.31,2564.39,586.54
6295,linear,bitmapscan,16,master,sync,3,32GB,37.31,37.31,985.448,494.705
6296,linear,bitmapscan,0,master,io_uring,3,32GB,8.092,8.092,467.796,112.661
6297,linear,indexscan,64,prefetch-complex,worker,12,32GB,77.31,77.31,2003.939,914.562
6298,linear,indexscan,64,prefetch-simple,worker,3,32GB,0.474,0.474,34.874,7.818
6299,linear,indexscan,16,master,io_uring,3,32GB,0.001,0.001,1.504,0.851
6300,linear,bitmapscan,64,master,worker,3,32GB,87.31,87.31,2621.821,1139.718
6301,linear,bitmapscan,16,master,worker,12,32GB,0.211,0.211,7.271,4.424
6302,linear,indexscan,0,master,worker,3,32GB,77.31,77.31,4655.54,873.806
6303,linear,bitmapscan,64,prefetch-complex,sync,3,32GB,67.31,67.31,2033.223,956.014
6304,linear,indexscan,64,master,worker,12,32GB,47.31,47.31,2916.21,582.798
6305,linear,indexscan,16,prefetch-simple,io_uring,3,32GB,57.31,57.31,3132.869,654.057
6306,linear,indexscan,16,prefetch-complex,io_uring,3,32GB,2.398,2.398,51.086,32.438
6307,linear,indexscan,64,prefetch-complex,worker,12,32GB,0.028,0.028,3.015,1.547
6308,linear,indexscan,64,master,sync,3,32GB,0.316,0.316,22.715,5.717
6309,linear,indexscan,1,prefetch-complex,worker,3,32GB,0.028,0.028,3.78,1.575
6310,linear,indexscan,64,master,io_uring,3,32GB,5.395,5.395,346.935,65.446
6311,linear,bitmapscan,64,prefetch-simple,worker,3,32GB,1.066,1.066,25.232,16.086
6312,linear,indexscan,64,master,worker,12,32GB,87.31,87.31,5203.197,977.851
6313,linear,bitmapscan,16,prefetch-simple,worker,3,32GB,5.395,5.395,134.873,73.969
6314,linear,indexscan,1,prefetch-complex,sync,3,32GB,47.31,47.31,2611.728,560.451
6315,linear,indexscan,16,prefetch-complex,worker,3,32GB,0.711,0.711,16.104,11.654
6316,linear,indexscan,16,prefetch-complex,worker,12,32GB,0.004,0.004,2.067,1.135
6317,linear,bitmapscan,0,prefetch-simple,sync,3,32GB,18.207,18.207,983.962,247.734
6318,linear,bitmapscan,64,master,worker,3,32GB,0.316,0.316,9.83,6.136
6319,linear,bitmapscan,1,prefetch-complex,io_uring,3,32GB,0.004,0.004,2.306,1.107
6320,linear,indexscan,64,prefetch-simple,worker,3,32GB,1.599,1.599,115.602,21.426
6321,linear,bitmapscan,16,master,sync,3,32GB,27.31,27.31,645.989,364.932
6322,linear,bitmapscan,16,prefetch-simple,io_uring,3,32GB,0.474,0.474,13.733,8.362
6323,linear,indexscan,0,prefetch-complex,worker,12,32GB,0.094,0.094,7.831,2.783
6324,linear,indexscan,16,prefetch-complex,sync,3,32GB,1.066,1.066,39.327,15.544
6325,linear,indexscan,0,prefetch-simple,sync,3,32GB,0.211,0.211,14.887,4.43
6326,linear,bitmapscan,64,master,worker,12,32GB,77.31,77.31,2295.302,1007.167
6327,linear,bitmapscan,64,prefetch-simple,io_uring,3,32GB,67.31,67.31,1990.542,883.512
6328,linear,indexscan,0,prefetch-simple,worker,3,32GB,67.31,67.31,3636.737,792.898
6329,linear,bitmapscan,16,master,worker,12,32GB,0.141,0.141,6.493,3.363
6330,linear,bitmapscan,0,master,sync,3,32GB,2.398,2.398,142.998,35.629
6331,linear,bitmapscan,0,prefetch-complex,sync,3,32GB,2.398,2.398,237.223,38.976
6332,linear,indexscan,64,prefetch-complex,worker,12,32GB,8.092,8.092,200.742,101.053
6333,linear,bitmapscan,0,master,sync,3,32GB,0.028,0.028,4.683,1.456
6334,linear,indexscan,1,master,worker,12,32GB,0.028,0.028,4.379,1.417
6335,linear,indexscan,1,prefetch-complex,sync,3,32GB,0.019,0.019,3.166,1.415
6336,linear,bitmapscan,0,master,worker,12,32GB,77.31,77.31,4259.146,1047.064
6337,cyclic,bitmapscan,64,master,sync,3,32GB,37.31,37.326,1517.332,520.136
6338,cyclic,bitmapscan,0,master,io_uring,3,32GB,0.029,0.046,13.515,1.774
6339,cyclic,indexscan,0,prefetch-complex,worker,3,32GB,0.064,0.082,23.415,3.108
6340,cyclic,bitmapscan,1,master,sync,3,32GB,0.475,0.492,68.119,8.791
6341,cyclic,indexscan,1,prefetch-complex,io_uring,3,32GB,27.311,27.328,5741.102,839.074
6342,cyclic,indexscan,16,prefetch-simple,worker,12,32GB,0.01,0.028,4.944,1.399
6343,cyclic,bitmapscan,64,master,io_uring,3,32GB,0.474,0.492,19.282,8.797
6344,cyclic,indexscan,16,prefetch-simple,worker,3,32GB,0.001,0.018,3.823,1.19
6345,cyclic,bitmapscan,1,master,worker,3,32GB,1.6,1.618,142.688,24.345
6346,cyclic,indexscan,1,prefetch-simple,io_uring,3,32GB,0.064,0.08,57.747,2.816
6347,cyclic,indexscan,64,prefetch-simple,worker,3,32GB,5.396,5.414,293.318,167.076
6348,cyclic,bitmapscan,0,prefetch-simple,sync,3,32GB,0.007,0.024,7.658,1.267
6349,cyclic,bitmapscan,64,master,worker,12,32GB,0.003,0.02,3.673,1.144
6350,cyclic,bitmapscan,64,prefetch-simple,sync,3,32GB,87.311,87.328,2735.53,1178.259
6351,cyclic,indexscan,64,prefetch-complex,sync,3,32GB,0.004,0.022,4.778,1.356
6352,cyclic,indexscan,16,prefetch-simple,io_uring,3,32GB,12.138,12.154,636.253,370.458
6353,cyclic,bitmapscan,0,master,io_uring,3,32GB,27.311,27.328,1678.665,399.621
6354,cyclic,bitmapscan,64,prefetch-simple,io_uring,3,32GB,0.475,0.492,37.156,9.067
6355,cyclic,indexscan,1,prefetch-simple,worker,12,32GB,0.002,0.018,11.878,1.15
6356,cyclic,indexscan,0,master,worker,3,32GB,5.396,5.412,401.5,164.157
6357,cyclic,indexscan,0,prefetch-simple,worker,12,32GB,0.002,0.018,7.314,1.13
6358,cyclic,bitmapscan,16,master,worker,3,32GB,0.142,0.16,7.707,3.605
6359,cyclic,bitmapscan,1,prefetch-complex,worker,12,32GB,2.399,2.416,182.601,37.876
6360,cyclic,indexscan,16,prefetch-complex,io_uring,3,32GB,1.067,1.084,72.596,32.981
6361,cyclic,bitmapscan,0,prefetch-simple,worker,12,32GB,0.475,0.492,48.997,8.854
6362,cyclic,bitmapscan,64,prefetch-simple,worker,3,32GB,0.712,0.728,28.653,12.343
6363,cyclic,indexscan,1,prefetch-complex,worker,12,32GB,0.043,0.06,36.131,2.553
6364,cyclic,indexscan,0,master,sync,3,32GB,0.043,0.06,20.388,2.242
6365,cyclic,bitmapscan,16,prefetch-complex,worker,3,32GB,0.01,0.026,4.019,1.482
6366,cyclic,indexscan,16,prefetch-complex,worker,3,32GB,0.043,0.06,9.095,2.363
6367,cyclic,indexscan,0,master,worker,12,32GB,0.002,0.018,12.293,1.113
6368,cyclic,indexscan,16,master,worker,12,32GB,37.311,37.328,2476.709,1132.56
6369,cyclic,indexscan,1,master,io_uring,3,32GB,1.067,1.084,118.431,34.598
6370,cyclic,bitmapscan,16,master,io_uring,3,32GB,0.317,0.334,15.306,6.645
6371,cyclic,indexscan,64,master,worker,12,32GB,12.139,12.156,851.975,371.783
6372,cyclic,bitmapscan,16,prefetch-complex,sync,3,32GB,37.311,37.328,1082.06,586.598
6373,cyclic,indexscan,0,prefetch-simple,worker,12,32GB,8.093,8.11,644.414,258.567
6374,cyclic,indexscan,1,prefetch-simple,worker,12,32GB,0.142,0.158,52.117,5.176
6375,cyclic,indexscan,16,prefetch-complex,sync,3,32GB,0.475,0.492,37.634,15.152
6376,cyclic,indexscan,0,prefetch-complex,worker,3,32GB,18.207,18.224,1257.102,564.756
6377,cyclic,bitmapscan,0,prefetch-simple,worker,3,32GB,0.711,0.728,89.202,12.908
6378,cyclic,indexscan,1,prefetch-complex,worker,3,32GB,47.311,47.328,9686.412,1453.167
6379,cyclic,bitmapscan,16,prefetch-simple,sync,3,32GB,0.02,0.036,4.767,1.462
6380,cyclic,indexscan,16,prefetch-complex,io_uring,3,32GB,27.311,27.328,1455.411,852.155
6381,cyclic,indexscan,16,master,io_uring,3,32GB,0.01,0.026,12.36,1.357
6382,cyclic,indexscan,1,prefetch-complex,sync,3,32GB,1.067,1.084,256.908,34.427
6383,cyclic,indexscan,64,prefetch-simple,worker,3,32GB,57.311,57.328,2904.154,1719.864
6384,cyclic,bitmapscan,16,prefetch-simple,sync,3,32GB,87.311,87.328,2748.671,1181.278
6385,cyclic,indexscan,64,prefetch-complex,sync,3,32GB,0.029,0.046,39.546,2.059
6386,cyclic,indexscan,1,master,worker,12,32GB,37.311,37.328,2506.807,1119.959
6387,cyclic,bitmapscan,64,prefetch-simple,worker,3,32GB,57.311,57.328,1743.022,788.392
6388,cyclic,indexscan,64,prefetch-complex,worker,3,32GB,0.212,0.228,21.529,7.345
6389,cyclic,bitmapscan,1,prefetch-simple,worker,12,32GB,0.095,0.112,27.644,2.892
6390,cyclic,bitmapscan,16,master,sync,3,32GB,87.311,87.328,2745.101,1190.27
6391,cyclic,indexscan,16,master,worker,12,32GB,12.139,12.156,860.674,370.804
6392,cyclic,indexscan,0,prefetch-simple,worker,12,32GB,0.01,0.026,10.142,1.402
6393,cyclic,bitmapscan,0,master,worker,12,32GB,47.311,47.328,2649.374,678.689
6394,cyclic,indexscan,64,prefetch-complex,io_uring,3,32GB,77.311,77.328,4606.759,2367.633
6395,cyclic,bitmapscan,1,prefetch-complex,sync,3,32GB,18.208,18.224,1129.334,282.559
6396,cyclic,indexscan,64,prefetch-complex,sync,3,32GB,18.208,18.226,1093.779,571.484
6397,cyclic,bitmapscan,64,prefetch-simple,io_uring,3,32GB,0.095,0.112,6.446,2.856
6398,cyclic,bitmapscan,1,prefetch-simple,io_uring,3,32GB,0.029,0.046,25.6,1.713
6399,cyclic,bitmapscan,64,prefetch-simple,worker,3,32GB,0.042,0.06,5.384,1.915
6400,cyclic,indexscan,64,master,worker,3,32GB,8.093,8.11,564.861,247.585
6401,cyclic,indexscan,16,master,sync,3,32GB,57.311,57.328,3868.952,1727.045
6402,cyclic,indexscan,16,prefetch-simple,worker,12,32GB,3.597,3.614,228.519,113.87
6403,cyclic,indexscan,0,prefetch-simple,worker,3,32GB,18.208,18.224,1246.566,555.405
6404,cyclic,bitmapscan,0,master,worker,3,32GB,67.31,67.326,3928.434,952.299
6405,cyclic,bitmapscan,1,prefetch-simple,io_uring,3,32GB,0.013,0.03,10.019,1.357
6406,cyclic,bitmapscan,64,prefetch-simple,worker,3,32GB,5.396,5.412,155.252,77.79
6407,cyclic,indexscan,1,master,io_uring,3,32GB,0.01,0.026,10.214,1.327
6408,cyclic,bitmapscan,64,prefetch-simple,worker,12,32GB,0.02,0.036,5.11,1.464
6409,cyclic,bitmapscan,16,prefetch-complex,worker,3,32GB,57.311,57.328,1782.503,868.07
6410,cyclic,bitmapscan,1,prefetch-complex,worker,3,32GB,77.311,77.328,4574.008,1319.969
6411,cyclic,bitmapscan,0,master,worker,3,32GB,47.311,47.328,2722.986,671.003
6412,cyclic,bitmapscan,64,prefetch-simple,sync,3,32GB,0.212,0.228,9.353,4.925
6413,cyclic,indexscan,16,prefetch-simple,worker,3,32GB,0.317,0.334,28.79,10.259
6414,cyclic,indexscan,1,prefetch-simple,sync,3,32GB,0.02,0.038,20.793,1.689
6415,cyclic,bitmapscan,1,prefetch-simple,sync,3,32GB,1.067,1.084,111.1,16.967
6416,cyclic,indexscan,16,prefetch-simple,io_uring,3,32GB,0.014,0.032,5.513,1.455
6417,cyclic,indexscan,64,prefetch-simple,worker,3,32GB,18.208,18.226,931.879,555.796
6418,cyclic,indexscan,64,prefetch-complex,worker,12,32GB,0.014,0.032,25.843,1.688
6419,cyclic,indexscan,64,prefetch-complex,sync,3,32GB,37.311,37.328,2123.227,1164.055
6420,cyclic,indexscan,16,prefetch-complex,worker,12,32GB,77.311,77.328,4119.546,2416.559
6421,cyclic,indexscan,0,prefetch-complex,sync,3,32GB,0.002,0.018,7.824,1.326
6422,cyclic,bitmapscan,16,master,io_uring,3,32GB,2.399,2.416,97.937,35.63
6423,cyclic,indexscan,0,master,io_uring,3,32GB,97.311,97.328,6295.132,2968.418
6424,cyclic,indexscan,64,prefetch-simple,worker,3,32GB,8.093,8.11,440.249,248.86
6425,cyclic,bitmapscan,64,prefetch-simple,worker,12,32GB,2.399,2.416,83.798,34.974
6426,cyclic,bitmapscan,16,master,worker,3,32GB,0.712,0.728,41.952,12.015
6427,cyclic,bitmapscan,64,prefetch-simple,sync,3,32GB,1.066,1.084,57.666,17.141
6428,cyclic,bitmapscan,16,prefetch-complex,io_uring,3,32GB,67.311,67.328,2117.6,1001.46
6429,cyclic,bitmapscan,64,master,sync,3,32GB,0.01,0.028,3.871,1.314
6430,cyclic,indexscan,16,prefetch-simple,worker,3,32GB,1.6,1.616,104.408,50.947
6431,cyclic,bitmapscan,16,prefetch-simple,worker,12,32GB,0.007,0.024,9.835,1.292
6432,cyclic,bitmapscan,1,prefetch-simple,worker,12,32GB,0.001,0.018,9.528,1.149
6433,cyclic,indexscan,0,prefetch-complex,sync,3,32GB,0.003,0.02,8.417,1.282
6434,cyclic,indexscan,16,prefetch-simple,worker,3,32GB,0.064,0.082,30.907,2.879
6435,cyclic,bitmapscan,64,master,sync,3,32GB,3.598,3.614,109.403,51.419
6436,cyclic,bitmapscan,0,prefetch-simple,io_uring,3,32GB,0.142,0.16,22.939,3.825
6437,cyclic,indexscan,16,prefetch-simple,worker,3,32GB,8.093,8.11,437.142,249.663
6438,cyclic,bitmapscan,0,prefetch-complex,io_uring,3,32GB,3.598,3.616,262.004,60.412
6439,cyclic,indexscan,16,prefetch-simple,worker,12,32GB,0.029,0.046,7.598,1.92
6440,cyclic,indexscan,1,prefetch-simple,worker,12,32GB,0.007,0.024,12.409,1.388
6441,cyclic,indexscan,0,prefetch-simple,sync,3,32GB,37.311,37.328,2488.065,1129.251
6442,cyclic,indexscan,64,prefetch-simple,io_uring,3,32GB,0.043,0.06,9.801,2.272
6443,cyclic,indexscan,1,prefetch-simple,worker,12,32GB,37.311,37.328,7702.479,1134.839
6444,cyclic,indexscan,0,master,worker,12,32GB,0.475,0.492,68.876,15.265
6445,cyclic,indexscan,64,master,io_uring,3,32GB,0.475,0.492,64.234,14.917
6446,cyclic,bitmapscan,0,prefetch-complex,worker,12,32GB,57.311,57.328,3233.344,873.681
6447,cyclic,indexscan,64,prefetch-complex,worker,12,32GB,47.311,47.328,2744.391,1460.029
6448,cyclic,bitmapscan,1,prefetch-complex,worker,3,32GB,18.208,18.226,1194.138,283.321
6449,cyclic,indexscan,1,prefetch-complex,worker,12,32GB,57.311,57.328,11603.797,1831.468
6450,cyclic,bitmapscan,1,master,sync,3,32GB,1.067,1.084,131.499,17.136
6451,cyclic,indexscan,0,prefetch-simple,io_uring,3,32GB,0.142,0.158,37.294,5.13
6452,cyclic,indexscan,16,prefetch-simple,worker,12,32GB,12.139,12.156,621.582,373.236
6453,cyclic,bitmapscan,16,master,worker,12,32GB,1.6,1.618,77.592,24.662
6454,cyclic,indexscan,16,prefetch-simple,worker,3,32GB,0.01,0.026,5.594,1.324
6455,cyclic,indexscan,1,prefetch-simple,sync,3,32GB,1.066,1.082,255.201,34.265
6456,cyclic,indexscan,1,prefetch-simple,io_uring,3,32GB,0.014,0.03,15.485,1.599
6457,cyclic,indexscan,16,prefetch-simple,worker,12,32GB,67.311,67.328,3384.752,2052.097
6458,cyclic,bitmapscan,1,prefetch-complex,io_uring,3,32GB,1.067,1.084,130.091,18.538
6459,cyclic,bitmapscan,1,prefetch-complex,sync,3,32GB,0.212,0.228,57.687,5.31
6460,cyclic,indexscan,1,prefetch-complex,sync,3,32GB,57.311,57.328,11546.678,1758.548
6461,cyclic,bitmapscan,64,master,worker,12,32GB,0.712,0.728,29.788,12.532
6462,cyclic,indexscan,16,prefetch-simple,worker,3,32GB,1.066,1.084,68.822,31.853
6463,cyclic,bitmapscan,1,prefetch-complex,worker,3,32GB,0.142,0.158,19.204,4.024
6464,cyclic,bitmapscan,0,prefetch-simple,worker,12,32GB,1.6,1.616,148.414,25.231
6465,cyclic,indexscan,1,prefetch-simple,sync,3,32GB,1.599,1.616,378.867,50.091
6466,cyclic,indexscan,16,master,io_uring,3,32GB,0.475,0.492,68.56,15.271
6467,cyclic,bitmapscan,16,prefetch-complex,worker,3,32GB,37.31,37.328,1074.964,553.554
6468,cyclic,indexscan,0,master,worker,3,32GB,87.311,87.328,5744.153,2698.154
6469,cyclic,bitmapscan,64,prefetch-complex,sync,3,32GB,0.02,0.036,4.406,1.644
6470,cyclic,bitmapscan,1,prefetch-complex,io_uring,3,32GB,8.093,8.11,564.959,123.228
6471,cyclic,indexscan,0,prefetch-simple,worker,3,32GB,0.003,0.02,8.173,1.198
6472,cyclic,bitmapscan,64,prefetch-simple,sync,3,32GB,0.002,0.018,4.147,1.187
6473,cyclic,bitmapscan,16,master,sync,3,32GB,0.013,0.03,4.387,1.352
6474,cyclic,indexscan,64,prefetch-complex,sync,3,32GB,0.003,0.02,3.962,1.307
6475,cyclic,indexscan,0,prefetch-complex,io_uring,3,32GB,57.311,57.328,3823.778,1796.357
6476,cyclic,bitmapscan,1,prefetch-complex,sync,3,32GB,0.141,0.158,21.561,4.167
6477,cyclic,bitmapscan,0,prefetch-complex,io_uring,3,32GB,27.311,27.328,1636.715,431.551
6478,cyclic,bitmapscan,16,prefetch-complex,io_uring,3,32GB,0.043,0.06,5.284,2.222
6479,cyclic,bitmapscan,64,master,sync,3,32GB,0.142,0.16,7.517,3.611
6480,cyclic,bitmapscan,64,master,worker,12,32GB,8.093,8.11,289.375,111.555
6481,cyclic,indexscan,0,prefetch-complex,worker,3,32GB,0.317,0.334,50.978,10.599
6482,cyclic,bitmapscan,16,prefetch-complex,io_uring,3,32GB,0.002,0.02,3.889,1.355
6483,cyclic,bitmapscan,1,prefetch-simple,worker,12,32GB,1.067,1.084,111.409,16.821
6484,cyclic,indexscan,16,prefetch-complex,worker,12,32GB,0.014,0.032,20.008,1.622
6485,cyclic,bitmapscan,1,master,sync,3,32GB,0.141,0.158,19.366,3.935
6486,cyclic,bitmapscan,16,prefetch-simple,io_uring,3,32GB,37.311,37.328,1047.254,514.927
6487,cyclic,indexscan,64,prefetch-simple,worker,3,32GB,0.02,0.036,6.16,1.623
6488,cyclic,bitmapscan,16,master,io_uring,3,32GB,27.31,27.328,709.351,383.475
6489,cyclic,bitmapscan,0,prefetch-complex,worker,3,32GB,37.311,37.328,2178.616,580.566
6490,cyclic,bitmapscan,1,master,worker,3,32GB,0.002,0.02,9.604,1.171
6491,cyclic,bitmapscan,16,prefetch-complex,worker,3,32GB,0.002,0.018,4.775,1.301
6492,cyclic,indexscan,64,prefetch-simple,io_uring,3,32GB,0.475,0.492,76.123,14.228
6493,cyclic,indexscan,0,prefetch-simple,worker,12,32GB,67.311,67.328,4452.93,2038.936
6494,cyclic,indexscan,64,prefetch-complex,worker,3,32GB,87.311,87.328,5193.399,2699.663
6495,cyclic,bitmapscan,64,prefetch-complex,sync,3,32GB,0.064,0.08,5.637,2.519
6496,cyclic,indexscan,1,prefetch-complex,worker,12,32GB,0.474,0.492,128.215,15.727
6497,cyclic,bitmapscan,1,prefetch-complex,worker,12,32GB,37.31,37.326,2248.656,562.144
6498,cyclic,bitmapscan,1,master,worker,12,32GB,0.029,0.046,12.068,1.668
6499,cyclic,bitmapscan,64,prefetch-simple,io_uring,3,32GB,0.317,0.334,15.73,6.651
6500,cyclic,indexscan,64,prefetch-complex,worker,3,32GB,0.142,0.16,18.253,5.202
6501,cyclic,bitmapscan,0,prefetch-complex,worker,12,32GB,12.139,12.156,731.434,192.327
6502,cyclic,bitmapscan,64,prefetch-complex,worker,3,32GB,3.598,3.616,116.48,58.339
6503,cyclic,indexscan,64,master,io_uring,3,32GB,0.01,0.028,10.934,1.36
6504,cyclic,bitmapscan,16,master,io_uring,3,32GB,0.002,0.018,3.667,1.126
6505,cyclic,bitmapscan,0,prefetch-simple,worker,3,32GB,0.317,0.334,67.582,6.814
6506,cyclic,bitmapscan,1,prefetch-complex,worker,3,32GB,0.007,0.024,12.208,1.417
6507,cyclic,bitmapscan,64,master,worker,3,32GB,18.207,18.224,452.863,254.96
6508,cyclic,indexscan,0,master,worker,12,32GB,67.311,67.328,4499.538,2028.773
6509,cyclic,bitmapscan,1,prefetch-simple,io_uring,3,32GB,2.399,2.416,220.624,36.352
6510,cyclic,indexscan,1,prefetch-simple,worker,3,32GB,3.598,3.616,785.282,112.46
6511,cyclic,indexscan,0,master,sync,3,32GB,0.002,0.018,8.273,1.132
6512,cyclic,indexscan,0,prefetch-complex,worker,12,32GB,57.311,57.328,3851.462,1781.57
6513,cyclic,bitmapscan,16,prefetch-simple,sync,3,32GB,57.31,57.326,1770.229,793.067
6514,cyclic,bitmapscan,64,prefetch-complex,io_uring,3,32GB,0.317,0.334,16.026,7.365
6515,cyclic,indexscan,64,master,io_uring,3,32GB,5.396,5.414,405.101,166.315
6516,cyclic,bitmapscan,0,prefetch-complex,worker,3,32GB,0.042,0.06,13.505,2.242
6517,cyclic,bitmapscan,1,prefetch-complex,io_uring,3,32GB,0.009,0.026,10.501,1.42
6518,cyclic,bitmapscan,1,prefetch-simple,io_uring,3,32GB,0.141,0.158,18.91,3.561
6519,cyclic,indexscan,0,prefetch-simple,worker,3,32GB,97.311,97.328,6445.042,2955.608
6520,cyclic,indexscan,16,master,worker,3,32GB,0.712,0.728,82.882,22.249
6521,cyclic,bitmapscan,64,prefetch-complex,sync,3,32GB,3.598,3.614,115.923,57.336
6522,cyclic,indexscan,1,master,io_uring,3,32GB,0.712,0.73,81.087,21.819
6523,cyclic,bitmapscan,64,prefetch-complex,sync,3,32GB,67.311,67.328,2127.021,1006.602
6524,cyclic,bitmapscan,64,prefetch-simple,sync,3,32GB,2.399,2.416,84.459,36.456
6525,cyclic,bitmapscan,1,prefetch-simple,sync,3,32GB,0.211,0.228,42.204,4.784
6526,cyclic,indexscan,0,prefetch-simple,io_uring,3,32GB,12.139,12.156,878.037,378.608
6527,cyclic,indexscan,16,prefetch-simple,worker,3,32GB,87.311,87.328,4359.054,2639.883
6528,cyclic,bitmapscan,16,prefetch-complex,sync,3,32GB,8.093,8.11,293.303,123.2
6529,cyclic,bitmapscan,0,prefetch-simple,worker,3,32GB,77.311,77.328,4215.274,1107.629
6530,cyclic,bitmapscan,1,master,sync,3,32GB,0.317,0.334,65.491,6.835
6531,cyclic,indexscan,1,prefetch-simple,worker,3,32GB,8.093,8.11,2298.88,244.941
6532,cyclic,indexscan,16,master,worker,3,32GB,3.598,3.614,317.433,112.487
6533,cyclic,bitmapscan,16,prefetch-complex,worker,12,32GB,0.003,0.02,3.901,1.3
6534,cyclic,bitmapscan,64,prefetch-complex,sync,3,32GB,8.093,8.11,276.934,123.695
6535,cyclic,bitmapscan,1,master,io_uring,3,32GB,0.013,0.03,9.791,1.358
6536,cyclic,bitmapscan,1,prefetch-simple,worker,3,32GB,0.064,0.082,13.75,2.336
6537,cyclic,indexscan,0,prefetch-complex,worker,12,32GB,0.003,0.02,7.999,1.326
6538,cyclic,bitmapscan,0,prefetch-complex,worker,12,32GB,1.6,1.618,128.773,27.539
6539,cyclic,bitmapscan,1,master,worker,3,32GB,0.064,0.08,28.758,2.42
6540,cyclic,indexscan,16,master,sync,3,32GB,3.598,3.614,287.322,112.014
6541,cyclic,bitmapscan,16,master,sync,3,32GB,0.001,0.018,4.964,1.14
6542,cyclic,indexscan,64,prefetch-complex,worker,3,32GB,0.01,0.028,5.035,1.512
6543,cyclic,bitmapscan,1,master,io_uring,3,32GB,57.311,57.328,3345.922,781.05
6544,cyclic,indexscan,16,prefetch-complex,sync,3,32GB,57.311,57.328,3050.27,1769.834
6545,cyclic,indexscan,64,prefetch-simple,io_uring,3,32GB,0.095,0.112,12.852,3.61
6546,cyclic,bitmapscan,16,prefetch-simple,io_uring,3,32GB,5.396,5.414,161.085,78.92
6547,cyclic,indexscan,1,prefetch-simple,worker,12,32GB,57.311,57.328,11554.3,1734.538
6548,cyclic,indexscan,1,prefetch-simple,sync,3,32GB,0.013,0.03,16.136,1.525
6549,cyclic,indexscan,1,prefetch-simple,worker,3,32GB,5.396,5.414,1120.209,163.737
6550,cyclic,indexscan,0,prefetch-complex,worker,12,32GB,18.208,18.224,1301.591,570.115
6551,cyclic,bitmapscan,0,master,worker,12,32GB,0.01,0.026,8.248,1.344
6552,cyclic,bitmapscan,1,master,worker,3,32GB,0.007,0.024,10.492,1.273
6553,cyclic,indexscan,0,prefetch-complex,io_uring,3,32GB,27.311,27.328,1884.998,853.729
6554,cyclic,bitmapscan,64,prefetch-complex,io_uring,3,32GB,0.005,0.022,4.137,1.351
6555,cyclic,bitmapscan,1,prefetch-simple,io_uring,3,32GB,0.475,0.492,54.511,8.752
6556,cyclic,bitmapscan,16,master,sync,3,32GB,0.211,0.228,9.417,4.859
6557,cyclic,indexscan,16,master,io_uring,3,32GB,57.311,57.328,3777.504,1727.654
6558,cyclic,bitmapscan,1,prefetch-complex,worker,3,32GB,5.395,5.412,408.112,85.282
6559,cyclic,bitmapscan,16,prefetch-simple,sync,3,32GB,77.311,77.328,2382.768,1064.924
6560,cyclic,indexscan,64,master,worker,12,32GB,37.311,37.328,2528.216,1147.158
6561,cyclic,indexscan,0,prefetch-complex,io_uring,3,32GB,0.317,0.334,46.005,10.719
6562,cyclic,indexscan,0,prefetch-simple,worker,3,32GB,0.212,0.23,51.576,7.485
6563,cyclic,bitmapscan,1,prefetch-simple,worker,12,32GB,0.475,0.492,55.34,8.881
6564,cyclic,bitmapscan,64,prefetch-simple,worker,12,32GB,27.311,27.328,726.973,383.806
6565,cyclic,indexscan,64,master,worker,3,32GB,0.043,0.06,20.063,2.303
6566,cyclic,bitmapscan,64,master,worker,12,32GB,37.311,37.328,1045.561,521.941
6567,cyclic,indexscan,64,prefetch-complex,worker,12,32GB,0.211,0.228,22.03,7.156
6568,cyclic,bitmapscan,64,prefetch-simple,sync,3,32GB,0.014,0.032,4.244,1.442
6569,cyclic,bitmapscan,1,master,worker,12,32GB,0.003,0.02,11.07,1.168
6570,cyclic,bitmapscan,1,master,io_uring,3,32GB,47.31,47.326,2783.483,651.488
6571,cyclic,indexscan,16,prefetch-complex,sync,3,32GB,97.31,97.326,5233.086,3013.594
6572,cyclic,indexscan,64,master,worker,3,32GB,1.6,1.616,155.243,51.317
6573,cyclic,bitmapscan,1,prefetch-simple,worker,12,32GB,0.006,0.024,9.66,1.243
6574,cyclic,indexscan,16,master,worker,12,32GB,0.043,0.06,21.437,2.3
6575,cyclic,bitmapscan,0,prefetch-simple,worker,12,32GB,0.002,0.018,7.401,1.195
6576,cyclic,bitmapscan,64,master,io_uring,3,32GB,3.598,3.614,119.426,52.546
6577,cyclic,bitmapscan,1,prefetch-simple,io_uring,3,32GB,0.212,0.228,30.765,5.101
6578,cyclic,indexscan,0,prefetch-simple,worker,12,32GB,0.003,0.02,8.324,1.157
6579,cyclic,bitmapscan,16,prefetch-complex,worker,12,32GB,0.029,0.046,4.721,1.899
6580,cyclic,bitmapscan,0,master,worker,12,32GB,0.003,0.02,7.548,1.16
6581,cyclic,bitmapscan,1,master,worker,3,32GB,0.01,0.028,10.519,1.296
6582,cyclic,bitmapscan,64,master,worker,3,32GB,0.004,0.022,3.678,1.202
6583,cyclic,indexscan,1,prefetch-simple,worker,12,32GB,87.311,87.328,17472.419,2631.026
6584,cyclic,bitmapscan,0,master,sync,3,32GB,87.311,87.328,4793.628,1225.889
6585,cyclic,bitmapscan,1,master,worker,3,32GB,0.002,0.018,9.8,1.222
6586,cyclic,bitmapscan,1,prefetch-simple,sync,3,32GB,12.139,12.156,765.058,174.624
6587,cyclic,indexscan,0,prefetch-complex,worker,12,32GB,0.093,0.11,29.178,4.082
6588,cyclic,indexscan,16,prefetch-simple,worker,12,32GB,27.311,27.328,1379.158,822.041
6589,cyclic,indexscan,1,prefetch-simple,worker,12,32GB,0.003,0.02,10.112,1.14
6590,cyclic,bitmapscan,16,master,worker,12,32GB,0.014,0.032,4.128,1.394
6591,cyclic,bitmapscan,64,prefetch-simple,worker,3,32GB,0.007,0.024,3.83,1.248
6592,cyclic,bitmapscan,16,prefetch-simple,worker,12,32GB,3.598,3.616,147.251,51.923
6593,cyclic,bitmapscan,16,master,io_uring,3,32GB,12.139,12.156,361.107,171.747
6594,cyclic,indexscan,0,master,worker,12,32GB,0.004,0.02,7.887,1.155
6595,cyclic,indexscan,64,prefetch-complex,sync,3,32GB,0.009,0.026,4.731,1.503
6596,cyclic,bitmapscan,16,prefetch-complex,worker,3,32GB,0.004,0.022,3.902,1.369
6597,cyclic,bitmapscan,0,prefetch-simple,io_uring,3,32GB,77.311,77.328,5851.264,1075.523
6598,cyclic,bitmapscan,64,prefetch-complex,worker,12,32GB,47.311,47.328,1448.767,711.111
6599,cyclic,bitmapscan,1,master,io_uring,3,32GB,67.311,67.328,3898.251,930.807
6600,cyclic,indexscan,1,master,worker,12,32GB,3.597,3.614,290.376,112.184
6601,cyclic,indexscan,0,prefetch-complex,io_uring,3,32GB,0.02,0.038,26.18,1.971
6602,cyclic,bitmapscan,16,prefetch-simple,worker,3,32GB,67.311,67.328,2038.649,923.449
6603,cyclic,indexscan,0,prefetch-complex,sync,3,32GB,0.142,0.158,31.23,5.238
6604,cyclic,bitmapscan,0,master,worker,12,32GB,77.311,77.328,4179.927,1089.594
6605,cyclic,indexscan,64,prefetch-simple,worker,3,32GB,0.007,0.024,4.632,1.334
6606,cyclic,indexscan,64,prefetch-simple,worker,3,32GB,27.311,27.328,1384.663,826.339
6607,cyclic,indexscan,64,master,io_uring,3,32GB,97.31,97.328,6369.211,2951.41
6608,cyclic,indexscan,64,master,io_uring,3,32GB,0.014,0.03,10.721,1.432
6609,cyclic,bitmapscan,1,prefetch-simple,io_uring,3,32GB,0.007,0.024,9.44,1.278
6610,cyclic,bitmapscan,64,prefetch-complex,io_uring,3,32GB,5.396,5.412,184.669,84.155
6611,cyclic,indexscan,0,prefetch-complex,worker,12,32GB,1.6,1.616,167.96,52.863
6612,cyclic,indexscan,64,master,worker,3,32GB,37.31,37.328,2521.53,1131.083
6613,cyclic,bitmapscan,1,master,worker,3,32GB,3.598,3.614,261.842,52.886
6614,cyclic,bitmapscan,0,prefetch-complex,worker,12,32GB,0.014,0.032,8.72,1.612
6615,cyclic,indexscan,16,prefetch-complex,worker,12,32GB,0.003,0.02,4.858,1.361
6616,cyclic,bitmapscan,1,prefetch-complex,io_uring,3,32GB,0.712,0.73,93.411,13.521
6617,cyclic,bitmapscan,0,prefetch-simple,worker,3,32GB,0.095,0.112,14.46,3.011
6618,cyclic,bitmapscan,0,prefetch-complex,sync,3,32GB,97.311,97.328,5424.043,1490.736
6619,cyclic,bitmapscan,1,master,worker,3,32GB,5.396,5.414,379.5,79.367
6620,cyclic,bitmapscan,1,prefetch-simple,io_uring,3,32GB,87.311,87.328,5150.216,1207.048
6621,cyclic,bitmapscan,0,master,io_uring,3,32GB,5.395,5.412,350.518,82.185
6622,cyclic,indexscan,64,prefetch-simple,sync,3,32GB,0.475,0.492,39.142,14.857
6623,cyclic,bitmapscan,16,prefetch-simple,worker,3,32GB,0.317,0.334,15.893,6.529
6624,cyclic,bitmapscan,64,master,io_uring,3,32GB,8.093,8.11,222.35,114.303
6625,cyclic,bitmapscan,0,master,io_uring,3,32GB,0.01,0.028,8.278,1.405
6626,cyclic,bitmapscan,0,prefetch-complex,worker,3,32GB,0.002,0.018,7.523,1.279
6627,cyclic,indexscan,0,master,io_uring,3,32GB,12.138,12.154,844.059,367.445
6628,cyclic,bitmapscan,16,prefetch-simple,worker,3,32GB,57.311,57.328,1756.772,787.833
6629,cyclic,bitmapscan,0,master,sync,3,32GB,27.31,27.326,1569.567,399.708
6630,cyclic,indexscan,1,prefetch-simple,sync,3,32GB,0.043,0.06,28.695,2.412
6631,cyclic,bitmapscan,0,prefetch-simple,worker,12,32GB,5.395,5.412,320.332,80.179
6632,cyclic,bitmapscan,64,prefetch-complex,worker,12,32GB,0.004,0.022,15.907,1.419
6633,cyclic,bitmapscan,64,prefetch-complex,io_uring,3,32GB,47.311,47.328,1425.626,707.67
6634,cyclic,bitmapscan,1,prefetch-simple,worker,3,32GB,97.311,97.328,5682.959,1338.699
6635,cyclic,indexscan,1,prefetch-simple,worker,3,32GB,0.043,0.06,26.943,2.325
6636,cyclic,indexscan,1,prefetch-simple,io_uring,3,32GB,3.598,3.614,761.449,112.253
6637,cyclic,indexscan,1,master,worker,3,32GB,0.02,0.038,13.959,1.615
6638,cyclic,indexscan,16,master,io_uring,3,32GB,0.142,0.158,33.64,5.036
6639,cyclic,indexscan,64,master,worker,12,32GB,18.208,18.226,1210.836,547.59
6640,cyclic,bitmapscan,0,prefetch-complex,worker,3,32GB,0.02,0.038,9.417,1.711
6641,cyclic,bitmapscan,0,master,worker,12,32GB,2.399,2.416,175.344,37.584
6642,cyclic,bitmapscan,0,master,sync,3,32GB,67.311,67.328,3675.503,949.272
6643,cyclic,indexscan,1,master,io_uring,3,32GB,0.095,0.112,27.614,3.768
6644,cyclic,indexscan,0,prefetch-complex,worker,12,32GB,8.092,8.108,578.431,252.08
6645,cyclic,indexscan,1,prefetch-complex,worker,3,32GB,0.004,0.02,9.989,1.307
6646,cyclic,indexscan,1,master,worker,12,32GB,0.316,0.332,46.694,9.842
6647,cyclic,indexscan,0,master,io_uring,3,32GB,0.002,0.018,7.578,1.112
6648,cyclic,bitmapscan,64,prefetch-complex,io_uring,3,32GB,2.399,2.416,110.607,37.991
6649,cyclic,bitmapscan,16,master,sync,3,32GB,5.396,5.412,159.56,79.289
6650,cyclic,indexscan,1,prefetch-complex,worker,3,32GB,0.475,0.492,141.629,16.472
6651,cyclic,indexscan,1,prefetch-complex,worker,3,32GB,37.311,37.328,7543.378,1155.355
6652,cyclic,bitmapscan,64,prefetch-simple,io_uring,3,32GB,0.029,0.046,4.406,1.767
6653,cyclic,indexscan,1,master,io_uring,3,32GB,77.311,77.328,5030.411,2330.775
6654,cyclic,indexscan,64,master,worker,12,32GB,0.028,0.046,28.951,2.286
6655,cyclic,bitmapscan,1,master,worker,3,32GB,0.02,0.038,10.904,1.584
6656,cyclic,indexscan,64,prefetch-simple,sync,3,32GB,0.01,0.026,5.902,1.391
6657,cyclic,bitmapscan,64,prefetch-simple,worker,3,32GB,0.095,0.112,6.435,2.912
6658,cyclic,bitmapscan,16,prefetch-simple,worker,12,32GB,18.208,18.226,502.497,259.967
6659,cyclic,bitmapscan,1,prefetch-simple,io_uring,3,32GB,67.311,67.328,4003.418,924.556
6660,cyclic,indexscan,64,master,sync,3,32GB,18.208,18.226,1266.57,553.924
6661,cyclic,indexscan,64,master,sync,3,32GB,0.212,0.228,38.746,7.086
6662,cyclic,indexscan,16,prefetch-complex,io_uring,3,32GB,0.007,0.024,4.725,1.472
6663,cyclic,bitmapscan,64,prefetch-complex,io_uring,3,32GB,0.002,0.02,3.944,1.384
6664,cyclic,indexscan,1,prefetch-complex,worker,12,32GB,0.004,0.022,10.709,1.319
6665,cyclic,indexscan,16,master,worker,3,32GB,1.067,1.084,114.157,33.899
6666,cyclic,bitmapscan,16,master,worker,12,32GB,0.064,0.082,5.571,2.3
6667,cyclic,indexscan,1,master,worker,12,32GB,27.311,27.328,1805.352,818.161
6668,cyclic,bitmapscan,16,prefetch-simple,worker,12,32GB,0.009,0.026,3.816,1.323
6669,cyclic,bitmapscan,64,prefetch-complex,sync,3,32GB,77.311,77.328,2463.622,1146.442
6670,cyclic,bitmapscan,1,master,worker,3,32GB,0.317,0.334,39.771,6.647
6671,cyclic,bitmapscan,0,prefetch-simple,sync,3,32GB,0.475,0.492,64.426,9.098
6672,cyclic,indexscan,64,prefetch-simple,worker,3,32GB,0.212,0.23,32.296,6.985
6673,cyclic,bitmapscan,64,prefetch-complex,io_uring,3,32GB,1.066,1.084,47.215,18.46
6674,cyclic,bitmapscan,1,prefetch-simple,worker,12,32GB,0.029,0.046,11.657,1.67
6675,cyclic,bitmapscan,16,master,io_uring,3,32GB,3.598,3.614,109.049,51.796
6676,cyclic,bitmapscan,64,prefetch-complex,io_uring,3,32GB,0.095,0.112,6.617,3.171
6677,cyclic,bitmapscan,16,prefetch-complex,worker,12,32GB,0.712,0.73,29.421,13.481
6678,cyclic,indexscan,0,master,worker,3,32GB,0.317,0.334,44.924,9.919
6679,cyclic,indexscan,64,prefetch-simple,sync,3,32GB,0.043,0.06,11.072,2.236
6680,cyclic,indexscan,1,prefetch-simple,io_uring,3,32GB,8.093,8.11,1673.254,244.866
6681,cyclic,bitmapscan,16,prefetch-complex,sync,3,32GB,67.311,67.328,2103.492,1016.48
6682,cyclic,bitmapscan,64,prefetch-simple,sync,3,32GB,0.007,0.024,14.453,1.381
6683,cyclic,bitmapscan,0,prefetch-simple,worker,12,32GB,47.311,47.328,2701.687,680.316
6684,cyclic,indexscan,16,prefetch-simple,sync,3,32GB,67.311,67.328,3440.177,2033.048
6685,cyclic,bitmapscan,16,prefetch-complex,worker,3,32GB,0.475,0.492,20.195,9.708
6686,cyclic,indexscan,0,master,worker,3,32GB,0.007,0.024,17.027,1.287
6687,cyclic,bitmapscan,0,master,worker,3,32GB,0.029,0.046,9.586,1.754
6688,cyclic,indexscan,16,master,worker,3,32GB,0.014,0.032,12.363,1.49
6689,cyclic,bitmapscan,16,master,sync,3,32GB,0.475,0.492,19.798,9.029
6690,cyclic,indexscan,0,prefetch-simple,io_uring,3,32GB,1.6,1.618,153.387,51.346
6691,cyclic,indexscan,64,master,sync,3,32GB,1.6,1.618,154.768,50.729
6692,cyclic,bitmapscan,0,master,worker,12,32GB,87.311,87.328,4799.215,1222.442
6693,cyclic,bitmapscan,1,prefetch-simple,sync,3,32GB,0.475,0.492,60.115,8.905
6694,cyclic,indexscan,0,prefetch-complex,worker,3,32GB,0.007,0.024,10.683,1.468
6695,cyclic,bitmapscan,0,master,worker,12,32GB,1.067,1.084,154.346,17.327
6696,cyclic,bitmapscan,16,prefetch-simple,worker,3,32GB,0.474,0.492,19.948,8.952
6697,cyclic,bitmapscan,16,prefetch-simple,worker,12,32GB,2.399,2.416,80.083,35.072
6698,cyclic,indexscan,1,master,worker,12,32GB,1.066,1.084,112.535,33.524
6699,cyclic,indexscan,1,prefetch-simple,worker,12,32GB,3.597,3.614,758.793,109.866
6700,cyclic,indexscan,0,master,worker,12,32GB,0.02,0.036,13.144,1.577
6701,cyclic,indexscan,64,master,worker,12,32GB,0.212,0.23,39.127,7.299
6702,cyclic,indexscan,64,master,worker,3,32GB,0.711,0.728,80.011,22.925
6703,cyclic,bitmapscan,64,prefetch-complex,sync,3,32GB,0.095,0.112,6.718,3.264
6704,cyclic,bitmapscan,64,prefetch-simple,io_uring,3,32GB,0.043,0.06,4.813,1.983
6705,cyclic,indexscan,0,prefetch-complex,worker,3,32GB,0.004,0.02,9.259,1.363
6706,cyclic,bitmapscan,1,master,worker,3,32GB,37.311,37.328,2167.471,518.09
6707,cyclic,indexscan,16,master,sync,3,32GB,0.002,0.02,7.802,1.14
6708,cyclic,indexscan,64,prefetch-simple,sync,3,32GB,0.712,0.728,47.915,22.519
6709,cyclic,bitmapscan,0,master,worker,12,32GB,12.139,12.156,720.175,179.302
6710,cyclic,bitmapscan,1,prefetch-simple,worker,12,32GB,37.311,37.328,2210.07,522.924
6711,cyclic,indexscan,1,prefetch-complex,worker,12,32GB,0.712,0.73,190.635,23.656
6712,cyclic,bitmapscan,64,prefetch-complex,io_uring,3,32GB,3.598,3.616,155.765,56.62
6713,cyclic,bitmapscan,1,prefetch-simple,io_uring,3,32GB,47.311,47.328,2825.057,649.065
6714,cyclic,indexscan,1,master,worker,12,32GB,0.013,0.03,11.048,1.399
6715,cyclic,bitmapscan,1,master,worker,12,32GB,3.598,3.614,252.061,52.413
6716,cyclic,bitmapscan,1,master,worker,3,32GB,57.311,57.328,3308.055,782.95
6717,cyclic,bitmapscan,64,prefetch-complex,sync,3,32GB,5.395,5.412,193.863,84.346
6718,cyclic,indexscan,64,master,sync,3,32GB,0.142,0.158,34.514,5.169
6719,cyclic,bitmapscan,0,prefetch-complex,worker,3,32GB,0.002,0.018,8.688,1.392
6720,cyclic,bitmapscan,0,master,sync,3,32GB,0.712,0.728,74.938,12.593
6721,cyclic,indexscan,1,prefetch-simple,worker,12,32GB,1.067,1.084,258.079,34.502
6722,cyclic,indexscan,64,prefetch-complex,io_uring,3,32GB,0.142,0.16,15.605,5.12
6723,cyclic,indexscan,16,prefetch-simple,worker,12,32GB,87.311,87.328,4437.731,2621.282
6724,cyclic,indexscan,1,prefetch-simple,worker,12,32GB,2.399,2.416,537.233,76.438
6725,cyclic,bitmapscan,16,master,worker,3,32GB,0.064,0.082,5.645,2.3
6726,cyclic,bitmapscan,0,master,worker,3,32GB,0.142,0.16,32.071,3.72
6727,cyclic,bitmapscan,16,prefetch-simple,worker,12,32GB,0.212,0.228,9.627,4.834
6728,cyclic,bitmapscan,1,prefetch-simple,worker,3,32GB,3.598,3.616,263.027,51.479
6729,cyclic,indexscan,16,prefetch-complex,worker,12,32GB,12.139,12.156,650.365,378.339
6730,cyclic,indexscan,0,prefetch-complex,sync,3,32GB,27.311,27.328,1916.542,854.587
6731,cyclic,bitmapscan,64,prefetch-simple,sync,3,32GB,97.311,97.328,3097.572,1341.365
6732,cyclic,bitmapscan,0,prefetch-simple,sync,3,32GB,0.01,0.028,8.256,1.433
6733,cyclic,bitmapscan,64,master,sync,3,32GB,1.067,1.084,37.529,16.953
6734,cyclic,indexscan,0,master,io_uring,3,32GB,0.01,0.028,15.291,1.4
6735,cyclic,indexscan,0,prefetch-complex,worker,3,32GB,0.028,0.046,16.785,2.125
6736,cyclic,indexscan,64,master,io_uring,3,32GB,0.005,0.022,10.91,1.213
6737,cyclic,bitmapscan,64,prefetch-simple,sync,3,32GB,0.064,0.08,5.603,2.352
6738,cyclic,bitmapscan,16,master,sync,3,32GB,0.01,0.026,4.152,1.342
6739,cyclic,indexscan,1,master,worker,3,32GB,37.31,37.326,2465.03,1135.236
6740,cyclic,bitmapscan,0,master,worker,12,32GB,18.208,18.224,1044.774,269.248
6741,cyclic,indexscan,0,master,io_uring,3,32GB,0.142,0.158,28.731,4.931
6742,cyclic,indexscan,64,prefetch-simple,worker,12,32GB,0.003,0.02,4.694,1.18
6743,cyclic,indexscan,16,master,sync,3,32GB,8.093,8.11,588.598,251.661
6744,cyclic,bitmapscan,0,master,sync,3,32GB,0.475,0.492,53.135,9.258
6745,cyclic,bitmapscan,64,prefetch-simple,io_uring,3,32GB,18.207,18.224,547.508,262.031
6746,cyclic,indexscan,1,master,sync,3,32GB,0.005,0.022,21.647,1.292
6747,cyclic,indexscan,64,master,worker,3,32GB,0.01,0.028,11.434,1.389
6748,cyclic,bitmapscan,0,prefetch-simple,worker,12,32GB,0.043,0.06,11.849,1.935
6749,cyclic,indexscan,1,prefetch-simple,io_uring,3,32GB,0.712,0.73,176.116,22.532
6750,cyclic,bitmapscan,1,prefetch-simple,worker,3,32GB,0.002,0.018,14.841,1.207
6751,cyclic,indexscan,0,master,io_uring,3,32GB,77.311,77.328,5167.316,2306.547
6752,cyclic,indexscan,16,prefetch-simple,sync,3,32GB,57.31,57.326,2907.98,1734.963
6753,cyclic,bitmapscan,64,prefetch-simple,io_uring,3,32GB,3.598,3.614,117.738,51.935
6754,cyclic,bitmapscan,0,master,worker,12,32GB,97.311,97.328,5566.818,1355.186
6755,cyclic,indexscan,0,master,worker,3,32GB,0.141,0.158,33.02,4.998
6756,cyclic,indexscan,0,prefetch-complex,io_uring,3,32GB,0.095,0.112,51.161,3.969
6757,cyclic,indexscan,0,prefetch-simple,worker,3,32GB,0.007,0.024,10.392,1.28
6758,cyclic,bitmapscan,0,prefetch-simple,sync,3,32GB,0.317,0.334,34.89,6.732
6759,cyclic,indexscan,1,prefetch-complex,worker,12,32GB,27.311,27.328,5577.375,839.442
6760,cyclic,indexscan,16,prefetch-complex,io_uring,3,32GB,0.003,0.02,3.986,1.408
6761,cyclic,indexscan,64,prefetch-complex,io_uring,3,32GB,47.311,47.328,2653.591,1466.094
6762,cyclic,indexscan,16,master,worker,3,32GB,0.317,0.334,48.348,10.293
6763,cyclic,indexscan,64,prefetch-simple,worker,12,32GB,0.475,0.492,37.819,14.041
6764,cyclic,bitmapscan,0,prefetch-complex,worker,3,32GB,3.598,3.614,235.601,58.1
6765,cyclic,indexscan,64,prefetch-complex,sync,3,32GB,5.396,5.414,317.804,168.2
6766,cyclic,bitmapscan,16,master,io_uring,3,32GB,0.095,0.112,7.947,2.866
6767,cyclic,indexscan,0,master,io_uring,3,32GB,0.064,0.082,22.783,2.926
6768,cyclic,indexscan,16,prefetch-simple,worker,3,32GB,5.396,5.414,285.581,165.754
6769,cyclic,bitmapscan,1,prefetch-simple,worker,3,32GB,0.005,0.022,9.397,1.222
6770,cyclic,bitmapscan,1,master,io_uring,3,32GB,0.007,0.024,14.639,1.212
6771,cyclic,bitmapscan,16,prefetch-simple,worker,3,32GB,0.004,0.02,6.116,1.193
6772,cyclic,bitmapscan,1,master,sync,3,32GB,0.003,0.02,12.279,1.146
6773,cyclic,bitmapscan,64,master,io_uring,3,32GB,47.311,47.328,1466.881,658.159
6774,cyclic,bitmapscan,1,master,worker,3,32GB,0.212,0.228,33.428,5.239
6775,cyclic,bitmapscan,0,prefetch-simple,sync,3,32GB,0.014,0.032,9.513,1.414
6776,cyclic,bitmapscan,0,prefetch-complex,worker,12,32GB,0.002,0.018,7.808,1.361
6777,cyclic,bitmapscan,1,prefetch-complex,worker,12,32GB,18.207,18.224,1271.9,284.549
6778,cyclic,indexscan,1,prefetch-complex,io_uring,3,32GB,0.002,0.018,9.058,1.248
6779,cyclic,bitmapscan,64,prefetch-simple,io_uring,3,32GB,0.02,0.038,5.273,1.557
6780,cyclic,indexscan,64,prefetch-simple,io_uring,3,32GB,57.31,57.326,2897.686,1720.639
6781,cyclic,bitmapscan,16,master,io_uring,3,32GB,8.092,8.108,266.034,115.531
6782,cyclic,indexscan,64,master,worker,3,32GB,57.311,57.328,3808.911,1716.977
6783,cyclic,indexscan,0,prefetch-complex,worker,12,32GB,0.005,0.022,9.998,1.418
6784,cyclic,indexscan,0,master,io_uring,3,32GB,0.475,0.492,61.994,15.252
6785,cyclic,bitmapscan,0,master,worker,12,32GB,37.311,37.328,2118.155,525.26
6786,cyclic,bitmapscan,64,master,worker,12,32GB,27.31,27.326,715.153,380.798
6787,cyclic,indexscan,16,prefetch-complex,worker,3,32GB,0.064,0.082,14.289,3.082
6788,cyclic,indexscan,0,prefetch-simple,worker,12,32GB,2.399,2.416,196.033,75.369
6789,cyclic,indexscan,16,master,io_uring,3,32GB,77.311,77.328,5082.298,2328.44
6790,cyclic,indexscan,16,prefetch-simple,sync,3,32GB,0.095,0.112,12.914,3.63
6791,cyclic,bitmapscan,16,master,worker,12,32GB,12.139,12.156,335.514,172.348
6792,cyclic,indexscan,1,prefetch-simple,worker,12,32GB,0.712,0.73,176.547,23.225
6793,cyclic,bitmapscan,1,prefetch-complex,io_uring,3,32GB,0.029,0.046,11.511,1.889
6794,cyclic,indexscan,16,prefetch-simple,worker,3,32GB,3.598,3.614,196.335,111.457
6795,cyclic,bitmapscan,16,prefetch-simple,sync,3,32GB,8.093,8.11,234.418,113.818
6796,cyclic,indexscan,0,master,worker,12,32GB,0.005,0.022,8.5,1.2
6797,cyclic,indexscan,16,master,worker,12,32GB,18.207,18.224,1248.456,560.3
6798,cyclic,bitmapscan,64,master,worker,3,32GB,0.029,0.046,5.635,1.703
6799,cyclic,indexscan,1,prefetch-simple,io_uring,3,32GB,0.029,0.046,22.679,1.883
6800,cyclic,bitmapscan,1,master,sync,3,32GB,0.006,0.022,9.197,1.188
6801,cyclic,indexscan,1,prefetch-simple,worker,3,32GB,97.31,97.328,19586.398,2924.184
6802,cyclic,bitmapscan,16,prefetch-simple,worker,3,32GB,18.208,18.224,483.501,264.189
6803,cyclic,bitmapscan,0,master,io_uring,3,32GB,1.599,1.616,131.165,25.472
6804,cyclic,bitmapscan,16,prefetch-simple,io_uring,3,32GB,0.317,0.334,15.347,6.541
6805,cyclic,indexscan,1,master,io_uring,3,32GB,0.003,0.02,8.069,1.128
6806,cyclic,indexscan,16,prefetch-complex,io_uring,3,32GB,0.095,0.112,12.404,3.965
6807,cyclic,bitmapscan,1,prefetch-complex,sync,3,32GB,57.311,57.328,3339.301,849.724
6808,cyclic,indexscan,64,master,worker,3,32GB,2.399,2.416,207.947,75.616
6809,cyclic,bitmapscan,1,master,worker,12,32GB,0.212,0.23,24.772,4.703
6810,cyclic,indexscan,1,prefetch-simple,worker,3,32GB,0.211,0.228,76.162,7.656
6811,cyclic,indexscan,64,master,sync,3,32GB,0.029,0.046,17.403,1.86
6812,cyclic,bitmapscan,16,master,worker,3,32GB,0.009,0.026,3.997,1.271
6813,cyclic,bitmapscan,64,prefetch-complex,sync,3,32GB,0.029,0.046,4.856,1.909
6814,cyclic,bitmapscan,16,prefetch-complex,worker,3,32GB,18.208,18.226,500.423,279.66
6815,cyclic,indexscan,0,master,sync,3,32GB,1.067,1.084,119.023,33.629
6816,cyclic,indexscan,64,prefetch-complex,worker,3,32GB,57.311,57.328,3211.839,1760.149
6817,cyclic,bitmapscan,0,prefetch-complex,io_uring,3,32GB,0.212,0.23,25.998,5.496
6818,cyclic,bitmapscan,1,prefetch-complex,sync,3,32GB,77.311,77.328,4491.031,1162.694
6819,cyclic,bitmapscan,16,prefetch-complex,worker,3,32GB,5.396,5.414,171.568,85.509
6820,cyclic,indexscan,16,master,worker,12,32GB,87.311,87.328,5829.441,2682.109
6821,cyclic,indexscan,16,prefetch-complex,worker,3,32GB,8.093,8.11,464.596,254.685
6822,cyclic,bitmapscan,64,prefetch-simple,worker,12,32GB,0.029,0.046,4.659,1.735
6823,cyclic,bitmapscan,64,prefetch-complex,io_uring,3,32GB,0.142,0.158,18.762,4.105
6824,cyclic,bitmapscan,64,master,worker,3,32GB,0.002,0.018,6.393,1.113
6825,cyclic,bitmapscan,64,prefetch-complex,worker,12,32GB,0.475,0.492,19.946,9.557
6826,cyclic,indexscan,0,master,io_uring,3,32GB,0.043,0.06,20.48,2.308
6827,cyclic,indexscan,1,master,sync,3,32GB,0.003,0.02,7.757,1.14
6828,cyclic,bitmapscan,16,prefetch-simple,sync,3,32GB,0.064,0.082,5.763,2.461
6829,cyclic,bitmapscan,1,prefetch-simple,io_uring,3,32GB,0.712,0.73,72.315,12.453
6830,cyclic,bitmapscan,1,prefetch-complex,sync,3,32GB,27.311,27.328,1660.705,416.63
6831,cyclic,indexscan,64,prefetch-complex,worker,12,32GB,0.317,0.334,31.767,10.277
6832,cyclic,bitmapscan,64,prefetch-complex,sync,3,32GB,0.004,0.022,4.063,1.387
6833,cyclic,indexscan,16,prefetch-complex,sync,3,32GB,0.006,0.022,4.428,1.446
6834,cyclic,bitmapscan,64,master,io_uring,3,32GB,18.208,18.226,539.12,255.947
6835,cyclic,bitmapscan,16,prefetch-simple,io_uring,3,32GB,0.003,0.02,3.734,1.175
6836,cyclic,bitmapscan,64,prefetch-simple,worker,12,32GB,0.01,0.028,5.237,1.357
6837,cyclic,indexscan,64,master,worker,3,32GB,67.311,67.328,4427.908,2028.205
6838,cyclic,bitmapscan,0,prefetch-complex,worker,3,32GB,0.475,0.492,64.98,9.637
6839,cyclic,indexscan,16,master,worker,12,32GB,47.31,47.326,3146.184,1437.67
6840,cyclic,bitmapscan,16,prefetch-complex,worker,3,32GB,87.311,87.328,2856.143,1304.964
6841,cyclic,bitmapscan,16,master,worker,12,32GB,97.311,97.328,3086.295,1328.192
6842,cyclic,indexscan,0,master,sync,3,32GB,87.311,87.328,5738.816,2655.033
6843,cyclic,bitmapscan,64,prefetch-complex,sync,3,32GB,1.6,1.616,63.274,26.811
6844,cyclic,bitmapscan,0,master,io_uring,3,32GB,0.002,0.02,7.399,1.114
6845,cyclic,bitmapscan,16,prefetch-simple,worker,12,32GB,77.311,77.328,2380.864,1059.178
6846,cyclic,indexscan,1,prefetch-simple,worker,3,32GB,67.311,67.328,13515.235,2041.547
6847,cyclic,indexscan,0,prefetch-simple,sync,3,32GB,0.005,0.022,19.335,1.28
6848,cyclic,bitmapscan,64,master,worker,12,32GB,0.475,0.492,25.835,8.883
6849,cyclic,bitmapscan,0,prefetch-complex,io_uring,3,32GB,97.311,97.328,5406.82,1478.236
6850,cyclic,bitmapscan,0,prefetch-simple,io_uring,3,32GB,0.317,0.334,38.286,6.754
6851,cyclic,bitmapscan,0,prefetch-simple,worker,3,32GB,1.6,1.618,136.44,25.563
6852,cyclic,indexscan,64,prefetch-simple,worker,3,32GB,0.002,0.02,4.066,1.233
6853,cyclic,bitmapscan,0,prefetch-simple,worker,3,32GB,12.139,12.156,683.209,177.421
6854,cyclic,indexscan,64,prefetch-complex,worker,3,32GB,0.02,0.038,6.379,1.817
6855,cyclic,indexscan,0,prefetch-simple,io_uring,3,32GB,2.399,2.416,205.763,75.228
6856,cyclic,indexscan,16,prefetch-simple,sync,3,32GB,37.311,37.328,1924.273,1152.386
6857,cyclic,indexscan,64,prefetch-simple,sync,3,32GB,67.311,67.328,3426.441,2040.142
6858,cyclic,indexscan,0,prefetch-simple,sync,3,32GB,0.475,0.492,66.887,15.326
6859,cyclic,bitmapscan,16,prefetch-simple,sync,3,32GB,0.007,0.024,4.244,1.227
6860,cyclic,bitmapscan,0,prefetch-simple,io_uring,3,32GB,0.002,0.018,17.343,1.154
6861,cyclic,bitmapscan,0,master,worker,12,32GB,1.6,1.618,137.857,24.707
6862,cyclic,indexscan,64,prefetch-complex,sync,3,32GB,1.599,1.616,116.397,50.275
6863,cyclic,indexscan,64,prefetch-complex,worker,3,32GB,1.6,1.618,109.419,50.812
6864,cyclic,bitmapscan,64,prefetch-complex,io_uring,3,32GB,0.009,0.026,4.179,1.442
6865,cyclic,indexscan,16,master,worker,3,32GB,0.029,0.046,19.177,1.89
6866,cyclic,bitmapscan,1,master,worker,12,32GB,0.01,0.026,12.763,1.265
6867,cyclic,indexscan,0,prefetch-simple,worker,3,32GB,0.02,0.036,14.026,1.701
6868,cyclic,bitmapscan,0,master,io_uring,3,32GB,1.067,1.084,120.028,17.414
6869,cyclic,bitmapscan,16,prefetch-simple,io_uring,3,32GB,0.029,0.046,4.397,1.648
6870,cyclic,bitmapscan,0,master,worker,3,32GB,0.317,0.334,36.84,6.721
6871,cyclic,bitmapscan,1,master,io_uring,3,32GB,0.475,0.492,57.587,8.763
6872,cyclic,indexscan,1,master,worker,12,32GB,0.095,0.112,27.51,3.725
6873,cyclic,bitmapscan,16,prefetch-simple,worker,3,32GB,3.597,3.614,105.905,51.222
6874,cyclic,bitmapscan,16,master,sync,3,32GB,67.311,67.328,2091.067,910.571
6875,cyclic,indexscan,1,prefetch-complex,sync,3,32GB,0.01,0.026,13.172,1.481
6876,cyclic,indexscan,16,prefetch-complex,io_uring,3,32GB,37.31,37.328,1998.437,1144.56
6877,cyclic,bitmapscan,0,prefetch-complex,sync,3,32GB,5.396,5.412,363.166,87.613
6878,cyclic,bitmapscan,0,prefetch-simple,io_uring,3,32GB,8.093,8.11,524.255,118.941
6879,cyclic,bitmapscan,64,master,worker,3,32GB,2.399,2.416,84.785,36.228
6880,cyclic,bitmapscan,64,master,io_uring,3,32GB,0.317,0.334,15.219,6.63
6881,cyclic,indexscan,16,prefetch-simple,worker,12,32GB,0.064,0.082,10.576,2.803
6882,cyclic,indexscan,16,master,worker,12,32GB,67.311,67.328,4550.723,2037.694
6883,cyclic,indexscan,16,prefetch-complex,sync,3,32GB,0.019,0.036,27.727,1.781
6884,cyclic,bitmapscan,64,master,worker,3,32GB,0.01,0.026,3.923,1.272
6885,cyclic,indexscan,64,prefetch-simple,worker,3,32GB,97.311,97.328,5066.087,2982.844
6886,cyclic,indexscan,16,prefetch-complex,io_uring,3,32GB,0.02,0.038,6.17,1.862
6887,cyclic,bitmapscan,64,prefetch-complex,worker,12,32GB,27.311,27.328,732.672,414.981
6888,cyclic,indexscan,1,master,sync,3,32GB,12.139,12.156,883.776,372.856
6889,cyclic,indexscan,16,prefetch-simple,worker,12,32GB,0.095,0.112,13.145,3.721
6890,cyclic,indexscan,0,prefetch-simple,worker,12,32GB,3.598,3.616,278.65,113.038
6891,cyclic,indexscan,0,master,sync,3,32GB,97.311,97.328,6338.282,2989.702
6892,cyclic,indexscan,64,master,worker,3,32GB,0.095,0.112,27.721,3.846
6893,cyclic,bitmapscan,64,master,io_uring,3,32GB,0.711,0.728,33.285,12.31
6894,cyclic,bitmapscan,1,prefetch-complex,io_uring,3,32GB,0.002,0.02,10.576,1.368
6895,cyclic,bitmapscan,16,master,sync,3,32GB,12.139,12.156,412.479,174.612
6896,cyclic,bitmapscan,16,prefetch-complex,io_uring,3,32GB,0.003,0.02,3.896,1.384
6897,cyclic,bitmapscan,0,prefetch-simple,worker,12,32GB,0.142,0.16,38.528,3.918
6898,cyclic,bitmapscan,0,master,worker,3,32GB,1.067,1.084,128.15,17.488
6899,cyclic,bitmapscan,1,master,worker,3,32GB,0.043,0.06,12.917,1.935
6900,cyclic,indexscan,1,prefetch-simple,worker,3,32GB,0.029,0.046,51.559,2.024
6901,cyclic,bitmapscan,1,prefetch-complex,worker,3,32GB,8.093,8.11,552.442,124.163
6902,cyclic,indexscan,1,master,worker,12,32GB,0.712,0.73,78.402,21.916
6903,cyclic,indexscan,64,prefetch-complex,io_uring,3,32GB,0.02,0.038,6.235,1.871
6904,cyclic,bitmapscan,64,master,worker,12,32GB,67.311,67.328,2060.452,922.265
6905,cyclic,indexscan,64,prefetch-complex,worker,12,32GB,67.311,67.328,3800.124,2057.394
6906,cyclic,indexscan,1,master,io_uring,3,32GB,5.396,5.412,425.644,168.741
6907,cyclic,bitmapscan,0,prefetch-simple,worker,3,32GB,0.064,0.082,12.077,2.458
6908,cyclic,indexscan,16,prefetch-complex,sync,3,32GB,3.598,3.614,223.477,113.526
6909,cyclic,bitmapscan,0,prefetch-complex,worker,3,32GB,97.311,97.328,5662.468,1497.58
6910,cyclic,indexscan,64,master,worker,12,32GB,0.316,0.334,48.18,10.095
6911,cyclic,indexscan,16,master,worker,12,32GB,0.006,0.022,8.413,1.169
6912,cyclic,indexscan,16,prefetch-simple,io_uring,3,32GB,97.311,97.328,5019.941,2931.336
6913,cyclic,indexscan,1,prefetch-simple,worker,3,32GB,0.095,0.112,42.107,3.796
6914,cyclic,indexscan,1,prefetch-simple,sync,3,32GB,0.712,0.73,176.494,22.47
6915,cyclic,indexscan,16,prefetch-complex,io_uring,3,32GB,0.212,0.228,21.587,7.453
6916,cyclic,indexscan,64,prefetch-simple,sync,3,32GB,97.311,97.328,4904.638,2923.452
6917,cyclic,bitmapscan,0,prefetch-simple,worker,12,32GB,18.208,18.224,1089.085,269.545
6918,cyclic,indexscan,1,prefetch-complex,worker,3,32GB,0.712,0.728,180.597,23.79
6919,cyclic,indexscan,0,prefetch-complex,io_uring,3,32GB,0.002,0.018,7.865,1.271
6920,cyclic,bitmapscan,64,prefetch-complex,worker,12,32GB,0.007,0.024,4.001,1.386
6921,cyclic,bitmapscan,16,master,io_uring,3,32GB,5.396,5.414,180.441,77.977
6922,cyclic,indexscan,64,master,worker,3,32GB,0.212,0.23,40.962,7.16
6923,cyclic,indexscan,64,master,worker,12,32GB,0.007,0.024,8.9,1.297
6924,cyclic,bitmapscan,0,prefetch-complex,worker,3,32GB,1.599,1.616,142.137,27.196
6925,cyclic,indexscan,16,prefetch-simple,worker,12,32GB,0.043,0.06,9.268,2.357
6926,cyclic,indexscan,1,master,io_uring,3,32GB,0.028,0.044,40.342,1.927
6927,cyclic,indexscan,0,prefetch-simple,worker,12,32GB,5.396,5.412,412.306,170.306
6928,cyclic,bitmapscan,0,master,worker,12,32GB,0.475,0.492,57.579,9.134
6929,cyclic,indexscan,16,prefetch-simple,worker,12,32GB,77.311,77.328,3885.244,2301.847
6930,cyclic,indexscan,1,prefetch-complex,io_uring,3,32GB,87.31,87.326,17592.537,2674.168
6931,cyclic,bitmapscan,16,master,sync,3,32GB,0.004,0.022,3.871,1.171
6932,cyclic,bitmapscan,0,prefetch-simple,worker,12,32GB,0.004,0.022,8.279,1.172
6933,cyclic,indexscan,16,prefetch-simple,io_uring,3,32GB,0.01,0.028,5.258,1.332
6934,cyclic,bitmapscan,1,prefetch-simple,io_uring,3,32GB,18.208,18.226,1106.658,256.954
6935,cyclic,indexscan,64,master,io_uring,3,32GB,12.139,12.156,872.39,369.172
6936,cyclic,bitmapscan,64,master,worker,3,32GB,12.139,12.156,368.544,176.646
6937,cyclic,indexscan,16,master,io_uring,3,32GB,0.007,0.024,9.279,1.261
6938,cyclic,bitmapscan,0,prefetch-simple,io_uring,3,32GB,0.474,0.492,48.954,8.974
6939,cyclic,bitmapscan,16,prefetch-simple,sync,3,32GB,2.398,2.414,80.884,34.792
6940,cyclic,indexscan,1,master,worker,3,32GB,1.599,1.616,160.117,50.506
6941,cyclic,bitmapscan,16,master,worker,12,32GB,47.311,47.328,1360.985,647.785
6942,cyclic,bitmapscan,16,prefetch-simple,worker,3,32GB,0.003,0.02,3.69,1.139
6943,cyclic,bitmapscan,0,prefetch-simple,worker,3,32GB,87.311,87.328,4896.336,1213.667
6944,cyclic,bitmapscan,0,master,worker,3,32GB,97.311,97.328,5335.246,1416.664
6945,cyclic,bitmapscan,16,master,worker,3,32GB,12.139,12.156,351.035,175.05
6946,cyclic,indexscan,0,prefetch-complex,sync,3,32GB,18.208,18.224,1335.056,572.349
6947,cyclic,bitmapscan,1,master,worker,3,32GB,0.004,0.02,9.177,1.153
6948,cyclic,bitmapscan,0,master,worker,12,32GB,0.014,0.03,8.655,1.406
6949,cyclic,bitmapscan,0,prefetch-complex,sync,3,32GB,0.212,0.228,22.259,5.329
6950,cyclic,bitmapscan,1,master,sync,3,32GB,2.399,2.416,247.527,35.955
6951,cyclic,indexscan,0,prefetch-complex,worker,3,32GB,0.711,0.728,99.405,22.684
6952,cyclic,indexscan,64,prefetch-complex,sync,3,32GB,77.311,77.328,4277.579,2400.427
6953,cyclic,indexscan,16,prefetch-simple,sync,3,32GB,77.311,77.328,3862.911,2357.275
6954,cyclic,indexscan,1,prefetch-simple,io_uring,3,32GB,0.043,0.06,27.678,2.292
6955,cyclic,indexscan,0,master,io_uring,3,32GB,47.31,47.326,3105.195,1425.309
6956,cyclic,indexscan,16,prefetch-complex,io_uring,3,32GB,0.042,0.06,8.98,2.395
6957,cyclic,bitmapscan,64,prefetch-simple,worker,3,32GB,0.029,0.046,4.906,1.717
6958,cyclic,bitmapscan,0,prefetch-simple,worker,3,32GB,67.311,67.328,3716.577,957.466
6959,cyclic,bitmapscan,64,prefetch-complex,worker,3,32GB,12.139,12.156,358.553,191.146
6960,cyclic,indexscan,0,prefetch-complex,io_uring,3,32GB,0.043,0.06,21.501,2.586
6961,cyclic,indexscan,0,master,worker,3,32GB,1.067,1.084,107.604,33.926
6962,cyclic,indexscan,0,prefetch-simple,io_uring,3,32GB,67.311,67.328,4466.887,2038.726
6963,cyclic,bitmapscan,64,prefetch-complex,worker,12,32GB,12.139,12.156,368.431,188.793
6964,cyclic,bitmapscan,64,prefetch-simple,worker,12,32GB,87.311,87.328,2746.905,1191.473
6965,cyclic,indexscan,64,prefetch-simple,sync,3,32GB,47.311,47.328,2385.275,1425.224
6966,cyclic,bitmapscan,1,prefetch-complex,worker,3,32GB,0.014,0.03,10.061,1.485
6967,cyclic,indexscan,0,prefetch-simple,io_uring,3,32GB,0.475,0.492,68.6,15.561
6968,cyclic,bitmapscan,16,prefetch-simple,sync,3,32GB,0.095,0.112,6.38,2.892
6969,cyclic,bitmapscan,16,prefetch-simple,io_uring,3,32GB,0.002,0.018,3.608,1.202
6970,cyclic,indexscan,0,master,io_uring,3,32GB,87.311,87.328,5681.352,2613.007
6971,cyclic,indexscan,0,master,worker,3,32GB,8.092,8.11,587.875,246.831
6972,cyclic,bitmapscan,1,prefetch-complex,sync,3,32GB,97.31,97.328,5806.484,1461.394
6973,cyclic,indexscan,0,prefetch-simple,worker,12,32GB,0.029,0.046,47.458,2.061
6974,cyclic,bitmapscan,64,prefetch-simple,worker,3,32GB,0.004,0.022,3.876,1.233
6975,cyclic,indexscan,64,prefetch-complex,io_uring,3,32GB,0.002,0.02,3.843,1.316
6976,cyclic,bitmapscan,1,prefetch-simple,io_uring,3,32GB,0.064,0.08,13.879,2.309
6977,cyclic,bitmapscan,0,prefetch-simple,sync,3,32GB,37.31,37.326,2161.215,535.837
6978,cyclic,indexscan,64,master,worker,12,32GB,0.01,0.028,10.315,1.371
6979,cyclic,indexscan,16,prefetch-complex,worker,12,32GB,57.311,57.328,3061.904,1761.657
6980,cyclic,indexscan,1,master,worker,12,32GB,57.311,57.328,3768.302,1730.486
6981,cyclic,bitmapscan,1,master,worker,12,32GB,0.005,0.022,9.676,1.178
6982,cyclic,indexscan,16,master,sync,3,32GB,87.311,87.328,5542.865,2619.483
6983,cyclic,bitmapscan,16,master,worker,12,32GB,77.311,77.328,2477.129,1059.638
6984,cyclic,bitmapscan,16,prefetch-complex,worker,3,32GB,0.007,0.024,5.202,1.386
6985,cyclic,indexscan,64,prefetch-simple,sync,3,32GB,0.014,0.03,5.387,1.498
6986,cyclic,bitmapscan,64,master,sync,3,32GB,0.316,0.334,14.543,6.776
6987,cyclic,indexscan,64,master,worker,3,32GB,0.028,0.046,16.108,1.888
6988,cyclic,bitmapscan,0,master,worker,3,32GB,0.712,0.73,95.345,12.814
6989,cyclic,indexscan,16,prefetch-complex,worker,3,32GB,0.006,0.024,4.436,1.417
6990,cyclic,indexscan,1,prefetch-complex,sync,3,32GB,47.311,47.328,9478.924,1438.513
6991,cyclic,bitmapscan,16,prefetch-simple,sync,3,32GB,37.311,37.328,1039.44,513.756
6992,cyclic,indexscan,0,prefetch-complex,worker,3,32GB,87.311,87.328,5858.516,2739.519
6993,cyclic,bitmapscan,0,prefetch-simple,worker,12,32GB,0.712,0.73,107.801,13.004
6994,cyclic,bitmapscan,0,prefetch-simple,worker,3,32GB,0.005,0.022,8.41,1.2
6995,cyclic,bitmapscan,64,master,worker,3,32GB,97.311,97.328,3056.808,1305.237
6996,cyclic,bitmapscan,64,prefetch-complex,io_uring,3,32GB,37.311,37.328,2388.519,574.887
6997,cyclic,bitmapscan,0,master,worker,3,32GB,0.002,0.02,7.19,1.148
6998,cyclic,bitmapscan,0,prefetch-complex,io_uring,3,32GB,47.311,47.328,2721.031,732.922
6999,cyclic,indexscan,0,master,worker,12,32GB,97.311,97.328,6384.091,2944.558
7000,cyclic,indexscan,1,prefetch-simple,worker,3,32GB,0.064,0.082,40.591,2.948
7001,cyclic,bitmapscan,0,master,worker,3,32GB,77.311,77.328,4253.504,1087.936
7002,cyclic,bitmapscan,64,master,io_uring,3,32GB,0.064,0.08,6.127,2.355
7003,cyclic,indexscan,1,prefetch-complex,worker,12,32GB,0.064,0.082,31.766,3.172
7004,cyclic,bitmapscan,16,master,sync,3,32GB,3.598,3.616,114.934,51.111
7005,cyclic,indexscan,64,master,sync,3,32GB,0.317,0.334,46.857,9.993
7006,cyclic,indexscan,1,prefetch-complex,worker,3,32GB,0.02,0.036,17.573,1.776
7007,cyclic,bitmapscan,64,prefetch-complex,io_uring,3,32GB,0.212,0.228,10.044,5.267
7008,cyclic,indexscan,64,prefetch-complex,sync,3,32GB,3.598,3.614,216.384,114.389
7009,cyclic,bitmapscan,64,master,io_uring,3,32GB,27.311,27.328,715.157,387.694
7010,cyclic,indexscan,16,master,worker,12,32GB,0.094,0.112,27.091,3.805
7011,cyclic,indexscan,1,prefetch-simple,io_uring,3,32GB,2.398,2.414,513.212,75.332
7012,cyclic,bitmapscan,64,master,worker,3,32GB,37.311,37.328,1061.897,518.936
7013,cyclic,indexscan,64,prefetch-simple,worker,12,32GB,0.02,0.038,30.385,1.705
7014,cyclic,indexscan,64,prefetch-complex,worker,3,32GB,97.311,97.328,5495.623,2977.665
7015,cyclic,bitmapscan,64,master,worker,3,32GB,0.003,0.02,3.864,1.16
7016,cyclic,bitmapscan,0,prefetch-complex,worker,12,32GB,67.311,67.328,3827.111,1030.347
7017,cyclic,bitmapscan,0,prefetch-simple,worker,3,32GB,0.043,0.06,10.762,2.072
7018,cyclic,bitmapscan,0,master,worker,12,32GB,0.003,0.02,7.438,1.172
7019,cyclic,bitmapscan,64,prefetch-simple,worker,12,32GB,47.311,47.328,1392.439,655.346
7020,cyclic,indexscan,64,prefetch-complex,io_uring,3,32GB,18.208,18.226,1030.759,561.604
7021,cyclic,bitmapscan,16,prefetch-simple,io_uring,3,32GB,1.067,1.084,43.112,17.558
7022,cyclic,indexscan,0,prefetch-complex,sync,3,32GB,0.712,0.73,86.709,22.736
7023,cyclic,indexscan,0,prefetch-simple,worker,3,32GB,1.6,1.618,155.478,51.717
7024,cyclic,indexscan,0,prefetch-simple,io_uring,3,32GB,0.043,0.06,21.143,2.391
7025,cyclic,bitmapscan,64,prefetch-simple,io_uring,3,32GB,0.712,0.73,27.929,12.309
7026,cyclic,indexscan,64,prefetch-simple,worker,12,32GB,18.208,18.224,938.384,549.844
7027,cyclic,indexscan,0,master,sync,3,32GB,1.6,1.616,159.575,51.412
7028,cyclic,bitmapscan,0,prefetch-simple,io_uring,3,32GB,18.208,18.224,1094.601,271.275
7029,cyclic,bitmapscan,64,master,sync,3,32GB,0.095,0.112,6.171,2.862
7030,cyclic,bitmapscan,1,master,io_uring,3,32GB,18.208,18.224,1082.926,262.639
7031,cyclic,indexscan,64,prefetch-complex,worker,3,32GB,0.003,0.02,4.231,1.446
7032,cyclic,indexscan,64,prefetch-complex,io_uring,3,32GB,67.311,67.328,3787.816,2063.174
7033,cyclic,bitmapscan,16,master,worker,3,32GB,3.598,3.616,129.998,52.137
7034,cyclic,bitmapscan,16,master,worker,3,32GB,2.399,2.416,82.834,35.031
7035,cyclic,indexscan,64,master,worker,12,32GB,8.093,8.11,590.864,247.332
7036,cyclic,indexscan,16,prefetch-simple,worker,12,32GB,0.475,0.492,39.375,15.42
7037,cyclic,indexscan,16,prefetch-complex,worker,3,32GB,0.712,0.728,52.341,22.006
7038,cyclic,bitmapscan,1,prefetch-simple,sync,3,32GB,0.317,0.334,38.762,6.392
7039,cyclic,indexscan,1,master,worker,12,32GB,0.003,0.02,8.809,1.241
7040,cyclic,bitmapscan,16,prefetch-complex,io_uring,3,32GB,0.712,0.728,29.152,13.795
7041,cyclic,bitmapscan,16,prefetch-complex,sync,3,32GB,47.311,47.328,1420.536,711.927
7042,cyclic,bitmapscan,0,master,worker,12,32GB,8.093,8.11,550.549,120.813
7043,cyclic,indexscan,16,prefetch-complex,io_uring,3,32GB,47.311,47.328,2549.028,1467.811
7044,cyclic,indexscan,64,master,io_uring,3,32GB,2.399,2.416,207.613,75.534
7045,cyclic,indexscan,0,prefetch-complex,worker,3,32GB,3.598,3.616,298.725,114.422
7046,cyclic,bitmapscan,64,prefetch-complex,io_uring,3,32GB,0.043,0.06,5.473,2.226
7047,cyclic,indexscan,1,prefetch-simple,io_uring,3,32GB,0.01,0.028,14.352,1.384
7048,cyclic,bitmapscan,64,prefetch-complex,sync,3,32GB,87.311,87.328,2862.151,1302.119
7049,cyclic,indexscan,1,prefetch-simple,worker,3,32GB,27.309,27.326,5575.535,835.101
7050,cyclic,bitmapscan,16,prefetch-complex,sync,3,32GB,0.007,0.024,3.888,1.424
7051,cyclic,indexscan,64,master,sync,3,32GB,0.005,0.022,9.19,1.204
7052,cyclic,indexscan,16,master,worker,12,32GB,0.142,0.16,60.763,5.069
7053,cyclic,indexscan,64,prefetch-simple,sync,3,32GB,0.142,0.158,17.682,4.879
7054,cyclic,indexscan,64,prefetch-simple,sync,3,32GB,18.208,18.226,944.623,550.242
7055,cyclic,indexscan,0,prefetch-simple,worker,3,32GB,0.004,0.022,8.278,1.183
7056,cyclic,indexscan,16,prefetch-simple,sync,3,32GB,0.019,0.036,5.926,1.568
7057,cyclic,indexscan,1,master,worker,12,32GB,0.005,0.022,8.387,1.257
7058,cyclic,bitmapscan,64,prefetch-complex,worker,12,32GB,18.208,18.226,532.66,281.418
7059,cyclic,bitmapscan,16,prefetch-complex,worker,12,32GB,0.475,0.492,20.316,9.449
7060,cyclic,bitmapscan,64,prefetch-complex,worker,12,32GB,0.095,0.112,7.624,3.186
7061,cyclic,indexscan,16,prefetch-simple,sync,3,32GB,0.01,0.028,5.775,1.359
7062,cyclic,bitmapscan,0,prefetch-complex,sync,3,32GB,12.138,12.154,722.458,191.998
7063,cyclic,bitmapscan,16,prefetch-complex,io_uring,3,32GB,0.028,0.046,4.678,1.876
7064,cyclic,indexscan,1,master,sync,3,32GB,87.311,87.328,5702.589,2631.796
7065,cyclic,bitmapscan,64,prefetch-simple,worker,12,32GB,8.093,8.11,240.731,117.678
7066,cyclic,indexscan,0,prefetch-simple,sync,3,32GB,57.31,57.326,3872.172,1745.456
7067,cyclic,indexscan,0,master,worker,3,32GB,0.043,0.06,21.178,2.309
7068,cyclic,bitmapscan,1,prefetch-simple,io_uring,3,32GB,0.317,0.334,39.975,6.5
7069,cyclic,indexscan,64,prefetch-complex,sync,3,32GB,0.475,0.492,45.067,14.872
7070,cyclic,indexscan,1,master,worker,12,32GB,0.02,0.036,13.151,1.615
7071,cyclic,bitmapscan,0,prefetch-simple,sync,3,32GB,2.399,2.416,175.447,37.615
7072,cyclic,bitmapscan,16,prefetch-complex,worker,12,32GB,8.093,8.11,241.457,125.129
7073,cyclic,indexscan,16,master,worker,3,32GB,27.311,27.328,1883.626,839.213
7074,cyclic,indexscan,64,prefetch-simple,worker,3,32GB,3.598,3.614,223.589,111.127
7075,cyclic,indexscan,0,prefetch-simple,worker,12,32GB,0.014,0.032,11.848,1.53
7076,cyclic,indexscan,0,prefetch-complex,worker,3,32GB,37.311,37.328,2587.356,1164.883
7077,cyclic,indexscan,1,prefetch-complex,worker,3,32GB,0.007,0.024,14.043,1.462
7078,cyclic,bitmapscan,16,prefetch-complex,worker,3,32GB,77.311,77.328,2464.727,1136.785
7079,cyclic,bitmapscan,1,prefetch-complex,io_uring,3,32GB,3.598,3.614,256.411,56.389
7080,cyclic,indexscan,1,master,worker,12,32GB,0.212,0.228,39.555,7.02
7081,cyclic,indexscan,1,prefetch-complex,worker,12,32GB,0.002,0.018,9.843,1.294
7082,cyclic,bitmapscan,1,prefetch-complex,io_uring,3,32GB,47.311,47.328,2811.91,706.228
7083,cyclic,indexscan,0,master,worker,3,32GB,0.004,0.022,9.49,1.207
7084,cyclic,indexscan,0,master,io_uring,3,32GB,8.093,8.11,572.178,248.856
7085,cyclic,bitmapscan,0,prefetch-simple,sync,3,32GB,0.004,0.02,7.59,1.194
7086,cyclic,indexscan,16,prefetch-simple,sync,3,32GB,0.317,0.334,25.878,9.466
7087,cyclic,bitmapscan,64,master,sync,3,32GB,1.6,1.616,57.725,24.493
7088,cyclic,indexscan,16,prefetch-simple,sync,3,32GB,0.003,0.02,3.895,1.171
7089,cyclic,bitmapscan,0,master,worker,12,32GB,0.095,0.112,14.398,2.978
7090,cyclic,indexscan,1,master,sync,3,32GB,0.043,0.06,20.725,2.277
7091,cyclic,bitmapscan,0,master,worker,3,32GB,0.004,0.02,7.476,1.135
7092,cyclic,indexscan,0,prefetch-complex,io_uring,3,32GB,97.311,97.328,6465.017,3007.683
7093,cyclic,indexscan,16,master,worker,12,32GB,3.598,3.616,286.574,111.154
7094,cyclic,indexscan,0,prefetch-complex,io_uring,3,32GB,0.064,0.08,23.531,3.126
7095,cyclic,bitmapscan,16,prefetch-simple,sync,3,32GB,0.01,0.028,12.591,1.376
7096,cyclic,bitmapscan,16,prefetch-complex,worker,12,32GB,0.212,0.228,12.868,5.358
7097,cyclic,indexscan,1,master,sync,3,32GB,47.311,47.328,3163.275,1437.491
7098,cyclic,indexscan,1,prefetch-complex,io_uring,3,32GB,47.311,47.328,9579.027,1461.003
7099,cyclic,indexscan,1,master,worker,3,32GB,0.475,0.492,72.043,15.559
7100,cyclic,bitmapscan,1,prefetch-simple,worker,3,32GB,0.014,0.032,11.829,1.396
7101,cyclic,indexscan,64,master,worker,12,32GB,47.311,47.328,3134.929,1432.291
7102,cyclic,indexscan,1,prefetch-simple,worker,12,32GB,0.317,0.334,91.894,10.971
7103,cyclic,bitmapscan,1,master,worker,3,32GB,97.311,97.328,5756.729,1338.94
7104,cyclic,bitmapscan,64,master,sync,3,32GB,8.093,8.11,258.879,114.781
7105,cyclic,bitmapscan,16,prefetch-complex,worker,12,32GB,57.311,57.328,1843.05,852.091
7106,cyclic,bitmapscan,0,prefetch-complex,sync,3,32GB,0.317,0.334,38.062,7.39
7107,cyclic,bitmapscan,16,prefetch-simple,worker,12,32GB,0.003,0.02,3.697,1.171
7108,cyclic,indexscan,0,master,sync,3,32GB,0.474,0.492,64.247,15.697
7109,cyclic,bitmapscan,0,prefetch-complex,worker,3,32GB,8.093,8.11,490.584,128.454
7110,cyclic,bitmapscan,64,master,io_uring,3,32GB,1.067,1.084,41.557,17.202
7111,cyclic,indexscan,16,prefetch-complex,worker,3,32GB,0.211,0.228,38.259,8.869
7112,cyclic,indexscan,1,prefetch-simple,io_uring,3,32GB,37.311,37.328,7539.035,1123.045
7113,cyclic,bitmapscan,16,prefetch-simple,worker,12,32GB,27.311,27.328,722.903,386.705
7114,cyclic,bitmapscan,64,prefetch-complex,sync,3,32GB,27.311,27.328,751.414,421.624
7115,cyclic,bitmapscan,0,master,sync,3,32GB,5.396,5.414,336.044,80.735
7116,cyclic,bitmapscan,0,prefetch-complex,worker,3,32GB,77.311,77.328,4431.348,1177.639
7117,cyclic,bitmapscan,1,prefetch-complex,io_uring,3,32GB,0.004,0.02,9.932,1.35
7118,cyclic,bitmapscan,16,prefetch-simple,worker,12,32GB,0.014,0.032,4.043,1.376
7119,cyclic,indexscan,0,prefetch-simple,worker,12,32GB,97.311,97.328,6423.478,2955.204
7120,cyclic,indexscan,0,master,io_uring,3,32GB,0.003,0.02,8.625,1.182
7121,cyclic,bitmapscan,0,prefetch-simple,sync,3,32GB,0.711,0.728,72.872,12.669
7122,cyclic,bitmapscan,16,master,worker,3,32GB,47.311,47.328,1384.242,651.375
7123,cyclic,indexscan,64,prefetch-complex,io_uring,3,32GB,27.311,27.328,1535.377,852.676
7124,cyclic,bitmapscan,16,master,worker,3,32GB,0.001,0.018,3.631,1.111
7125,cyclic,indexscan,64,master,worker,12,32GB,2.399,2.416,193.513,75.789
7126,cyclic,bitmapscan,16,master,io_uring,3,32GB,0.711,0.728,28.95,12.246
7127,cyclic,indexscan,1,prefetch-complex,sync,3,32GB,0.005,0.022,11.256,1.37
7128,cyclic,bitmapscan,1,prefetch-simple,sync,3,32GB,0.01,0.028,10.045,1.312
7129,cyclic,indexscan,16,prefetch-complex,io_uring,3,32GB,0.029,0.046,7.814,2.107
7130,cyclic,indexscan,16,master,worker,3,32GB,0.063,0.08,21.769,2.791
7131,cyclic,indexscan,0,prefetch-complex,worker,3,32GB,0.02,0.036,13.121,1.76
7132,cyclic,bitmapscan,0,prefetch-complex,sync,3,32GB,0.095,0.112,15.281,3.321
7133,cyclic,indexscan,1,prefetch-complex,sync,3,32GB,37.31,37.328,7506.171,1153.654
7134,cyclic,indexscan,16,prefetch-simple,sync,3,32GB,5.396,5.414,296.322,170.315
7135,cyclic,bitmapscan,16,master,worker,3,32GB,67.311,67.328,2044.918,927.031
7136,cyclic,indexscan,1,master,io_uring,3,32GB,27.311,27.328,1880.558,840.054
7137,cyclic,bitmapscan,16,prefetch-simple,sync,3,32GB,0.475,0.492,19.827,8.918
7138,cyclic,indexscan,64,master,worker,3,32GB,12.139,12.156,840.162,369.411
7139,cyclic,bitmapscan,64,prefetch-complex,worker,12,32GB,8.093,8.11,264.015,125.354
7140,cyclic,indexscan,1,prefetch-complex,worker,12,32GB,0.003,0.02,10.094,1.29
7141,cyclic,bitmapscan,1,prefetch-complex,worker,12,32GB,12.138,12.154,781.927,189.97
7142,cyclic,indexscan,0,master,worker,3,32GB,27.311,27.328,1875.308,839.118
7143,cyclic,bitmapscan,1,master,io_uring,3,32GB,0.003,0.02,9.395,1.144
7144,cyclic,indexscan,64,prefetch-simple,worker,12,32GB,27.311,27.328,1400.798,828.399
7145,cyclic,indexscan,16,master,worker,3,32GB,77.311,77.328,5109.05,2356.523
7146,cyclic,indexscan,0,prefetch-simple,sync,3,32GB,0.315,0.332,47.439,9.948
7147,cyclic,indexscan,64,prefetch-simple,worker,12,32GB,0.712,0.73,48.725,20.96
7148,cyclic,indexscan,16,master,worker,12,32GB,57.311,57.328,3715.481,1708.096
7149,cyclic,indexscan,16,prefetch-simple,worker,12,32GB,1.6,1.618,99.971,50.993
7150,cyclic,bitmapscan,64,prefetch-complex,sync,3,32GB,0.043,0.06,5.083,2.145
7151,cyclic,indexscan,16,prefetch-complex,worker,12,32GB,1.067,1.084,96.073,33.876
7152,cyclic,indexscan,16,prefetch-complex,worker,12,32GB,8.093,8.11,461.291,251.036
7153,cyclic,bitmapscan,1,prefetch-simple,io_uring,3,32GB,0.02,0.038,11.629,1.536
7154,cyclic,indexscan,16,master,io_uring,3,32GB,0.063,0.08,21.559,2.75
7155,cyclic,indexscan,16,prefetch-complex,io_uring,3,32GB,57.311,57.328,3114.063,1758.064
7156,cyclic,indexscan,16,prefetch-simple,worker,3,32GB,97.311,97.328,4869.302,2911.749
7157,cyclic,indexscan,64,prefetch-simple,io_uring,3,32GB,0.02,0.036,6.426,1.606
7158,cyclic,bitmapscan,64,prefetch-complex,worker,12,32GB,87.311,87.328,2800.731,1296.778
7159,cyclic,indexscan,16,prefetch-complex,sync,3,32GB,12.139,12.156,681.007,378.222
7160,cyclic,bitmapscan,1,prefetch-simple,sync,3,32GB,0.043,0.06,12.463,1.904
7161,cyclic,indexscan,1,master,worker,3,32GB,0.004,0.022,50.01,1.237
7162,cyclic,indexscan,64,prefetch-complex,sync,3,32GB,1.067,1.084,73.944,33.199
7163,cyclic,bitmapscan,16,master,io_uring,3,32GB,0.142,0.16,7.278,3.648
7164,cyclic,indexscan,16,prefetch-simple,worker,3,32GB,0.029,0.046,8.64,1.811
7165,cyclic,bitmapscan,64,prefetch-complex,sync,3,32GB,0.01,0.028,4.041,1.527
7166,cyclic,indexscan,1,prefetch-complex,worker,3,32GB,1.067,1.084,258.732,34.592
7167,cyclic,indexscan,1,prefetch-simple,io_uring,3,32GB,0.003,0.02,11.131,1.17
7168,cyclic,indexscan,64,prefetch-complex,worker,12,32GB,0.02,0.038,6.515,1.808
7169,cyclic,bitmapscan,64,master,worker,3,32GB,47.311,47.328,1396.335,644.102
7170,cyclic,indexscan,64,prefetch-complex,io_uring,3,32GB,0.028,0.044,17.16,2.106
7171,cyclic,bitmapscan,0,master,sync,3,32GB,57.311,57.328,4746.57,804.629
7172,cyclic,bitmapscan,0,prefetch-complex,worker,12,32GB,2.399,2.416,198.717,41.399
7173,cyclic,indexscan,16,prefetch-complex,io_uring,3,32GB,5.396,5.412,302.597,169.43
7174,cyclic,indexscan,16,master,io_uring,3,32GB,3.598,3.614,301.834,114.023
7175,cyclic,indexscan,16,prefetch-complex,sync,3,32GB,67.311,67.328,3578.936,2090.804
7176,cyclic,bitmapscan,1,prefetch-complex,sync,3,32GB,0.004,0.022,11.302,1.339
7177,cyclic,bitmapscan,64,master,worker,3,32GB,0.043,0.06,4.656,1.859
7178,cyclic,bitmapscan,64,master,sync,3,32GB,0.029,0.046,4.362,1.602
7179,cyclic,bitmapscan,64,master,worker,12,32GB,0.316,0.334,14.452,6.572
7180,cyclic,bitmapscan,64,master,worker,12,32GB,47.311,47.328,1380.561,652.183
7181,cyclic,bitmapscan,0,prefetch-simple,worker,12,32GB,0.064,0.08,14.628,2.39
7182,cyclic,indexscan,16,prefetch-simple,sync,3,32GB,0.043,0.06,9.062,2.253
7183,cyclic,indexscan,64,prefetch-complex,worker,3,32GB,77.311,77.328,4269.311,2389.371
7184,cyclic,indexscan,0,prefetch-simple,sync,3,32GB,0.212,0.23,41.652,7.34
7185,cyclic,bitmapscan,64,prefetch-simple,worker,3,32GB,77.311,77.328,2397.332,1054.015
7186,cyclic,indexscan,1,prefetch-complex,worker,3,32GB,0.317,0.334,92.511,11.196
7187,cyclic,bitmapscan,16,prefetch-complex,sync,3,32GB,0.475,0.492,20.19,9.867
7188,cyclic,bitmapscan,16,master,sync,3,32GB,0.712,0.728,29.498,12.356
7189,cyclic,bitmapscan,64,master,worker,12,32GB,87.311,87.328,2724.525,1184.843
7190,cyclic,bitmapscan,64,master,worker,3,32GB,5.396,5.414,162.976,78.463
7191,cyclic,indexscan,16,prefetch-complex,sync,3,32GB,0.142,0.158,24.953,5.489
7192,cyclic,indexscan,16,master,io_uring,3,32GB,0.212,0.23,39.239,7.153
7193,cyclic,indexscan,64,prefetch-complex,sync,3,32GB,97.311,97.328,5396.438,3011.407
7194,cyclic,bitmapscan,1,prefetch-simple,worker,12,32GB,0.043,0.06,13.56,1.934
7195,cyclic,indexscan,0,prefetch-complex,sync,3,32GB,1.599,1.616,152.968,52.595
7196,cyclic,bitmapscan,64,prefetch-complex,worker,12,32GB,0.064,0.082,5.918,2.575
7197,cyclic,indexscan,64,prefetch-simple,sync,3,32GB,0.028,0.044,11.61,1.892
7198,cyclic,bitmapscan,0,prefetch-complex,sync,3,32GB,0.142,0.16,18.861,4.288
7199,cyclic,bitmapscan,0,master,sync,3,32GB,1.067,1.084,106.319,17.441
7200,cyclic,bitmapscan,0,prefetch-complex,worker,12,32GB,0.005,0.022,7.668,1.364
7201,cyclic,indexscan,64,prefetch-complex,sync,3,32GB,2.399,2.416,147.264,76.162
7202,cyclic,indexscan,1,prefetch-complex,worker,12,32GB,0.095,0.112,40.669,4.093
7203,cyclic,indexscan,1,prefetch-complex,io_uring,3,32GB,77.31,77.328,15779.217,2368.365
7204,cyclic,indexscan,16,prefetch-complex,io_uring,3,32GB,1.6,1.618,108.336,52.092
7205,cyclic,indexscan,1,prefetch-complex,io_uring,3,32GB,8.093,8.11,1677.234,251.009
7206,cyclic,indexscan,64,prefetch-simple,worker,3,32GB,0.003,0.02,4.752,1.187
7207,cyclic,bitmapscan,64,master,worker,12,32GB,0.004,0.02,4.409,1.183
7208,cyclic,indexscan,64,prefetch-simple,worker,12,32GB,47.311,47.328,2392.968,1422.768
7209,cyclic,bitmapscan,1,master,sync,3,32GB,0.014,0.03,10.23,1.412
7210,cyclic,indexscan,0,master,worker,12,32GB,1.6,1.618,151.526,51.114
7211,cyclic,bitmapscan,16,master,sync,3,32GB,97.31,97.328,3058.318,1312.214
7212,cyclic,indexscan,0,prefetch-simple,worker,12,32GB,0.317,0.334,60.071,10.056
7213,cyclic,bitmapscan,16,master,worker,3,32GB,57.311,57.328,1712.717,778.887
7214,cyclic,bitmapscan,1,master,worker,3,32GB,47.311,47.328,2765.167,659.452
7215,cyclic,indexscan,0,master,worker,3,32GB,37.31,37.326,2500.619,1122.976
7216,cyclic,indexscan,0,prefetch-complex,io_uring,3,32GB,37.311,37.328,2599.299,1180.374
7217,cyclic,bitmapscan,64,master,worker,12,32GB,0.007,0.024,4.073,1.218
7218,cyclic,bitmapscan,64,prefetch-complex,io_uring,3,32GB,0.712,0.73,28.968,13.464
7219,cyclic,bitmapscan,16,master,worker,12,32GB,67.311,67.328,2042,913.206
7220,cyclic,bitmapscan,16,prefetch-simple,worker,12,32GB,0.02,0.036,4.187,1.552
7221,cyclic,bitmapscan,64,prefetch-complex,sync,3,32GB,0.002,0.018,3.605,1.286
7222,cyclic,indexscan,0,master,worker,3,32GB,0.002,0.02,8.558,1.134
7223,cyclic,indexscan,0,prefetch-simple,io_uring,3,32GB,0.007,0.024,9.5,1.251
7224,cyclic,indexscan,16,prefetch-simple,worker,12,32GB,0.142,0.158,15.692,4.887
7225,cyclic,bitmapscan,1,prefetch-simple,worker,12,32GB,87.311,87.328,5129.357,1180.466
7226,cyclic,indexscan,1,master,sync,3,32GB,57.31,57.326,3772.378,1717.752
7227,cyclic,bitmapscan,64,prefetch-complex,sync,3,32GB,0.003,0.02,4.127,1.418
7228,cyclic,indexscan,0,prefetch-complex,sync,3,32GB,0.064,0.08,22.978,3.151
7229,cyclic,bitmapscan,1,prefetch-simple,io_uring,3,32GB,37.311,37.328,2173.055,516.579
7230,cyclic,indexscan,0,master,worker,12,32GB,0.095,0.112,26.944,3.706
7231,cyclic,indexscan,64,master,worker,12,32GB,27.31,27.328,1968.089,831.794
7232,cyclic,indexscan,0,prefetch-complex,worker,12,32GB,0.042,0.06,44.827,2.533
7233,cyclic,bitmapscan,64,prefetch-complex,sync,3,32GB,0.212,0.228,9.455,5.265
7234,cyclic,indexscan,64,prefetch-simple,worker,12,32GB,2.399,2.416,136.693,74.328
7235,cyclic,indexscan,0,prefetch-simple,worker,12,32GB,57.311,57.328,3793.902,1725.57
7236,cyclic,bitmapscan,64,prefetch-simple,worker,3,32GB,0.142,0.158,8.038,3.795
7237,cyclic,bitmapscan,0,master,sync,3,32GB,0.043,0.06,21.326,1.968
7238,cyclic,bitmapscan,0,prefetch-complex,io_uring,3,32GB,0.01,0.028,10.465,1.479
7239,cyclic,bitmapscan,1,master,worker,12,32GB,0.043,0.06,12.25,1.982
7240,cyclic,bitmapscan,1,master,worker,3,32GB,87.311,87.328,5141.422,1194.271
7241,cyclic,indexscan,0,prefetch-simple,worker,3,32GB,1.067,1.084,119.778,35.024
7242,cyclic,bitmapscan,16,prefetch-simple,worker,3,32GB,2.399,2.416,97.547,34.927
7243,cyclic,indexscan,64,master,io_uring,3,32GB,27.311,27.328,1818.164,823.548
7244,cyclic,bitmapscan,16,prefetch-complex,io_uring,3,32GB,1.6,1.616,68.258,26.828
7245,cyclic,indexscan,64,master,worker,3,32GB,77.311,77.328,5077.074,2352.478
7246,cyclic,bitmapscan,64,prefetch-complex,worker,12,32GB,0.02,0.038,4.343,1.674
7247,cyclic,bitmapscan,16,prefetch-complex,sync,3,32GB,0.02,0.038,4.459,1.726
7248,cyclic,indexscan,0,prefetch-simple,worker,12,32GB,0.003,0.02,7.958,1.152
7249,cyclic,bitmapscan,1,master,worker,3,32GB,0.712,0.728,73.725,12.166
7250,cyclic,bitmapscan,0,prefetch-simple,worker,3,32GB,0.212,0.228,23.77,5.021
7251,cyclic,bitmapscan,0,prefetch-complex,worker,3,32GB,0.004,0.022,8.893,1.354
7252,cyclic,indexscan,1,prefetch-complex,worker,12,32GB,97.311,97.328,19496.652,2987.61
7253,cyclic,bitmapscan,1,prefetch-complex,worker,3,32GB,0.712,0.73,82.735,13.221
7254,cyclic,indexscan,0,prefetch-complex,sync,3,32GB,97.311,97.328,6559.427,2997.373
7255,cyclic,indexscan,16,prefetch-complex,sync,3,32GB,0.004,0.02,4.056,1.327
7256,cyclic,indexscan,16,master,worker,12,32GB,0.02,0.036,13.223,1.608
7257,cyclic,indexscan,16,prefetch-complex,sync,3,32GB,0.028,0.044,7.753,2.112
7258,cyclic,bitmapscan,64,prefetch-simple,worker,12,32GB,57.311,57.328,1720.072,792.051
7259,cyclic,bitmapscan,16,prefetch-complex,io_uring,3,32GB,5.396,5.414,168.516,85.499
7260,cyclic,indexscan,16,prefetch-complex,worker,12,32GB,37.311,37.328,2011.674,1164.891
7261,cyclic,bitmapscan,16,master,worker,3,32GB,0.014,0.03,3.907,1.364
7262,cyclic,indexscan,64,prefetch-simple,io_uring,3,32GB,0.003,0.02,4.17,1.171
7263,cyclic,indexscan,16,master,sync,3,32GB,77.311,77.328,5050.555,2351.385
7264,cyclic,bitmapscan,16,master,worker,3,32GB,5.396,5.412,158.562,78.306
7265,cyclic,indexscan,0,prefetch-complex,worker,3,32GB,0.043,0.06,29.858,2.501
7266,cyclic,bitmapscan,0,master,sync,3,32GB,0.142,0.158,19.383,3.722
7267,cyclic,bitmapscan,1,master,worker,12,32GB,27.311,27.328,1654.087,385.182
7268,cyclic,indexscan,16,master,worker,12,32GB,1.067,1.084,114.592,34.879
7269,cyclic,indexscan,0,prefetch-complex,sync,3,32GB,0.004,0.022,8.477,1.439
7270,cyclic,bitmapscan,64,master,sync,3,32GB,2.399,2.416,109.254,34.89
7271,cyclic,indexscan,16,prefetch-simple,sync,3,32GB,0.029,0.046,7.506,1.876
7272,cyclic,bitmapscan,1,master,sync,3,32GB,57.311,57.328,3440.916,835.853
7273,cyclic,indexscan,16,prefetch-simple,io_uring,3,32GB,18.208,18.224,940.279,559.795
7274,cyclic,bitmapscan,16,prefetch-complex,worker,12,32GB,1.6,1.616,73.074,26.701
7275,cyclic,bitmapscan,16,prefetch-complex,worker,3,32GB,1.6,1.618,58.784,26.888
7276,cyclic,bitmapscan,64,prefetch-complex,sync,3,32GB,12.139,12.156,345.121,190.123
7277,cyclic,bitmapscan,16,master,io_uring,3,32GB,37.31,37.326,1076.37,520.109
7278,cyclic,indexscan,64,prefetch-simple,worker,3,32GB,0.005,0.022,4.175,1.247
7279,cyclic,indexscan,1,master,worker,12,32GB,77.311,77.328,5195.09,2355.692
7280,cyclic,indexscan,1,prefetch-complex,worker,3,32GB,5.395,5.412,1140.664,170.694
7281,cyclic,bitmapscan,1,master,worker,12,32GB,0.02,0.036,11.496,1.413
7282,cyclic,bitmapscan,64,master,worker,3,32GB,0.014,0.032,4.232,1.396
7283,cyclic,indexscan,0,master,sync,3,32GB,0.014,0.032,12.953,1.507
7284,cyclic,indexscan,0,prefetch-simple,worker,12,32GB,1.066,1.082,140.099,34.134
7285,cyclic,bitmapscan,0,prefetch-simple,sync,3,32GB,0.095,0.112,13.754,2.917
7286,cyclic,bitmapscan,0,prefetch-complex,sync,3,32GB,0.007,0.024,9.038,1.403
7287,cyclic,indexscan,64,prefetch-complex,worker,12,32GB,0.712,0.728,52.135,21.91
7288,cyclic,bitmapscan,16,prefetch-complex,worker,3,32GB,0.142,0.158,8.313,4.027
7289,cyclic,indexscan,16,prefetch-simple,worker,3,32GB,0.003,0.02,8.661,1.161
7290,cyclic,bitmapscan,16,prefetch-complex,sync,3,32GB,97.311,97.328,3187.167,1436.634
7291,cyclic,bitmapscan,16,prefetch-complex,sync,3,32GB,3.598,3.616,150.298,57.238
7292,cyclic,indexscan,64,prefetch-simple,worker,3,32GB,0.029,0.046,7.945,1.889
7293,cyclic,bitmapscan,64,master,io_uring,3,32GB,87.311,87.328,2711.347,1181.854
7294,cyclic,bitmapscan,64,master,worker,12,32GB,5.395,5.412,180.671,79.591
7295,cyclic,indexscan,64,prefetch-complex,worker,3,32GB,1.067,1.084,77.475,34.489
7296,cyclic,indexscan,0,master,sync,3,32GB,0.007,0.024,12.89,1.351
7297,cyclic,bitmapscan,0,prefetch-complex,io_uring,3,32GB,0.711,0.728,76.695,14.125
7298,cyclic,bitmapscan,0,prefetch-complex,io_uring,3,32GB,0.043,0.06,12.498,2.212
7299,cyclic,bitmapscan,1,prefetch-complex,worker,12,32GB,0.002,0.02,9.572,1.305
7300,cyclic,bitmapscan,16,prefetch-simple,sync,3,32GB,0.003,0.02,4.133,1.158
7301,cyclic,indexscan,16,prefetch-complex,worker,12,32GB,0.001,0.018,3.698,1.244
7302,cyclic,indexscan,1,prefetch-complex,sync,3,32GB,67.311,67.328,13574.239,2044.105
7303,cyclic,bitmapscan,1,prefetch-complex,worker,12,32GB,57.31,57.328,3510.414,853.788
7304,cyclic,indexscan,1,prefetch-complex,worker,12,32GB,0.014,0.032,22.788,1.745
7305,cyclic,indexscan,0,prefetch-complex,sync,3,32GB,37.311,37.328,2551.308,1158.531
7306,cyclic,bitmapscan,0,prefetch-complex,worker,12,32GB,97.311,97.328,5464.243,1501.11
7307,cyclic,indexscan,0,prefetch-simple,worker,3,32GB,77.31,77.328,5154.802,2386.178
7308,cyclic,bitmapscan,0,prefetch-simple,worker,3,32GB,0.02,0.036,8.556,1.491
7309,cyclic,indexscan,64,prefetch-complex,worker,12,32GB,0.095,0.112,13.458,4.152
7310,cyclic,bitmapscan,1,prefetch-complex,sync,3,32GB,12.139,12.156,805.184,189.117
7311,cyclic,indexscan,64,master,io_uring,3,32GB,0.004,0.022,9.506,1.206
7312,cyclic,bitmapscan,64,prefetch-complex,sync,3,32GB,0.475,0.492,19.338,9.54
7313,cyclic,indexscan,0,master,worker,3,32GB,47.311,47.328,3125.914,1434.017
7314,cyclic,bitmapscan,64,prefetch-complex,worker,12,32GB,77.311,77.328,2512.395,1152.568
7315,cyclic,bitmapscan,64,prefetch-complex,worker,3,32GB,18.208,18.224,500.712,280.628
7316,cyclic,indexscan,0,master,io_uring,3,32GB,0.317,0.334,45.413,9.765
7317,cyclic,indexscan,64,prefetch-complex,sync,3,32GB,0.043,0.06,9.151,2.482
7318,cyclic,indexscan,0,master,worker,3,32GB,57.311,57.328,3751.804,1736.239
7319,cyclic,indexscan,1,master,worker,3,32GB,8.093,8.11,604.04,252.165
7320,cyclic,indexscan,64,prefetch-complex,worker,3,32GB,0.712,0.728,58.401,21.697
7321,cyclic,indexscan,1,prefetch-simple,worker,12,32GB,27.311,27.328,5496.112,830.649
7322,cyclic,indexscan,1,master,worker,3,32GB,0.01,0.026,9.732,1.383
7323,cyclic,bitmapscan,0,prefetch-simple,io_uring,3,32GB,3.598,3.614,254.935,53.311
7324,cyclic,indexscan,16,prefetch-simple,io_uring,3,32GB,0.029,0.046,7.448,1.927
7325,cyclic,bitmapscan,16,prefetch-complex,sync,3,32GB,0.01,0.026,4.126,1.55
7326,cyclic,bitmapscan,16,prefetch-complex,worker,12,32GB,27.311,27.328,737.765,416.415
7327,cyclic,bitmapscan,0,prefetch-simple,sync,3,32GB,0.02,0.038,9.386,1.587
7328,cyclic,bitmapscan,64,prefetch-complex,sync,3,32GB,1.067,1.084,38.535,18.403
7329,cyclic,bitmapscan,0,master,io_uring,3,32GB,2.399,2.416,170.22,36.926
7330,cyclic,indexscan,16,prefetch-complex,worker,12,32GB,2.399,2.416,143.572,76.297
7331,cyclic,indexscan,0,master,io_uring,3,32GB,3.598,3.616,286.701,113.529
7332,cyclic,bitmapscan,1,prefetch-simple,io_uring,3,32GB,77.311,77.328,4537.063,1076.667
7333,cyclic,indexscan,16,prefetch-simple,sync,3,32GB,0.002,0.018,3.576,1.11
7334,cyclic,indexscan,64,prefetch-complex,sync,3,32GB,12.139,12.156,710.478,383.245
7335,cyclic,indexscan,16,prefetch-simple,sync,3,32GB,87.311,87.328,4422.143,2619.066
7336,cyclic,indexscan,1,master,io_uring,3,32GB,97.311,97.328,6411.108,2945.209
7337,cyclic,indexscan,64,master,worker,12,32GB,0.014,0.03,11.74,1.453
7338,cyclic,bitmapscan,1,master,sync,3,32GB,1.6,1.618,145.992,24.22
7339,cyclic,bitmapscan,1,master,worker,12,32GB,5.396,5.414,342.847,81.89
7340,cyclic,bitmapscan,16,prefetch-simple,worker,12,32GB,87.311,87.328,2724.705,1187.102
7341,cyclic,indexscan,1,prefetch-complex,io_uring,3,32GB,0.095,0.112,43.971,4.148
7342,cyclic,bitmapscan,64,prefetch-simple,sync,3,32GB,8.093,8.11,251.366,110.952
7343,cyclic,bitmapscan,16,master,worker,12,32GB,37.311,37.328,1080.731,517.876
7344,cyclic,indexscan,0,prefetch-complex,sync,3,32GB,77.311,77.328,5211.499,2400.651
7345,cyclic,indexscan,64,master,io_uring,3,32GB,57.311,57.328,3785.301,1716.862
7346,cyclic,indexscan,16,prefetch-simple,sync,3,32GB,47.311,47.328,2372.188,1425.553
7347,cyclic,indexscan,64,master,sync,3,32GB,12.139,12.156,862.06,377.759
7348,cyclic,indexscan,0,prefetch-complex,io_uring,3,32GB,18.208,18.224,1313.299,577.286
7349,cyclic,bitmapscan,16,prefetch-complex,sync,3,32GB,27.311,27.328,778.819,412.683
7350,cyclic,bitmapscan,0,master,io_uring,3,32GB,0.006,0.024,7.694,1.196
7351,cyclic,indexscan,16,prefetch-complex,sync,3,32GB,77.311,77.328,4083.168,2377.385
7352,cyclic,bitmapscan,16,prefetch-simple,worker,12,32GB,8.093,8.11,251.123,114.804
7353,cyclic,indexscan,0,prefetch-simple,worker,12,32GB,0.142,0.16,31.2,5.088
7354,cyclic,indexscan,0,prefetch-complex,sync,3,32GB,0.006,0.024,9.208,1.453
7355,cyclic,bitmapscan,0,master,worker,12,32GB,5.396,5.414,328.811,80.092
7356,cyclic,bitmapscan,16,master,worker,3,32GB,1.067,1.084,41.03,17.076
7357,cyclic,indexscan,1,master,worker,3,32GB,87.311,87.328,5841.331,2621.044
7358,cyclic,indexscan,16,prefetch-complex,sync,3,32GB,0.212,0.228,21.545,7.163
7359,cyclic,indexscan,0,master,worker,3,32GB,0.212,0.23,38.9,7.012
7360,cyclic,bitmapscan,0,master,sync,3,32GB,0.002,0.018,18.032,1.197
7361,cyclic,bitmapscan,0,prefetch-complex,worker,3,32GB,0.142,0.158,17.505,4.12
7362,cyclic,indexscan,16,prefetch-simple,sync,3,32GB,0.064,0.08,11.213,2.815
7363,cyclic,bitmapscan,0,master,worker,3,32GB,5.396,5.412,371.245,79.929
7364,cyclic,indexscan,0,prefetch-complex,sync,3,32GB,87.311,87.328,5884.162,2703.232
7365,cyclic,bitmapscan,64,master,sync,3,32GB,0.002,0.018,10.438,1.116
7366,cyclic,indexscan,64,master,worker,3,32GB,5.396,5.412,406.23,164.253
7367,cyclic,bitmapscan,16,prefetch-simple,worker,3,32GB,0.212,0.228,9.364,4.736
7368,cyclic,bitmapscan,16,prefetch-complex,worker,3,32GB,47.311,47.328,1437.344,700.054
7369,cyclic,bitmapscan,16,prefetch-simple,worker,12,32GB,0.043,0.06,4.626,1.91
7370,cyclic,bitmapscan,0,master,io_uring,3,32GB,18.208,18.226,1101.746,265.62
7371,cyclic,bitmapscan,64,master,worker,3,32GB,0.316,0.332,16.922,6.639
7372,cyclic,bitmapscan,16,prefetch-simple,worker,12,32GB,0.029,0.046,4.573,1.664
7373,cyclic,bitmapscan,64,master,worker,3,32GB,57.311,57.328,1737.76,781.639
7374,cyclic,bitmapscan,0,prefetch-simple,worker,12,32GB,0.007,0.024,7.949,1.343
7375,cyclic,indexscan,1,master,sync,3,32GB,97.311,97.328,6327.66,2955.835
7376,cyclic,indexscan,16,master,io_uring,3,32GB,0.317,0.334,59.934,10.239
7377,cyclic,indexscan,16,prefetch-complex,io_uring,3,32GB,0.064,0.082,10.44,3.114
7378,cyclic,bitmapscan,64,master,worker,12,32GB,12.138,12.154,336.324,174.687
7379,cyclic,bitmapscan,64,prefetch-simple,worker,12,32GB,0.142,0.158,7.614,3.677
7380,cyclic,indexscan,1,master,worker,12,32GB,97.311,97.328,6361.768,2939.02
7381,cyclic,bitmapscan,64,prefetch-simple,io_uring,3,32GB,27.311,27.328,731.982,386.157
7382,cyclic,indexscan,1,master,sync,3,32GB,0.064,0.08,21.644,2.825
7383,cyclic,indexscan,16,prefetch-complex,io_uring,3,32GB,2.399,2.416,145.731,75.688
7384,cyclic,indexscan,0,master,worker,12,32GB,0.029,0.046,16.765,1.924
7385,cyclic,bitmapscan,0,prefetch-simple,io_uring,3,32GB,0.028,0.044,13.373,1.723
7386,cyclic,indexscan,0,master,worker,3,32GB,0.012,0.028,13.51,1.412
7387,cyclic,indexscan,64,master,sync,3,32GB,27.311,27.328,1821.701,810.489
7388,cyclic,indexscan,1,master,sync,3,32GB,5.396,5.414,414.012,167.94
7389,cyclic,indexscan,16,prefetch-simple,io_uring,3,32GB,0.212,0.23,20.736,6.789
7390,cyclic,bitmapscan,0,prefetch-simple,io_uring,3,32GB,1.599,1.616,122.094,25.151
7391,cyclic,indexscan,1,master,worker,3,32GB,0.014,0.03,11.042,1.464
7392,cyclic,bitmapscan,1,prefetch-complex,sync,3,32GB,0.005,0.022,9.902,1.324
7393,cyclic,indexscan,64,master,sync,3,32GB,0.712,0.73,79.425,23.854
7394,cyclic,bitmapscan,0,master,io_uring,3,32GB,3.598,3.614,298.889,53.456
7395,cyclic,bitmapscan,0,master,sync,3,32GB,0.064,0.08,12.287,2.323
7396,cyclic,indexscan,0,prefetch-simple,sync,3,32GB,67.311,67.328,4485.897,2038.189
7397,cyclic,indexscan,1,prefetch-simple,worker,3,32GB,0.317,0.334,90.845,10.477
7398,cyclic,bitmapscan,0,prefetch-simple,sync,3,32GB,87.311,87.328,4761.851,1224.248
7399,cyclic,bitmapscan,16,prefetch-complex,io_uring,3,32GB,37.311,37.328,1107.942,566.223
7400,cyclic,indexscan,64,master,sync,3,32GB,87.311,87.328,5777.107,2655.352
7401,cyclic,indexscan,64,master,worker,12,32GB,3.598,3.614,294.838,116.427
7402,cyclic,indexscan,64,prefetch-complex,worker,3,32GB,0.317,0.334,28.22,9.58
7403,cyclic,bitmapscan,64,prefetch-complex,worker,3,32GB,67.311,67.328,2846.717,1005.045
7404,cyclic,bitmapscan,16,prefetch-complex,io_uring,3,32GB,97.311,97.328,3137.439,1440.794
7405,cyclic,indexscan,0,master,sync,3,32GB,12.138,12.154,871.93,375.197
7406,cyclic,indexscan,16,master,io_uring,3,32GB,97.311,97.328,6415.099,2933.849
7407,cyclic,indexscan,16,prefetch-simple,sync,3,32GB,8.093,8.11,435.15,251.332
7408,cyclic,bitmapscan,64,prefetch-complex,worker,3,32GB,0.02,0.038,4.384,1.696
7409,cyclic,indexscan,0,prefetch-complex,worker,3,32GB,12.138,12.156,945.908,435.243
7410,cyclic,indexscan,1,master,worker,3,32GB,0.002,0.018,7.439,1.157
7411,cyclic,indexscan,1,prefetch-complex,worker,3,32GB,0.095,0.112,50.856,4.027
7412,cyclic,indexscan,1,master,worker,3,32GB,1.067,1.084,107.501,33.966
7413,cyclic,bitmapscan,16,master,sync,3,32GB,1.599,1.616,54.465,24.295
7414,cyclic,indexscan,1,master,sync,3,32GB,0.095,0.112,28.151,3.641
7415,cyclic,bitmapscan,0,prefetch-complex,io_uring,3,32GB,0.317,0.334,36.569,7.396
7416,cyclic,bitmapscan,0,prefetch-complex,sync,3,32GB,18.208,18.224,1125.591,289.75
7417,cyclic,indexscan,16,master,worker,3,32GB,0.007,0.024,13.236,1.279
7418,cyclic,indexscan,0,prefetch-simple,sync,3,32GB,0.014,0.03,11.092,1.495
7419,cyclic,bitmapscan,64,prefetch-complex,worker,3,32GB,0.01,0.028,4.002,1.553
7420,cyclic,indexscan,16,prefetch-simple,io_uring,3,32GB,1.067,1.084,75.209,31.777
7421,cyclic,bitmapscan,16,prefetch-complex,sync,3,32GB,0.002,0.018,3.933,1.321
7422,cyclic,indexscan,16,prefetch-complex,io_uring,3,32GB,97.311,97.328,5135.834,2987.958
7423,cyclic,indexscan,0,master,worker,12,32GB,12.139,12.156,885.631,375.068
7424,cyclic,bitmapscan,0,prefetch-simple,sync,3,32GB,1.067,1.084,103.818,17.245
7425,cyclic,indexscan,0,prefetch-simple,worker,3,32GB,2.399,2.416,199.915,76.112
7426,cyclic,bitmapscan,64,prefetch-complex,worker,12,32GB,57.311,57.328,1758.052,869.58
7427,cyclic,bitmapscan,16,prefetch-simple,worker,3,32GB,27.311,27.328,708.225,382.548
7428,cyclic,indexscan,16,prefetch-complex,worker,3,32GB,0.142,0.158,16.378,5.16
7429,cyclic,indexscan,1,prefetch-simple,worker,12,32GB,1.6,1.618,368.261,50.536
7430,cyclic,bitmapscan,16,prefetch-simple,io_uring,3,32GB,0.043,0.06,4.913,1.995
7431,cyclic,bitmapscan,64,prefetch-simple,io_uring,3,32GB,0.002,0.02,4.381,1.203
7432,cyclic,bitmapscan,1,prefetch-simple,sync,3,32GB,0.006,0.024,13.811,1.221
7433,cyclic,bitmapscan,16,master,io_uring,3,32GB,0.007,0.024,3.826,1.198
7434,cyclic,indexscan,1,master,io_uring,3,32GB,12.139,12.156,855.737,367.082
7435,cyclic,bitmapscan,16,prefetch-complex,worker,3,32GB,0.043,0.06,5.323,2.191
7436,cyclic,bitmapscan,1,master,sync,3,32GB,97.311,97.328,5608.696,1320.971
7437,cyclic,indexscan,16,master,sync,3,32GB,0.005,0.022,12.305,1.252
7438,cyclic,bitmapscan,1,prefetch-complex,io_uring,3,32GB,57.311,57.328,3369.021,859.346
7439,cyclic,bitmapscan,64,prefetch-simple,sync,3,32GB,0.474,0.49,19.302,8.773
7440,cyclic,indexscan,1,prefetch-simple,worker,12,32GB,0.029,0.046,23.305,1.906
7441,cyclic,indexscan,0,master,sync,3,32GB,27.311,27.328,1803.812,834.382
7442,cyclic,indexscan,16,prefetch-complex,worker,3,32GB,0.003,0.02,3.914,1.378
7443,cyclic,indexscan,1,master,io_uring,3,32GB,0.02,0.036,13.163,1.596
7444,cyclic,bitmapscan,64,prefetch-complex,sync,3,32GB,0.317,0.334,15.025,7.078
7445,cyclic,bitmapscan,0,prefetch-complex,io_uring,3,32GB,0.002,0.018,7.373,1.258
7446,cyclic,indexscan,0,master,sync,3,32GB,0.004,0.022,8.836,1.176
7447,cyclic,bitmapscan,0,master,worker,3,32GB,27.309,27.326,1585.591,389.005
7448,cyclic,indexscan,0,prefetch-simple,worker,12,32GB,0.475,0.492,65.509,14.812
7449,cyclic,bitmapscan,16,master,io_uring,3,32GB,0.043,0.06,4.781,1.877
7450,cyclic,indexscan,1,prefetch-complex,worker,3,32GB,3.598,3.616,764.447,113.838
7451,cyclic,indexscan,16,prefetch-simple,io_uring,3,32GB,0.007,0.024,4.603,1.234
7452,cyclic,bitmapscan,1,master,sync,3,32GB,0.094,0.11,16.78,2.856
7453,cyclic,bitmapscan,1,prefetch-simple,sync,3,32GB,5.396,5.414,397.586,77.336
7454,cyclic,bitmapscan,16,prefetch-simple,worker,12,32GB,12.138,12.156,359.695,178.867
7455,cyclic,bitmapscan,64,prefetch-complex,worker,3,32GB,77.311,77.328,2512.972,1168.51
7456,cyclic,indexscan,1,master,io_uring,3,32GB,57.311,57.328,3885.013,1726.733
7457,cyclic,bitmapscan,16,prefetch-simple,sync,3,32GB,1.6,1.616,62.072,24.729
7458,cyclic,indexscan,16,prefetch-simple,sync,3,32GB,3.598,3.616,201.354,114.932
7459,cyclic,bitmapscan,1,master,io_uring,3,32GB,0.212,0.228,28.368,4.801
7460,cyclic,bitmapscan,64,prefetch-simple,worker,3,32GB,0.317,0.334,16.202,6.614
7461,cyclic,bitmapscan,0,prefetch-simple,worker,3,32GB,0.007,0.024,8.271,1.241
7462,cyclic,indexscan,16,prefetch-simple,worker,3,32GB,12.139,12.156,631.128,367.775
7463,cyclic,indexscan,0,prefetch-complex,sync,3,32GB,1.067,1.084,118.344,35.707
7464,cyclic,bitmapscan,0,master,worker,3,32GB,0.006,0.024,7.609,1.208
7465,cyclic,bitmapscan,1,master,sync,3,32GB,0.212,0.228,24.836,4.849
7466,cyclic,indexscan,1,master,worker,3,32GB,0.004,0.022,22.289,1.186
7467,cyclic,indexscan,1,prefetch-complex,io_uring,3,32GB,0.475,0.492,129.179,16.187
7468,cyclic,indexscan,64,master,sync,3,32GB,0.095,0.112,51.32,3.887
7469,cyclic,indexscan,64,master,sync,3,32GB,1.067,1.084,111.604,33.42
7470,cyclic,bitmapscan,1,prefetch-complex,sync,3,32GB,0.712,0.728,78.003,13.136
7471,cyclic,indexscan,0,master,worker,12,32GB,0.006,0.024,9.466,1.215
7472,cyclic,indexscan,1,master,worker,3,32GB,0.064,0.082,60.822,3.01
7473,cyclic,bitmapscan,16,prefetch-complex,io_uring,3,32GB,0.005,0.022,4.029,1.377
7474,cyclic,bitmapscan,0,master,worker,3,32GB,0.01,0.026,18.582,1.33
7475,cyclic,indexscan,1,prefetch-complex,sync,3,32GB,97.311,97.328,19809.179,2992.174
7476,cyclic,bitmapscan,16,prefetch-simple,io_uring,3,32GB,0.711,0.728,30.21,12.559
7477,cyclic,indexscan,64,master,worker,12,32GB,0.005,0.022,18.618,1.211
7478,cyclic,indexscan,1,prefetch-simple,sync,3,32GB,67.311,67.328,13678.137,2025.391
7479,cyclic,bitmapscan,0,prefetch-simple,sync,3,32GB,18.208,18.226,1142.304,269.888
7480,cyclic,indexscan,64,master,sync,3,32GB,5.396,5.414,465.501,167.494
7481,cyclic,bitmapscan,16,prefetch-complex,sync,3,32GB,18.208,18.224,556.056,289.139
7482,cyclic,bitmapscan,64,master,io_uring,3,32GB,0.012,0.028,4.075,1.303
7483,cyclic,indexscan,16,master,worker,12,32GB,5.396,5.414,423.827,170.924
7484,cyclic,bitmapscan,64,master,worker,12,32GB,0.095,0.112,7.255,2.792
7485,cyclic,indexscan,16,master,sync,3,32GB,37.311,37.328,2577.063,1134.797
7486,cyclic,indexscan,64,master,worker,3,32GB,0.002,0.02,7.858,1.143
7487,cyclic,indexscan,64,prefetch-simple,worker,3,32GB,0.014,0.032,5.929,1.455
7488,cyclic,indexscan,16,master,sync,3,32GB,0.141,0.158,31.816,5.134
7489,cyclic,indexscan,64,prefetch-simple,sync,3,32GB,0.064,0.082,10.462,3.111
7490,cyclic,bitmapscan,16,prefetch-simple,io_uring,3,32GB,2.399,2.416,101.481,36.29
7491,cyclic,bitmapscan,0,master,sync,3,32GB,97.311,97.328,5539.486,1353.224
7492,cyclic,indexscan,16,prefetch-simple,sync,3,32GB,27.311,27.328,1439.303,827.579
7493,cyclic,indexscan,16,prefetch-complex,io_uring,3,32GB,87.311,87.328,4632.005,2676.297
7494,cyclic,bitmapscan,0,prefetch-complex,sync,3,32GB,0.001,0.018,7.409,1.317
7495,cyclic,bitmapscan,1,prefetch-complex,io_uring,3,32GB,0.003,0.02,9.6,1.318
7496,cyclic,bitmapscan,0,prefetch-complex,io_uring,3,32GB,2.399,2.416,180.657,39.662
7497,cyclic,bitmapscan,16,prefetch-simple,worker,12,32GB,0.004,0.02,3.847,1.193
7498,cyclic,bitmapscan,16,prefetch-complex,worker,3,32GB,0.095,0.112,8.063,3.274
7499,cyclic,bitmapscan,64,prefetch-simple,sync,3,32GB,5.396,5.414,159.686,81.512
7500,cyclic,indexscan,0,master,sync,3,32GB,37.311,37.328,2528.856,1134.295
7501,cyclic,indexscan,1,prefetch-simple,worker,12,32GB,0.042,0.06,41.296,2.31
7502,cyclic,indexscan,0,prefetch-complex,sync,3,32GB,0.475,0.492,65.475,15.63
7503,cyclic,bitmapscan,64,master,sync,3,32GB,27.311,27.328,710.778,385.134
7504,cyclic,indexscan,64,master,sync,3,32GB,0.002,0.02,7.765,1.119
7505,cyclic,bitmapscan,0,master,sync,3,32GB,0.095,0.112,14.393,2.922
7506,cyclic,indexscan,0,master,io_uring,3,32GB,37.31,37.328,2502.185,1137.286
7507,cyclic,indexscan,64,prefetch-complex,sync,3,32GB,0.211,0.228,39.464,7.198
7508,cyclic,indexscan,64,prefetch-complex,worker,12,32GB,3.598,3.614,210.116,113.213
7509,cyclic,bitmapscan,1,prefetch-simple,sync,3,32GB,1.6,1.616,140.132,25.226
7510,cyclic,indexscan,64,prefetch-complex,worker,3,32GB,47.311,47.328,2634.688,1481.941
7511,cyclic,bitmapscan,16,prefetch-complex,worker,12,32GB,0.007,0.024,4.111,1.412
7512,cyclic,bitmapscan,64,master,worker,3,32GB,0.095,0.112,6.19,2.795
7513,cyclic,indexscan,0,prefetch-complex,io_uring,3,32GB,0.013,0.03,28.532,1.641
7514,cyclic,indexscan,16,prefetch-complex,worker,12,32GB,0.004,0.02,3.897,1.425
7515,cyclic,indexscan,0,prefetch-complex,io_uring,3,32GB,87.311,87.328,5812.145,2697.732
7516,cyclic,bitmapscan,16,prefetch-complex,worker,12,32GB,67.311,67.328,2098.314,1002.25
7517,cyclic,indexscan,64,master,io_uring,3,32GB,0.003,0.02,7.595,1.124
7518,cyclic,indexscan,0,prefetch-complex,worker,12,32GB,5.396,5.412,421.206,174.008
7519,cyclic,bitmapscan,64,prefetch-complex,worker,3,32GB,0.029,0.046,4.52,1.867
7520,cyclic,bitmapscan,16,prefetch-complex,io_uring,3,32GB,3.598,3.616,111.639,55.009
7521,cyclic,bitmapscan,16,prefetch-simple,worker,12,32GB,67.311,67.328,2043.909,910.965
7522,cyclic,indexscan,0,prefetch-complex,io_uring,3,32GB,77.311,77.328,5250.332,2419.664
7523,cyclic,indexscan,64,prefetch-simple,worker,3,32GB,77.311,77.328,3925.913,2331.19
7524,cyclic,bitmapscan,0,prefetch-complex,worker,3,32GB,1.067,1.084,110.269,25.454
7525,cyclic,indexscan,64,prefetch-complex,sync,3,32GB,0.014,0.03,6.258,1.641
7526,cyclic,bitmapscan,1,prefetch-complex,worker,12,32GB,97.311,97.328,5867.723,1451.148
7527,cyclic,bitmapscan,1,master,io_uring,3,32GB,0.005,0.022,10.147,1.24
7528,cyclic,indexscan,0,master,worker,12,32GB,87.311,87.328,5734.966,2624.263
7529,cyclic,indexscan,1,prefetch-complex,worker,12,32GB,0.003,0.02,11.136,1.318
7530,cyclic,bitmapscan,0,master,worker,12,32GB,27.311,27.328,1571.074,395.224
7531,cyclic,indexscan,0,prefetch-simple,worker,12,32GB,0.02,0.038,14.5,1.695
7532,cyclic,indexscan,0,prefetch-complex,worker,3,32GB,2.399,2.416,197.963,77.767
7533,cyclic,bitmapscan,1,master,worker,3,32GB,8.092,8.11,531.642,114.302
7534,cyclic,bitmapscan,64,prefetch-simple,worker,3,32GB,27.311,27.328,892.076,382.46
7535,cyclic,indexscan,0,master,sync,3,32GB,0.712,0.73,343.714,24.246
7536,cyclic,indexscan,1,master,sync,3,32GB,8.093,8.11,956.027,252.462
7537,cyclic,indexscan,64,prefetch-simple,sync,3,32GB,12.139,12.156,677.321,370.974
7538,cyclic,bitmapscan,0,prefetch-simple,io_uring,3,32GB,2.399,2.416,209.941,37.653
7539,cyclic,indexscan,1,master,worker,12,32GB,8.093,8.11,616.16,245.372
7540,cyclic,indexscan,16,master,worker,3,32GB,0.004,0.022,8.862,1.199
7541,cyclic,indexscan,1,prefetch-complex,io_uring,3,32GB,0.004,0.02,10.609,1.368
7542,cyclic,bitmapscan,0,prefetch-complex,io_uring,3,32GB,5.396,5.412,341.388,87.536
7543,cyclic,indexscan,64,prefetch-complex,worker,12,32GB,87.31,87.328,5202.3,2687.291
7544,cyclic,indexscan,64,prefetch-simple,worker,3,32GB,47.311,47.328,2434.184,1447.044
7545,cyclic,indexscan,0,prefetch-complex,worker,12,32GB,0.02,0.038,14.065,1.864
7546,cyclic,bitmapscan,16,master,worker,3,32GB,0.029,0.046,5.436,1.646
7547,cyclic,bitmapscan,1,master,io_uring,3,32GB,1.066,1.082,99.775,16.878
7548,cyclic,indexscan,64,prefetch-complex,io_uring,3,32GB,0.475,0.492,38.428,14.55
7549,cyclic,indexscan,1,master,worker,12,32GB,0.142,0.158,30.59,5.083
7550,cyclic,indexscan,64,prefetch-simple,io_uring,3,32GB,37.31,37.326,1881.663,1114.766
7551,cyclic,indexscan,0,prefetch-complex,io_uring,3,32GB,47.311,47.328,3613.451,1472.028
7552,cyclic,bitmapscan,0,master,worker,3,32GB,0.212,0.23,26.3,5.288
7553,cyclic,bitmapscan,64,master,sync,3,32GB,0.014,0.03,5.483,1.429
7554,cyclic,indexscan,16,master,worker,12,32GB,27.311,27.328,1843.858,818.311
7555,cyclic,indexscan,16,prefetch-simple,io_uring,3,32GB,0.043,0.06,9.566,2.278
7556,cyclic,bitmapscan,64,prefetch-simple,worker,12,32GB,0.475,0.492,26.017,8.684
7557,cyclic,bitmapscan,64,prefetch-simple,worker,3,32GB,1.6,1.616,69.028,24.376
7558,cyclic,indexscan,64,master,io_uring,3,32GB,77.311,77.328,5017.989,2305.693
7559,cyclic,bitmapscan,64,prefetch-complex,sync,3,32GB,0.007,0.024,3.974,1.404
7560,cyclic,bitmapscan,64,prefetch-simple,io_uring,3,32GB,1.599,1.616,62.442,24.874
7561,cyclic,bitmapscan,64,prefetch-simple,sync,3,32GB,0.004,0.022,4.052,1.236
7562,cyclic,bitmapscan,0,prefetch-complex,io_uring,3,32GB,0.063,0.08,13.332,2.598
7563,cyclic,indexscan,0,master,worker,3,32GB,2.399,2.416,203.901,76.833
7564,cyclic,bitmapscan,16,prefetch-complex,worker,3,32GB,0.064,0.08,5.721,2.569
7565,cyclic,indexscan,64,prefetch-complex,io_uring,3,32GB,0.064,0.08,11.047,3.009
7566,cyclic,bitmapscan,64,prefetch-complex,worker,3,32GB,87.311,87.328,2822.317,1309.8
7567,cyclic,bitmapscan,16,prefetch-complex,worker,3,32GB,0.212,0.228,9.823,5.356
7568,cyclic,indexscan,16,master,worker,12,32GB,8.093,8.11,561.893,252.822
7569,cyclic,indexscan,64,prefetch-complex,sync,3,32GB,8.092,8.11,477.227,251.519
7570,cyclic,indexscan,16,master,sync,3,32GB,27.309,27.326,2364.404,821.368
7571,cyclic,bitmapscan,0,master,worker,12,32GB,0.043,0.06,11.973,1.994
7572,cyclic,bitmapscan,16,prefetch-complex,worker,3,32GB,8.092,8.11,289.674,124.174
7573,cyclic,indexscan,1,master,worker,12,32GB,0.063,0.08,20.95,2.8
7574,cyclic,bitmapscan,64,prefetch-complex,io_uring,3,32GB,77.311,77.328,2466.616,1147.087
7575,cyclic,indexscan,1,master,worker,3,32GB,97.311,97.328,6432.149,2938.154
7576,cyclic,bitmapscan,0,prefetch-simple,io_uring,3,32GB,0.043,0.06,10.453,2.018
7577,cyclic,bitmapscan,64,master,io_uring,3,32GB,0.003,0.02,3.73,1.184
7578,cyclic,indexscan,0,prefetch-complex,sync,3,32GB,0.01,0.026,11.786,1.54
7579,cyclic,bitmapscan,1,prefetch-complex,worker,12,32GB,27.311,27.328,1650.621,414.227
7580,cyclic,indexscan,0,prefetch-simple,worker,12,32GB,77.311,77.328,5286.331,2372.01
7581,cyclic,bitmapscan,64,master,worker,3,32GB,0.007,0.024,3.927,1.205
7582,cyclic,bitmapscan,64,prefetch-complex,sync,3,32GB,0.014,0.03,4.284,1.532
7583,cyclic,indexscan,64,master,sync,3,32GB,0.007,0.024,9.895,1.267
7584,cyclic,indexscan,64,prefetch-complex,io_uring,3,32GB,0.316,0.332,27.465,9.987
7585,cyclic,indexscan,0,prefetch-simple,sync,3,32GB,8.093,8.11,575.804,249.153
7586,cyclic,indexscan,16,master,worker,3,32GB,57.311,57.328,4000.092,1738.333
7587,cyclic,bitmapscan,0,prefetch-simple,sync,3,32GB,57.311,57.328,3391.164,815.05
7588,cyclic,bitmapscan,64,prefetch-complex,sync,3,32GB,0.142,0.158,8.536,4.243
7589,cyclic,bitmapscan,16,prefetch-complex,sync,3,32GB,87.311,87.328,11238.342,1294.01
7590,cyclic,indexscan,0,prefetch-simple,worker,3,32GB,3.598,3.616,299.031,113.38
7591,cyclic,bitmapscan,1,master,io_uring,3,32GB,87.311,87.328,5018.176,1187.435
7592,cyclic,indexscan,16,master,io_uring,3,32GB,0.002,0.018,10.687,1.182
7593,cyclic,indexscan,16,master,io_uring,3,32GB,87.311,87.328,15723.334,2640.241
7594,cyclic,bitmapscan,1,prefetch-complex,sync,3,32GB,0.043,0.06,12.862,2.182
7595,cyclic,bitmapscan,64,prefetch-complex,sync,3,32GB,18.208,18.224,572.304,283.542
7596,cyclic,indexscan,16,master,worker,3,32GB,0.042,0.058,23.778,2.296
7597,cyclic,bitmapscan,0,master,worker,3,32GB,0.013,0.03,8.697,1.355
7598,cyclic,bitmapscan,64,master,worker,12,32GB,0.029,0.046,4.973,1.655
7599,cyclic,indexscan,16,prefetch-simple,worker,12,32GB,0.005,0.022,4.204,1.202
7600,cyclic,indexscan,0,master,worker,12,32GB,37.31,37.326,3022.903,1124.264
7601,cyclic,indexscan,1,prefetch-simple,io_uring,3,32GB,0.002,0.018,13.08,1.112
7602,cyclic,bitmapscan,16,master,io_uring,3,32GB,0.004,0.02,4.378,1.203
7603,cyclic,bitmapscan,64,master,worker,12,32GB,57.311,57.328,2255.117,782.619
7604,cyclic,indexscan,64,prefetch-simple,worker,12,32GB,0.01,0.028,5.21,1.44
7605,cyclic,indexscan,64,master,worker,12,32GB,97.311,97.328,9469.146,2964.178
7606,cyclic,bitmapscan,1,prefetch-complex,sync,3,32GB,37.311,37.328,2423.842,559.363
7607,cyclic,bitmapscan,0,prefetch-complex,sync,3,32GB,2.399,2.416,176.319,38.87
7608,cyclic,indexscan,16,prefetch-simple,sync,3,32GB,12.138,12.154,1818.505,370.459
7609,cyclic,indexscan,1,prefetch-simple,io_uring,3,32GB,97.311,97.328,20176.577,2914.151
7610,cyclic,indexscan,16,prefetch-complex,sync,3,32GB,27.311,27.328,2521.667,839.613
7611,cyclic,bitmapscan,0,prefetch-complex,worker,3,32GB,12.139,12.156,2017.741,195.567
7612,cyclic,indexscan,1,prefetch-complex,worker,3,32GB,0.014,0.032,15.899,1.656
7613,cyclic,indexscan,1,prefetch-simple,sync,3,32GB,2.399,2.416,524.231,75.352
7614,cyclic,indexscan,1,prefetch-complex,worker,3,32GB,87.311,87.328,18241.577,2690.737
7615,cyclic,bitmapscan,0,prefetch-simple,worker,12,32GB,0.095,0.112,27.245,3.063
7616,cyclic,indexscan,16,prefetch-simple,worker,12,32GB,1.067,1.084,90.473,34.065
7617,cyclic,bitmapscan,1,prefetch-simple,sync,3,32GB,0.029,0.046,11.687,1.742
7618,cyclic,bitmapscan,1,prefetch-complex,worker,12,32GB,0.064,0.082,13.704,2.541
7619,cyclic,indexscan,1,prefetch-simple,io_uring,3,32GB,27.311,27.328,5499.555,822.16
7620,cyclic,bitmapscan,1,prefetch-simple,sync,3,32GB,0.001,0.018,9.715,1.145
7621,cyclic,indexscan,16,prefetch-complex,worker,3,32GB,2.398,2.416,138.831,75.908
7622,cyclic,indexscan,1,prefetch-complex,sync,3,32GB,0.064,0.082,46.488,3.338
7623,cyclic,bitmapscan,16,prefetch-simple,worker,3,32GB,0.007,0.024,4.034,1.264
7624,cyclic,indexscan,64,prefetch-simple,sync,3,32GB,8.093,8.11,440.394,247.576
7625,cyclic,indexscan,1,master,sync,3,32GB,1.067,1.084,122.387,33.714
7626,cyclic,bitmapscan,64,master,sync,3,32GB,57.311,57.328,1723.338,785.711
7627,cyclic,bitmapscan,1,prefetch-simple,io_uring,3,32GB,1.599,1.616,140.914,24.702
7628,cyclic,bitmapscan,1,prefetch-simple,sync,3,32GB,8.093,8.11,550.011,114.562
7629,cyclic,indexscan,64,prefetch-complex,worker,12,32GB,0.042,0.06,11.614,2.495
7630,cyclic,bitmapscan,16,prefetch-simple,sync,3,32GB,1.067,1.084,39.473,17.422
7631,cyclic,bitmapscan,0,prefetch-complex,sync,3,32GB,8.093,8.11,511.431,128.337
7632,cyclic,bitmapscan,1,prefetch-complex,worker,3,32GB,0.095,0.112,190.615,3.25
7633,cyclic,bitmapscan,1,master,io_uring,3,32GB,0.064,0.08,13.911,2.352
7634,cyclic,bitmapscan,64,master,worker,12,32GB,0.013,0.03,3.931,1.36
7635,cyclic,indexscan,1,prefetch-complex,sync,3,32GB,0.712,0.728,173.565,23.55
7636,cyclic,indexscan,16,master,sync,3,32GB,47.311,47.328,3114.808,1449.727
7637,cyclic,indexscan,1,prefetch-complex,io_uring,3,32GB,0.064,0.082,32.617,3.044
7638,cyclic,indexscan,1,prefetch-simple,sync,3,32GB,57.311,57.328,11615.222,1721.576
7639,cyclic,bitmapscan,1,prefetch-complex,worker,3,32GB,0.01,0.028,11.251,1.513
7640,cyclic,bitmapscan,16,prefetch-simple,io_uring,3,32GB,18.208,18.224,491.681,258.319
7641,cyclic,indexscan,64,master,worker,12,32GB,0.004,0.02,8.98,1.354
7642,cyclic,indexscan,0,master,io_uring,3,32GB,57.311,57.328,3825.702,1730.716
7643,cyclic,bitmapscan,1,prefetch-complex,io_uring,3,32GB,1.6,1.618,151.39,26.598
7644,cyclic,bitmapscan,0,prefetch-simple,worker,12,32GB,77.311,77.328,4537.29,1079.334
7645,cyclic,bitmapscan,16,prefetch-simple,worker,3,32GB,37.311,37.328,1054.672,519.219
7646,cyclic,indexscan,1,prefetch-complex,sync,3,32GB,0.142,0.16,57.564,5.605
7647,cyclic,indexscan,0,prefetch-complex,worker,12,32GB,1.067,1.084,109.05,34.759
7648,cyclic,bitmapscan,0,prefetch-simple,worker,3,32GB,0.01,0.028,9.194,1.403
7649,cyclic,indexscan,0,prefetch-simple,sync,3,32GB,0.02,0.036,13.761,1.587
7650,cyclic,indexscan,16,master,worker,12,32GB,0.009,0.026,10.575,1.314
7651,cyclic,bitmapscan,16,master,sync,3,32GB,27.31,27.326,743.781,383.489
7652,cyclic,bitmapscan,0,prefetch-simple,io_uring,3,32GB,37.311,37.328,2066.402,537.158
7653,cyclic,bitmapscan,16,prefetch-simple,worker,3,32GB,0.064,0.08,5.516,2.446
7654,cyclic,bitmapscan,1,prefetch-simple,worker,12,32GB,0.002,0.02,11.344,1.167
7655,cyclic,bitmapscan,16,master,sync,3,32GB,0.005,0.022,3.57,1.194
7656,cyclic,bitmapscan,64,master,worker,12,32GB,97.311,97.328,3811.977,1332.418
7657,cyclic,bitmapscan,1,master,worker,3,32GB,0.141,0.158,18.901,3.563
7658,cyclic,bitmapscan,64,prefetch-simple,sync,3,32GB,0.01,0.026,3.903,1.296
7659,cyclic,indexscan,16,master,worker,12,32GB,0.475,0.492,66.673,14.852
7660,cyclic,bitmapscan,0,prefetch-complex,worker,3,32GB,0.029,0.046,16.69,1.898
7661,cyclic,indexscan,0,prefetch-complex,worker,3,32GB,0.212,0.228,39.016,7.361
7662,cyclic,bitmapscan,16,prefetch-complex,worker,3,32GB,97.311,97.328,3398.337,1450.266
7663,cyclic,bitmapscan,64,prefetch-simple,io_uring,3,32GB,47.31,47.328,1400.284,652.331
7664,cyclic,bitmapscan,1,master,worker,3,32GB,67.31,67.328,4305.347,927.527
7665,cyclic,bitmapscan,0,prefetch-simple,worker,12,32GB,87.311,87.328,4949.354,1238.262
7666,cyclic,bitmapscan,0,prefetch-simple,io_uring,3,32GB,97.311,97.328,6107.225,1380.014
7667,cyclic,bitmapscan,0,prefetch-complex,worker,12,32GB,0.029,0.046,17.857,1.906
7668,cyclic,indexscan,0,prefetch-complex,io_uring,3,32GB,0.475,0.492,73.077,15.951
7669,cyclic,indexscan,1,master,sync,3,32GB,0.317,0.334,46.116,10.065
7670,cyclic,bitmapscan,64,prefetch-simple,sync,3,32GB,67.31,67.328,2055.291,923.025
7671,cyclic,indexscan,16,prefetch-complex,worker,3,32GB,12.139,12.156,671.302,378.96
7672,cyclic,indexscan,16,master,worker,3,32GB,0.003,0.02,8.434,1.125
7673,cyclic,indexscan,1,prefetch-simple,sync,3,32GB,0.006,0.024,11.525,1.25
7674,cyclic,indexscan,16,prefetch-simple,worker,3,32GB,57.311,57.328,2940.607,1738.345
7675,cyclic,bitmapscan,64,prefetch-complex,worker,12,32GB,3.597,3.614,115.93,56.902
7676,cyclic,indexscan,16,prefetch-simple,io_uring,3,32GB,37.31,37.326,1930.549,1129.909
7677,cyclic,indexscan,1,prefetch-simple,io_uring,3,32GB,77.31,77.326,15525.544,2318.178
7678,cyclic,bitmapscan,0,prefetch-simple,io_uring,3,32GB,0.014,0.03,8.397,1.509
7679,cyclic,bitmapscan,16,prefetch-simple,sync,3,32GB,5.396,5.412,151.721,76.589
7680,cyclic,bitmapscan,1,master,worker,12,32GB,12.139,12.156,803.232,178.862
7681,cyclic,indexscan,1,prefetch-simple,io_uring,3,32GB,0.003,0.02,17.618,1.263
7682,cyclic,indexscan,1,master,io_uring,3,32GB,0.475,0.492,67.918,15.034
7683,cyclic,bitmapscan,1,prefetch-complex,worker,12,32GB,0.014,0.03,16.568,1.542
7684,cyclic,bitmapscan,0,master,worker,12,32GB,0.062,0.08,12.202,2.278
7685,cyclic,indexscan,0,prefetch-simple,sync,3,32GB,5.395,5.412,406.253,169.063
7686,cyclic,indexscan,64,master,sync,3,32GB,2.399,2.416,255.269,75.45
7687,cyclic,indexscan,0,master,worker,12,32GB,77.311,77.328,5321.646,2368.775
7688,cyclic,indexscan,1,prefetch-complex,io_uring,3,32GB,0.029,0.046,21.694,2.073
7689,cyclic,indexscan,64,prefetch-complex,sync,3,32GB,0.142,0.158,17.244,5.245
7690,cyclic,bitmapscan,0,prefetch-simple,worker,3,32GB,8.093,8.11,529.797,118.313
7691,cyclic,bitmapscan,16,master,sync,3,32GB,57.31,57.326,1752.846,792.964
7692,cyclic,indexscan,0,prefetch-complex,worker,3,32GB,77.311,77.328,5261.865,2422.478
7693,cyclic,indexscan,1,master,io_uring,3,32GB,0.001,0.018,17.139,1.148
7694,cyclic,indexscan,1,master,io_uring,3,32GB,0.142,0.16,31.44,5.03
7695,cyclic,indexscan,16,prefetch-simple,sync,3,32GB,0.004,0.022,4.022,1.194
7696,cyclic,indexscan,0,master,io_uring,3,32GB,2.399,2.416,189.858,75.321
7697,cyclic,bitmapscan,64,prefetch-complex,io_uring,3,32GB,0.473,0.49,18.898,9.314
7698,cyclic,indexscan,0,master,worker,12,32GB,0.211,0.228,38.874,7.108
7699,cyclic,bitmapscan,16,master,worker,3,32GB,18.208,18.224,473.671,260.246
7700,cyclic,indexscan,64,prefetch-simple,sync,3,32GB,3.598,3.616,506.441,112.256
7701,cyclic,indexscan,64,prefetch-complex,worker,12,32GB,0.063,0.08,10.769,3.072
7702,cyclic,bitmapscan,16,prefetch-simple,sync,3,32GB,18.208,18.224,512.22,257.112
7703,cyclic,bitmapscan,1,prefetch-simple,sync,3,32GB,27.311,27.328,1738.457,386.24
7704,cyclic,indexscan,64,prefetch-complex,io_uring,3,32GB,2.399,2.416,157.062,77.13
7705,cyclic,bitmapscan,1,prefetch-simple,io_uring,3,32GB,0.004,0.022,9.418,1.212
7706,cyclic,indexscan,64,prefetch-complex,io_uring,3,32GB,1.067,1.084,74.281,33.268
7707,cyclic,indexscan,1,prefetch-simple,worker,3,32GB,0.013,0.03,20.248,1.511
7708,cyclic,bitmapscan,16,master,worker,12,32GB,0.02,0.038,4.308,1.436
7709,cyclic,bitmapscan,1,master,io_uring,3,32GB,27.311,27.328,1709.555,382.051
7710,cyclic,indexscan,64,master,sync,3,32GB,97.311,97.328,7849.891,2974.071
7711,cyclic,bitmapscan,64,prefetch-simple,io_uring,3,32GB,57.311,57.328,1857.852,787.463
7712,cyclic,bitmapscan,1,prefetch-complex,sync,3,32GB,0.02,0.038,22.944,1.691
7713,cyclic,bitmapscan,1,prefetch-simple,io_uring,3,32GB,12.139,12.156,761.943,172.306
7714,cyclic,bitmapscan,64,prefetch-simple,worker,3,32GB,0.064,0.082,5.547,2.384
7715,cyclic,indexscan,16,master,io_uring,3,32GB,47.311,47.328,3184.681,1436.078
7716,cyclic,indexscan,16,master,sync,3,32GB,0.004,0.022,8.484,1.154
7717,cyclic,indexscan,64,prefetch-complex,worker,3,32GB,37.311,37.328,2079.75,1137.91
7718,cyclic,indexscan,16,prefetch-simple,sync,3,32GB,1.067,1.084,76.997,32.857
7719,cyclic,bitmapscan,1,prefetch-simple,worker,12,32GB,0.01,0.026,10.487,1.306
7720,cyclic,indexscan,16,prefetch-simple,io_uring,3,32GB,67.311,67.328,3370.316,2007.41
7721,cyclic,bitmapscan,64,master,sync,3,32GB,97.311,97.328,3312.68,1328.017
7722,cyclic,indexscan,16,prefetch-simple,io_uring,3,32GB,0.001,0.018,3.654,1.12
7723,cyclic,bitmapscan,64,master,sync,3,32GB,0.005,0.022,3.909,1.188
7724,cyclic,bitmapscan,64,master,io_uring,3,32GB,0.02,0.036,4.566,1.476
7725,cyclic,bitmapscan,0,prefetch-complex,io_uring,3,32GB,0.095,0.112,15.811,3.277
7726,cyclic,bitmapscan,1,prefetch-complex,worker,3,32GB,0.002,0.02,31.187,1.369
7727,cyclic,bitmapscan,0,prefetch-simple,io_uring,3,32GB,87.311,87.328,5096.714,1223.77
7728,cyclic,bitmapscan,16,prefetch-simple,worker,3,32GB,1.6,1.618,72.615,24.518
7729,cyclic,indexscan,0,prefetch-simple,worker,12,32GB,87.311,87.328,6214.511,2648.384
7730,cyclic,bitmapscan,0,prefetch-complex,io_uring,3,32GB,87.31,87.328,5375.471,1335.524
7731,cyclic,indexscan,16,prefetch-complex,worker,3,32GB,77.311,77.328,4183.712,2378.261
7732,cyclic,indexscan,64,prefetch-simple,io_uring,3,32GB,97.311,97.328,4976.621,2985.68
7733,cyclic,indexscan,0,master,io_uring,3,32GB,5.396,5.412,497.117,167.938
7734,cyclic,bitmapscan,0,prefetch-complex,sync,3,32GB,0.01,0.028,9.224,1.516
7735,cyclic,indexscan,64,master,sync,3,32GB,0.064,0.08,21.16,2.886
7736,cyclic,indexscan,64,prefetch-complex,worker,3,32GB,0.002,0.02,3.951,1.301
7737,cyclic,indexscan,0,prefetch-complex,worker,12,32GB,0.712,0.73,75.283,22.877
7738,cyclic,indexscan,1,prefetch-complex,sync,3,32GB,1.6,1.616,367.47,50.536
7739,cyclic,indexscan,16,prefetch-complex,worker,3,32GB,47.311,47.328,2543.915,1435.855
7740,cyclic,bitmapscan,0,master,io_uring,3,32GB,0.043,0.06,10.402,2.024
7741,cyclic,bitmapscan,0,prefetch-simple,worker,3,32GB,0.142,0.16,17.112,3.811
7742,cyclic,bitmapscan,1,master,io_uring,3,32GB,3.598,3.616,260.462,51.614
7743,cyclic,bitmapscan,16,prefetch-complex,sync,3,32GB,0.712,0.728,30.303,13.704
7744,cyclic,bitmapscan,1,prefetch-complex,io_uring,3,32GB,0.007,0.024,11.272,1.422
7745,cyclic,indexscan,0,master,sync,3,32GB,3.598,3.616,273.648,110.25
7746,cyclic,bitmapscan,16,prefetch-simple,worker,3,32GB,5.396,5.412,178.736,77.523
7747,cyclic,indexscan,1,prefetch-complex,worker,12,32GB,47.311,47.328,9550.734,1446.501
7748,cyclic,indexscan,64,prefetch-simple,worker,12,32GB,0.029,0.046,7.535,1.862
7749,cyclic,bitmapscan,1,prefetch-simple,io_uring,3,32GB,3.598,3.614,1074.997,51.478
7750,cyclic,indexscan,0,master,worker,12,32GB,0.064,0.082,21.885,2.951
7751,cyclic,bitmapscan,0,prefetch-simple,worker,12,32GB,8.091,8.108,636.751,119.136
7752,cyclic,indexscan,1,prefetch-complex,sync,3,32GB,87.311,87.328,18291.081,2661.073
7753,cyclic,bitmapscan,1,prefetch-complex,worker,3,32GB,12.138,12.156,984.211,190.051
7754,cyclic,bitmapscan,64,prefetch-simple,worker,12,32GB,77.311,77.328,2450.362,1060.609
7755,cyclic,bitmapscan,1,master,sync,3,32GB,8.093,8.11,609.128,115.226
7756,cyclic,indexscan,64,prefetch-simple,worker,12,32GB,0.004,0.022,6.97,1.255
7757,cyclic,bitmapscan,0,master,io_uring,3,32GB,0.02,0.038,9.158,1.512
7758,cyclic,indexscan,64,prefetch-complex,worker,12,32GB,77.311,77.328,4289.253,2380.775
7759,cyclic,bitmapscan,0,prefetch-complex,worker,12,32GB,0.007,0.024,8.312,1.418
7760,cyclic,bitmapscan,1,master,sync,3,32GB,0.712,0.73,76.509,12.184
7761,cyclic,bitmapscan,16,prefetch-simple,worker,3,32GB,0.014,0.03,8.059,1.374
7762,cyclic,bitmapscan,16,prefetch-simple,worker,12,32GB,0.004,0.022,4.535,1.212
7763,cyclic,indexscan,64,master,io_uring,3,32GB,87.311,87.328,5647.451,2641.088
7764,cyclic,indexscan,1,master,worker,12,32GB,5.396,5.412,422.333,165.411
7765,cyclic,bitmapscan,0,prefetch-simple,sync,3,32GB,8.093,8.11,639.346,120.743
7766,cyclic,indexscan,64,master,worker,3,32GB,47.31,47.326,3209.451,1425.492
7767,cyclic,indexscan,16,prefetch-simple,worker,12,32GB,37.311,37.328,1892.137,1118.782
7768,cyclic,indexscan,1,prefetch-simple,worker,3,32GB,47.311,47.328,9522.922,1437.313
7769,cyclic,bitmapscan,16,prefetch-complex,worker,12,32GB,0.02,0.038,4.904,1.674
7770,cyclic,indexscan,16,prefetch-simple,worker,12,32GB,0.007,0.024,4.512,1.24
7771,cyclic,indexscan,16,master,io_uring,3,32GB,0.029,0.046,17.483,1.869
7772,cyclic,indexscan,1,prefetch-complex,worker,12,32GB,0.006,0.022,11.472,1.417
7773,cyclic,bitmapscan,0,prefetch-simple,worker,3,32GB,47.311,47.328,5158.752,669.988
7774,cyclic,bitmapscan,16,prefetch-simple,worker,3,32GB,0.029,0.046,4.588,1.69
7775,cyclic,bitmapscan,0,master,io_uring,3,32GB,87.311,87.328,4880.538,1217.555
7776,cyclic,bitmapscan,0,master,sync,3,32GB,18.208,18.224,1318.915,268.904
7777,cyclic,bitmapscan,64,prefetch-simple,sync,3,32GB,0.095,0.112,6.468,2.903
7778,cyclic,indexscan,64,prefetch-simple,worker,3,32GB,0.064,0.08,11.345,2.822
7779,cyclic,bitmapscan,0,prefetch-complex,worker,12,32GB,0.003,0.02,11.976,1.323
7780,cyclic,bitmapscan,64,master,worker,3,32GB,0.02,0.038,4.238,1.502
7781,cyclic,bitmapscan,16,prefetch-simple,sync,3,32GB,0.002,0.018,3.643,1.165
7782,cyclic,bitmapscan,64,prefetch-simple,worker,12,32GB,0.212,0.23,9.82,4.909
7783,cyclic,bitmapscan,0,prefetch-complex,io_uring,3,32GB,12.138,12.156,721.54,188.386
7784,cyclic,bitmapscan,64,master,io_uring,3,32GB,12.139,12.156,424.123,176.07
7785,cyclic,indexscan,0,prefetch-simple,sync,3,32GB,18.208,18.224,1319.447,565.932
7786,cyclic,indexscan,0,master,worker,12,32GB,47.311,47.328,3185.729,1436.832
7787,cyclic,indexscan,0,prefetch-simple,io_uring,3,32GB,18.208,18.226,1302.012,566.548
7788,cyclic,bitmapscan,0,master,worker,12,32GB,3.598,3.616,249.381,54.729
7789,cyclic,bitmapscan,16,prefetch-complex,io_uring,3,32GB,2.399,2.416,83.808,38.864
7790,cyclic,indexscan,0,prefetch-simple,worker,3,32GB,8.093,8.11,597.177,250.921
7791,cyclic,indexscan,16,prefetch-simple,io_uring,3,32GB,8.093,8.11,435.722,249.06
7792,cyclic,bitmapscan,64,master,worker,3,32GB,27.31,27.326,734.675,389.145
7793,cyclic,bitmapscan,64,prefetch-simple,worker,12,32GB,37.311,37.328,1061.228,525.698
7794,cyclic,indexscan,64,prefetch-simple,sync,3,32GB,0.003,0.02,4.056,1.242
7795,cyclic,indexscan,64,prefetch-complex,worker,12,32GB,12.139,12.156,740.232,379.213
7796,cyclic,bitmapscan,64,prefetch-complex,io_uring,3,32GB,0.014,0.032,4.273,1.622
7797,cyclic,indexscan,64,prefetch-simple,io_uring,3,32GB,87.311,87.328,4426.228,2624.326
7798,cyclic,bitmapscan,16,prefetch-complex,worker,3,32GB,0.712,0.73,30.424,13.384
7799,cyclic,indexscan,16,master,worker,3,32GB,0.01,0.028,10.767,1.312
7800,cyclic,bitmapscan,1,prefetch-simple,worker,12,32GB,0.317,0.334,38.233,6.501
7801,cyclic,indexscan,16,prefetch-simple,worker,3,32GB,0.474,0.492,43.352,14.882
7802,cyclic,indexscan,64,prefetch-simple,sync,3,32GB,0.317,0.334,26.492,9.606
7803,cyclic,indexscan,64,prefetch-complex,io_uring,3,32GB,0.095,0.112,13.169,3.857
7804,cyclic,bitmapscan,64,prefetch-complex,worker,12,32GB,0.317,0.334,15.662,7.015
7805,cyclic,indexscan,1,prefetch-complex,worker,12,32GB,0.029,0.046,22.64,2.096
7806,cyclic,indexscan,1,prefetch-simple,worker,12,32GB,0.212,0.228,87.036,8.018
7807,cyclic,indexscan,0,prefetch-simple,worker,3,32GB,0.004,0.02,7.693,1.178
7808,cyclic,bitmapscan,64,prefetch-simple,sync,3,32GB,0.142,0.158,7.652,3.724
7809,cyclic,indexscan,1,prefetch-complex,worker,3,32GB,27.311,27.328,5595.997,838.372
7810,cyclic,indexscan,64,master,worker,3,32GB,0.02,0.036,13.615,1.593
7811,cyclic,bitmapscan,1,prefetch-complex,io_uring,3,32GB,0.005,0.022,19.392,1.426
7812,cyclic,bitmapscan,16,master,sync,3,32GB,0.02,0.036,4.206,1.408
7813,cyclic,indexscan,1,prefetch-simple,sync,3,32GB,18.207,18.224,3805.422,552.988
7814,cyclic,indexscan,64,master,io_uring,3,32GB,0.212,0.23,42.019,7.212
7815,cyclic,indexscan,16,prefetch-simple,worker,12,32GB,8.093,8.11,449.583,249.743
7816,cyclic,indexscan,0,prefetch-simple,worker,12,32GB,0.007,0.024,9.475,1.261
7817,cyclic,indexscan,1,prefetch-simple,sync,3,32GB,0.001,0.018,10.009,1.077
7818,cyclic,indexscan,1,prefetch-complex,worker,3,32GB,0.043,0.06,30.498,2.585
7819,cyclic,indexscan,1,prefetch-simple,io_uring,3,32GB,67.311,67.328,13471.847,2035.73
7820,cyclic,bitmapscan,1,prefetch-simple,worker,12,32GB,5.396,5.412,368.609,78.443
7821,cyclic,indexscan,1,prefetch-simple,worker,3,32GB,1.6,1.616,384.109,50.747
7822,cyclic,indexscan,1,prefetch-complex,io_uring,3,32GB,0.01,0.028,13.7,1.561
7823,cyclic,indexscan,0,prefetch-simple,sync,3,32GB,47.311,47.328,3216.711,1447.421
7824,cyclic,bitmapscan,64,prefetch-complex,worker,3,32GB,0.095,0.112,8.427,3.182
7825,cyclic,indexscan,1,master,io_uring,3,32GB,67.311,67.328,4647.138,2020.147
7826,cyclic,indexscan,16,prefetch-simple,worker,3,32GB,0.003,0.02,23.777,1.156
7827,cyclic,bitmapscan,1,prefetch-simple,worker,3,32GB,12.138,12.156,882.11,175.259
7828,cyclic,bitmapscan,16,master,worker,3,32GB,87.311,87.328,2718.333,1190.402
7829,cyclic,bitmapscan,1,prefetch-simple,worker,3,32GB,0.141,0.158,21.184,3.732
7830,cyclic,bitmapscan,0,prefetch-simple,io_uring,3,32GB,0.01,0.026,9.365,1.308
7831,cyclic,bitmapscan,1,master,worker,3,32GB,77.311,77.328,4950.538,1052.75
7832,cyclic,indexscan,16,prefetch-simple,io_uring,3,32GB,0.005,0.022,6.332,1.206
7833,cyclic,bitmapscan,64,prefetch-simple,worker,12,32GB,0.063,0.08,5.676,2.401
7834,cyclic,bitmapscan,1,prefetch-complex,worker,12,32GB,0.712,0.73,74.773,13.303
7835,cyclic,bitmapscan,1,prefetch-simple,sync,3,32GB,67.311,67.328,4412.015,924.517
7836,cyclic,bitmapscan,0,prefetch-simple,io_uring,3,32GB,5.396,5.414,415.092,82.989
7837,cyclic,bitmapscan,0,prefetch-complex,sync,3,32GB,3.598,3.614,301.473,58.999
7838,cyclic,bitmapscan,1,master,worker,12,32GB,37.311,37.328,2332.313,515.038
7839,cyclic,bitmapscan,64,prefetch-complex,sync,3,32GB,37.311,37.328,1089.608,558.272
7840,cyclic,indexscan,1,master,worker,12,32GB,12.139,12.156,883.25,376.539
7841,cyclic,indexscan,16,prefetch-complex,sync,3,32GB,0.014,0.032,5.384,1.657
7842,cyclic,bitmapscan,1,prefetch-complex,worker,3,32GB,1.067,1.084,139.756,18.498
7843,cyclic,indexscan,0,prefetch-simple,worker,12,32GB,0.064,0.082,38.112,2.938
7844,cyclic,indexscan,16,prefetch-simple,worker,12,32GB,0.02,0.038,10.376,1.672
7845,cyclic,indexscan,16,prefetch-complex,worker,12,32GB,87.311,87.328,4815.227,2737.385
7846,cyclic,indexscan,1,master,worker,12,32GB,0.029,0.046,18.112,1.855
7847,cyclic,indexscan,16,prefetch-simple,worker,3,32GB,0.142,0.158,15.4,5.492
7848,cyclic,indexscan,16,master,io_uring,3,32GB,0.004,0.02,8.35,1.17
7849,cyclic,indexscan,64,prefetch-simple,worker,3,32GB,0.043,0.06,18.841,2.271
7850,cyclic,indexscan,16,master,worker,3,32GB,0.02,0.038,14.167,1.63
7851,cyclic,indexscan,64,master,worker,3,32GB,27.311,27.328,1799.176,829.592
7852,cyclic,indexscan,64,master,worker,12,32GB,5.396,5.412,423.932,165.11
7853,cyclic,bitmapscan,1,master,worker,3,32GB,0.029,0.046,11.728,1.753
7854,cyclic,indexscan,64,prefetch-complex,worker,3,32GB,2.399,2.416,150.389,74.689
7855,cyclic,bitmapscan,16,master,sync,3,32GB,0.003,0.02,3.909,1.127
7856,cyclic,indexscan,0,prefetch-simple,io_uring,3,32GB,0.095,0.112,29.654,3.724
7857,cyclic,indexscan,16,prefetch-simple,worker,3,32GB,18.208,18.224,924.669,547.492
7858,cyclic,indexscan,1,prefetch-simple,io_uring,3,32GB,0.475,0.492,149.696,15.786
7859,cyclic,bitmapscan,1,master,io_uring,3,32GB,0.043,0.06,12.042,1.885
7860,cyclic,indexscan,1,prefetch-complex,worker,3,32GB,8.093,8.11,1668.478,248.64
7861,cyclic,bitmapscan,0,master,io_uring,3,32GB,0.317,0.334,35.427,6.753
7862,cyclic,indexscan,64,prefetch-complex,worker,12,32GB,57.311,57.328,3269.321,1804.213
7863,cyclic,bitmapscan,16,prefetch-complex,io_uring,3,32GB,0.475,0.492,20.603,9.711
7864,cyclic,bitmapscan,64,prefetch-simple,worker,3,32GB,0.02,0.038,4.494,1.511
7865,cyclic,indexscan,0,prefetch-simple,io_uring,3,32GB,0.01,0.026,12.072,1.354
7866,cyclic,bitmapscan,16,prefetch-simple,worker,3,32GB,1.067,1.084,44.555,17.133
7867,cyclic,bitmapscan,64,prefetch-complex,worker,3,32GB,0.142,0.16,7.711,4.183
7868,cyclic,bitmapscan,1,master,io_uring,3,32GB,0.029,0.046,15.551,1.665
7869,cyclic,bitmapscan,64,prefetch-simple,io_uring,3,32GB,0.142,0.158,8.672,3.747
7870,cyclic,indexscan,16,prefetch-complex,sync,3,32GB,47.311,47.328,2522.357,1447.993
7871,cyclic,indexscan,1,prefetch-simple,sync,3,32GB,3.598,3.616,820.948,110.661
7872,cyclic,bitmapscan,16,master,io_uring,3,32GB,0.003,0.02,3.882,1.167
7873,cyclic,bitmapscan,64,prefetch-complex,worker,12,32GB,0.029,0.046,4.745,1.891
7874,cyclic,indexscan,16,prefetch-simple,worker,3,32GB,0.212,0.23,20.827,6.641
7875,cyclic,bitmapscan,16,prefetch-complex,worker,12,32GB,18.206,18.224,595.977,280.421
7876,cyclic,indexscan,16,master,sync,3,32GB,2.398,2.414,204.867,75.528
7877,cyclic,bitmapscan,64,prefetch-simple,io_uring,3,32GB,0.212,0.228,9.663,4.755
7878,cyclic,bitmapscan,1,prefetch-simple,worker,12,32GB,0.142,0.16,26.098,3.777
7879,cyclic,bitmapscan,0,master,worker,3,32GB,0.095,0.112,14.075,2.981
7880,cyclic,indexscan,0,prefetch-complex,sync,3,32GB,0.02,0.038,14.069,1.779
7881,cyclic,indexscan,1,master,io_uring,3,32GB,2.399,2.416,192.637,74.575
7882,cyclic,indexscan,16,master,io_uring,3,32GB,0.003,0.02,8.668,1.127
7883,cyclic,indexscan,1,prefetch-simple,worker,12,32GB,67.311,67.328,13495.625,2020.639
7884,cyclic,indexscan,64,prefetch-complex,worker,3,32GB,27.311,27.328,1594.994,842.755
7885,cyclic,indexscan,0,prefetch-simple,io_uring,3,32GB,0.003,0.02,12.644,1.183
7886,cyclic,indexscan,64,prefetch-simple,sync,3,32GB,0.02,0.038,6.298,1.702
7887,cyclic,indexscan,64,prefetch-simple,sync,3,32GB,2.399,2.416,134.992,75.92
7888,cyclic,indexscan,16,prefetch-complex,worker,12,32GB,3.598,3.616,209.036,114.94
7889,cyclic,indexscan,0,prefetch-complex,io_uring,3,32GB,8.092,8.108,598.509,257.279
7890,cyclic,bitmapscan,16,prefetch-complex,sync,3,32GB,5.396,5.412,203.846,85.371
7891,cyclic,bitmapscan,0,master,io_uring,3,32GB,12.139,12.156,715.855,184.535
7892,cyclic,bitmapscan,0,prefetch-complex,worker,3,32GB,2.399,2.416,192.676,41.137
7893,cyclic,bitmapscan,0,prefetch-complex,io_uring,3,32GB,37.311,37.328,2211.015,573.32
7894,cyclic,indexscan,16,prefetch-complex,sync,3,32GB,0.005,0.022,5.362,1.363
7895,cyclic,bitmapscan,16,prefetch-complex,worker,12,32GB,0.064,0.082,5.746,2.621
7896,cyclic,indexscan,1,master,sync,3,32GB,77.311,77.328,5102.465,2344.365
7897,cyclic,bitmapscan,1,prefetch-complex,worker,12,32GB,0.095,0.112,16.504,3.438
7898,cyclic,bitmapscan,16,master,worker,12,32GB,0.095,0.112,12.423,2.854
7899,cyclic,bitmapscan,16,prefetch-complex,worker,12,32GB,0.317,0.334,16.109,7.108
7900,cyclic,bitmapscan,1,prefetch-complex,io_uring,3,32GB,37.311,37.328,2525.737,566.428
7901,cyclic,indexscan,0,prefetch-simple,worker,3,32GB,0.029,0.046,16.876,1.943
7902,cyclic,bitmapscan,1,prefetch-complex,worker,3,32GB,0.063,0.08,18.689,2.502
7903,cyclic,bitmapscan,64,prefetch-simple,worker,12,32GB,12.139,12.156,453.192,173.556
7904,cyclic,indexscan,0,prefetch-simple,sync,3,32GB,0.043,0.06,23.381,2.328
7905,cyclic,bitmapscan,16,master,worker,12,32GB,0.317,0.334,14.81,6.411
7906,cyclic,indexscan,0,master,io_uring,3,32GB,0.007,0.024,9.254,1.26
7907,cyclic,bitmapscan,1,prefetch-complex,io_uring,3,32GB,77.311,77.328,4874.451,1169.993
7908,cyclic,bitmapscan,0,prefetch-complex,io_uring,3,32GB,8.093,8.11,822.885,125.982
7909,cyclic,indexscan,0,prefetch-complex,worker,12,32GB,37.311,37.328,2590.77,1155.222
7910,cyclic,indexscan,1,prefetch-simple,io_uring,3,32GB,0.212,0.23,82.59,7.345
7911,cyclic,indexscan,64,master,sync,3,32GB,0.043,0.06,22.092,2.226
7912,cyclic,indexscan,64,master,io_uring,3,32GB,0.043,0.06,22.31,2.253
7913,cyclic,indexscan,1,prefetch-complex,sync,3,32GB,12.139,12.156,2570.21,371.89
7914,cyclic,bitmapscan,0,prefetch-complex,io_uring,3,32GB,0.002,0.018,9.551,1.335
7915,cyclic,bitmapscan,0,prefetch-complex,worker,3,32GB,0.317,0.334,35.653,7.283
7916,cyclic,indexscan,64,prefetch-simple,worker,3,32GB,0.095,0.112,13.68,3.659
7917,cyclic,bitmapscan,64,prefetch-simple,io_uring,3,32GB,0.064,0.08,5.465,2.312
7918,cyclic,indexscan,1,master,sync,3,32GB,0.002,0.018,7.118,1.091
7919,cyclic,bitmapscan,0,prefetch-simple,worker,3,32GB,1.067,1.084,114.568,17.534
7920,cyclic,indexscan,1,prefetch-simple,io_uring,3,32GB,0.02,0.038,18.055,1.698
7921,cyclic,bitmapscan,16,prefetch-complex,io_uring,3,32GB,0.142,0.16,8.407,4.226
7922,cyclic,bitmapscan,1,master,sync,3,32GB,67.311,67.328,3973.774,923.304
7923,cyclic,bitmapscan,64,master,worker,3,32GB,0.064,0.082,6.242,2.364
7924,cyclic,indexscan,16,master,io_uring,3,32GB,67.31,67.326,4488.448,2019.946
7925,cyclic,indexscan,64,prefetch-simple,sync,3,32GB,0.007,0.024,4.8,1.308
7926,cyclic,bitmapscan,0,prefetch-simple,worker,12,32GB,3.597,3.614,251.284,53.56
7927,cyclic,bitmapscan,64,master,io_uring,3,32GB,1.6,1.616,77.715,24.417
7928,cyclic,indexscan,0,prefetch-complex,worker,3,32GB,97.311,97.328,6493.403,3075.073
7929,cyclic,indexscan,1,prefetch-complex,io_uring,3,32GB,0.006,0.022,11.53,1.437
7930,cyclic,bitmapscan,1,prefetch-simple,worker,3,32GB,37.311,37.328,2159.059,514.72
7931,cyclic,bitmapscan,64,prefetch-simple,worker,3,32GB,3.598,3.614,109.216,51.927
7932,cyclic,indexscan,64,prefetch-simple,sync,3,32GB,0.212,0.23,80.117,6.768
7933,cyclic,indexscan,1,prefetch-complex,io_uring,3,32GB,57.31,57.328,11570.048,1749.704
7934,cyclic,bitmapscan,16,master,io_uring,3,32GB,0.475,0.492,22.089,8.976
7935,cyclic,indexscan,0,master,io_uring,3,32GB,1.6,1.618,157.446,51.552
7936,cyclic,indexscan,16,master,io_uring,3,32GB,0.095,0.112,34.47,3.761
7937,cyclic,indexscan,16,master,worker,3,32GB,0.005,0.022,8.82,1.232
7938,cyclic,indexscan,16,prefetch-complex,worker,3,32GB,0.02,0.038,6.463,1.821
7939,cyclic,indexscan,0,master,worker,3,32GB,3.598,3.614,275.519,112.509
7940,cyclic,indexscan,1,master,io_uring,3,32GB,0.014,0.03,11.141,1.451
7941,cyclic,indexscan,16,prefetch-simple,io_uring,3,32GB,0.003,0.02,4.525,1.186
7942,cyclic,indexscan,16,prefetch-complex,worker,3,32GB,0.005,0.022,4.256,1.406
7943,cyclic,bitmapscan,1,prefetch-simple,worker,3,32GB,87.311,87.328,5117.019,1202.901
7944,cyclic,indexscan,16,master,io_uring,3,32GB,37.311,37.328,2532.217,1132.158
7945,cyclic,indexscan,64,prefetch-simple,sync,3,32GB,57.311,57.328,2920.54,1724.352
7946,cyclic,indexscan,0,prefetch-simple,worker,3,32GB,87.311,87.328,5863.78,2647.804
7947,cyclic,bitmapscan,0,prefetch-simple,sync,3,32GB,0.043,0.06,13.467,2.035
7948,cyclic,indexscan,1,prefetch-simple,worker,12,32GB,5.396,5.414,1120.98,166.342
7949,cyclic,indexscan,1,master,worker,3,32GB,18.208,18.224,1301.941,561.341
7950,cyclic,bitmapscan,64,master,sync,3,32GB,12.139,12.156,352.296,174.095
7951,cyclic,indexscan,0,prefetch-complex,sync,3,32GB,47.311,47.328,3281.919,1485.944
7952,cyclic,indexscan,1,master,io_uring,3,32GB,0.005,0.022,11.578,1.243
7953,cyclic,bitmapscan,16,prefetch-simple,io_uring,3,32GB,0.005,0.022,3.669,1.232
7954,cyclic,indexscan,64,prefetch-complex,worker,12,32GB,0.002,0.018,3.789,1.294
7955,cyclic,bitmapscan,1,prefetch-simple,sync,3,32GB,87.311,87.328,5008.339,1181.195
7956,cyclic,bitmapscan,16,prefetch-simple,worker,3,32GB,0.02,0.036,4.315,1.637
7957,cyclic,indexscan,64,master,worker,3,32GB,97.311,97.328,7421.349,2901.905
7958,cyclic,bitmapscan,64,prefetch-simple,sync,3,32GB,0.317,0.334,27.249,6.521
7959,cyclic,bitmapscan,0,prefetch-complex,worker,12,32GB,0.475,0.492,59.073,9.931
7960,cyclic,indexscan,1,master,worker,12,32GB,1.6,1.616,154.905,50.665
7961,cyclic,indexscan,64,prefetch-complex,sync,3,32GB,0.007,0.024,6.136,1.392
7962,cyclic,indexscan,1,prefetch-complex,worker,12,32GB,1.067,1.084,256.746,34.256
7963,cyclic,indexscan,0,prefetch-simple,io_uring,3,32GB,5.396,5.414,403.27,166.078
7964,cyclic,indexscan,1,prefetch-complex,worker,3,32GB,0.029,0.046,21.889,2.037
7965,cyclic,bitmapscan,64,master,io_uring,3,32GB,0.142,0.16,7.706,3.649
7966,cyclic,indexscan,16,prefetch-complex,worker,3,32GB,0.0,0.0,1.406,1.029
7967,cyclic,bitmapscan,16,master,io_uring,3,32GB,0.014,0.03,4.065,1.323
7968,cyclic,indexscan,64,master,io_uring,3,32GB,0.142,0.16,37.963,5.27
7969,cyclic,bitmapscan,64,prefetch-complex,worker,3,32GB,47.311,47.328,1470.329,705.145
7970,cyclic,bitmapscan,64,master,worker,12,32GB,0.043,0.06,5.11,1.959
7971,cyclic,bitmapscan,1,master,worker,12,32GB,0.014,0.032,10.837,1.461
7972,cyclic,indexscan,1,master,worker,3,32GB,0.007,0.024,9.333,1.239
7973,cyclic,bitmapscan,16,prefetch-complex,sync,3,32GB,0.043,0.06,23.254,2.218
7974,cyclic,indexscan,16,master,io_uring,3,32GB,5.396,5.412,398.273,166.937
7975,cyclic,bitmapscan,64,prefetch-complex,sync,3,32GB,0.711,0.728,37.609,13.656
7976,cyclic,bitmapscan,64,prefetch-simple,worker,12,32GB,0.007,0.024,4.075,1.321
7977,cyclic,indexscan,0,master,io_uring,3,32GB,27.311,27.328,1821.838,830.839
7978,cyclic,bitmapscan,64,prefetch-complex,worker,3,32GB,97.311,97.328,3172.153,1438.339
7979,cyclic,indexscan,16,master,sync,3,32GB,0.02,0.038,14.863,1.619
7980,cyclic,indexscan,64,prefetch-simple,io_uring,3,32GB,0.712,0.728,48.61,21.558
7981,cyclic,bitmapscan,16,prefetch-complex,worker,3,32GB,0.029,0.046,4.841,1.902
7982,cyclic,indexscan,1,prefetch-simple,worker,3,32GB,0.009,0.026,12.968,1.328
7983,cyclic,bitmapscan,0,prefetch-complex,sync,3,32GB,47.311,47.328,2583.728,727.105
7984,cyclic,bitmapscan,1,prefetch-simple,worker,12,32GB,67.311,67.328,4092.292,930.641
7985,cyclic,bitmapscan,64,prefetch-complex,worker,3,32GB,1.067,1.084,56.11,18.935
7986,cyclic,bitmapscan,64,prefetch-simple,worker,12,32GB,0.004,0.022,4.094,1.226
7987,cyclic,bitmapscan,64,prefetch-simple,worker,3,32GB,0.014,0.032,4.538,1.436
7988,cyclic,indexscan,1,prefetch-complex,io_uring,3,32GB,18.208,18.226,3739.278,599.424
7989,cyclic,bitmapscan,1,prefetch-simple,worker,3,32GB,77.311,77.328,4648.151,1060.591
7990,cyclic,bitmapscan,1,prefetch-simple,worker,12,32GB,77.311,77.328,4743.86,1061.622
7991,cyclic,indexscan,1,prefetch-simple,worker,3,32GB,1.066,1.082,264.6,35.326
7992,cyclic,bitmapscan,1,prefetch-complex,worker,3,32GB,47.311,47.328,2891.454,709.351
7993,cyclic,indexscan,64,prefetch-complex,worker,3,32GB,0.014,0.032,5.41,1.642
7994,cyclic,indexscan,0,prefetch-complex,io_uring,3,32GB,67.311,67.328,4546.361,2098.787
7995,cyclic,indexscan,64,prefetch-simple,worker,12,32GB,0.014,0.032,5.608,1.476
7996,cyclic,indexscan,0,prefetch-simple,worker,3,32GB,0.712,0.73,79.098,22.575
7997,cyclic,bitmapscan,64,master,io_uring,3,32GB,0.002,0.02,3.751,1.177
7998,cyclic,bitmapscan,0,prefetch-complex,worker,12,32GB,0.212,0.228,22.614,5.37
7999,cyclic,indexscan,64,prefetch-simple,io_uring,3,32GB,1.067,1.084,68.668,31.701
8000,cyclic,bitmapscan,16,prefetch-complex,worker,3,32GB,0.317,0.334,45.777,7.023
8001,cyclic,bitmapscan,1,prefetch-simple,worker,3,32GB,1.067,1.084,122.405,16.713
8002,cyclic,indexscan,1,master,worker,3,32GB,47.311,47.328,3074.771,1408.579
8003,cyclic,bitmapscan,64,prefetch-simple,sync,3,32GB,0.712,0.73,28.996,12.271
8004,cyclic,bitmapscan,1,prefetch-complex,sync,3,32GB,67.311,67.328,3947.467,997.292
8005,cyclic,indexscan,0,master,worker,12,32GB,3.598,3.614,289.142,111.138
8006,cyclic,indexscan,64,prefetch-complex,io_uring,3,32GB,0.007,0.024,4.543,1.46
8007,cyclic,indexscan,1,master,worker,3,32GB,0.043,0.06,19.935,2.292
8008,cyclic,bitmapscan,1,master,worker,12,32GB,0.004,0.02,9.174,1.193
8009,cyclic,indexscan,16,prefetch-simple,sync,3,32GB,0.475,0.492,37.34,13.629
8010,cyclic,bitmapscan,0,prefetch-complex,worker,3,32GB,0.005,0.022,7.705,1.391
8011,cyclic,indexscan,1,prefetch-complex,worker,3,32GB,0.064,0.082,32.721,3.094
8012,cyclic,indexscan,64,master,io_uring,3,32GB,0.019,0.036,13.351,1.686
8013,cyclic,indexscan,0,master,worker,3,32GB,18.207,18.224,1241.346,549.146
8014,cyclic,indexscan,1,prefetch-complex,io_uring,3,32GB,0.019,0.036,18.448,1.754
8015,cyclic,indexscan,0,master,sync,3,32GB,0.01,0.028,10.516,1.342
8016,cyclic,indexscan,1,prefetch-simple,worker,12,32GB,0.474,0.492,137.843,15.082
8017,cyclic,indexscan,64,prefetch-simple,io_uring,3,32GB,1.6,1.618,96.605,50.474
8018,cyclic,indexscan,16,prefetch-complex,sync,3,32GB,1.6,1.618,101.984,51.496
8019,cyclic,indexscan,1,prefetch-complex,worker,3,32GB,0.003,0.02,11.939,1.259
8020,cyclic,indexscan,0,prefetch-simple,worker,3,32GB,5.396,5.414,407.985,169.555
8021,cyclic,indexscan,16,prefetch-simple,sync,3,32GB,0.141,0.158,16.351,4.777
8022,cyclic,indexscan,0,prefetch-simple,worker,3,32GB,67.311,67.328,4504.519,2059.943
8023,cyclic,indexscan,1,prefetch-complex,worker,12,32GB,87.311,87.328,17850.54,2654.493
8024,cyclic,bitmapscan,0,prefetch-complex,sync,3,32GB,0.019,0.036,9.223,1.691
8025,cyclic,bitmapscan,1,master,io_uring,3,32GB,0.317,0.334,50.817,6.539
8026,cyclic,bitmapscan,1,master,worker,12,32GB,0.002,0.02,11.421,1.164
8027,cyclic,bitmapscan,64,master,worker,3,32GB,87.311,87.328,2729.291,1178.812
8028,cyclic,bitmapscan,64,master,io_uring,3,32GB,57.311,57.328,1761.251,799.914
8029,cyclic,bitmapscan,64,prefetch-simple,sync,3,32GB,0.018,0.036,4.478,1.45
8030,cyclic,bitmapscan,64,master,worker,3,32GB,1.6,1.616,54.972,24.307
8031,cyclic,indexscan,16,prefetch-complex,worker,3,32GB,3.598,3.616,220.504,115.168
8032,cyclic,bitmapscan,0,master,io_uring,3,32GB,67.311,67.328,3771.142,944.307
8033,cyclic,indexscan,0,master,sync,3,32GB,0.02,0.036,14.352,1.617
8034,cyclic,indexscan,0,prefetch-simple,sync,3,32GB,0.095,0.112,32.044,3.958
8035,cyclic,bitmapscan,16,prefetch-complex,worker,12,32GB,3.598,3.616,109.161,56.311
8036,cyclic,bitmapscan,1,prefetch-simple,sync,3,32GB,37.311,37.328,3752.073,515.906
8037,cyclic,bitmapscan,1,master,io_uring,3,32GB,0.093,0.11,15.86,2.826
8038,cyclic,indexscan,0,prefetch-complex,worker,12,32GB,0.029,0.046,20.11,2.126
8039,cyclic,indexscan,0,prefetch-simple,sync,3,32GB,2.399,2.416,209.411,77.039
8040,cyclic,indexscan,16,prefetch-complex,sync,3,32GB,2.399,2.416,141.519,75.458
8041,cyclic,bitmapscan,0,prefetch-complex,worker,3,32GB,57.311,57.328,3252.531,874.229
8042,cyclic,bitmapscan,0,prefetch-complex,io_uring,3,32GB,0.004,0.02,7.991,1.376
8043,cyclic,bitmapscan,0,master,io_uring,3,32GB,37.311,37.328,2668.277,546.188
8044,cyclic,indexscan,16,master,io_uring,3,32GB,0.02,0.036,16.886,1.63
8045,cyclic,indexscan,0,prefetch-complex,io_uring,3,32GB,0.003,0.02,12.916,1.344
8046,cyclic,indexscan,64,prefetch-complex,worker,3,32GB,0.005,0.022,4.213,1.355
8047,cyclic,indexscan,64,prefetch-simple,io_uring,3,32GB,0.064,0.082,10.52,2.829
8048,cyclic,indexscan,64,prefetch-simple,worker,12,32GB,1.599,1.616,100.19,49.723
8049,cyclic,bitmapscan,0,prefetch-complex,sync,3,32GB,77.311,77.328,4853.66,1181.811
8050,cyclic,indexscan,64,master,worker,12,32GB,0.043,0.06,20.63,2.267
8051,cyclic,indexscan,1,master,worker,12,32GB,0.01,0.026,10.053,1.325
8052,cyclic,bitmapscan,64,prefetch-simple,io_uring,3,32GB,97.311,97.328,3458.385,1330.915
8053,cyclic,bitmapscan,16,master,io_uring,3,32GB,0.02,0.036,92.77,1.588
8054,cyclic,bitmapscan,16,prefetch-simple,sync,3,32GB,0.004,0.022,3.804,1.212
8055,cyclic,bitmapscan,0,prefetch-complex,worker,12,32GB,5.396,5.414,623.461,89.675
8056,cyclic,bitmapscan,1,master,sync,3,32GB,47.31,47.326,2954.997,665.755
8057,cyclic,bitmapscan,0,prefetch-complex,io_uring,3,32GB,67.311,67.328,4135.925,1040.818
8058,cyclic,bitmapscan,1,prefetch-complex,worker,3,32GB,27.311,27.328,2258.537,420.399
8059,cyclic,bitmapscan,64,master,worker,3,32GB,0.142,0.16,10.028,3.639
8060,cyclic,bitmapscan,0,prefetch-complex,worker,3,32GB,0.212,0.23,23.927,5.512
8061,cyclic,bitmapscan,1,prefetch-simple,worker,3,32GB,0.475,0.492,57.052,9.385
8062,cyclic,bitmapscan,1,master,worker,12,32GB,8.092,8.108,705.806,113.884
8063,cyclic,indexscan,0,master,worker,12,32GB,0.042,0.058,22.248,2.285
8064,cyclic,bitmapscan,16,prefetch-simple,sync,3,32GB,0.317,0.334,15.073,6.706
8065,cyclic,indexscan,64,prefetch-simple,worker,12,32GB,0.093,0.11,41.832,3.6
8066,cyclic,bitmapscan,0,prefetch-complex,sync,3,32GB,0.475,0.492,54.169,9.78
8067,cyclic,indexscan,64,master,io_uring,3,32GB,67.31,67.326,4390.634,2035.99
8068,cyclic,bitmapscan,16,prefetch-complex,io_uring,3,32GB,0.02,0.036,4.495,1.668
8069,cyclic,bitmapscan,0,prefetch-complex,worker,12,32GB,1.067,1.084,117.972,19.147
8070,cyclic,bitmapscan,16,master,sync,3,32GB,0.064,0.082,12.042,2.382
8071,cyclic,indexscan,16,prefetch-complex,io_uring,3,32GB,0.317,0.334,26.587,10.444
8072,cyclic,bitmapscan,16,prefetch-simple,sync,3,32GB,0.014,0.032,15.013,1.444
8073,cyclic,bitmapscan,0,prefetch-complex,sync,3,32GB,27.31,27.326,2073.347,429.316
8074,cyclic,bitmapscan,64,prefetch-simple,worker,12,32GB,3.598,3.614,112.876,52.755
8075,cyclic,bitmapscan,1,master,worker,12,32GB,77.311,77.328,10386.666,1056.843
8076,cyclic,bitmapscan,1,prefetch-complex,io_uring,3,32GB,0.142,0.16,26.053,4.088
8077,cyclic,bitmapscan,1,master,worker,3,32GB,27.311,27.328,1780.602,383.917
8078,cyclic,bitmapscan,1,master,sync,3,32GB,0.002,0.02,8.87,1.093
8079,cyclic,indexscan,16,prefetch-simple,worker,12,32GB,47.311,47.328,2848.795,1422.349
8080,cyclic,indexscan,0,prefetch-complex,worker,12,32GB,0.142,0.16,31.807,5.39
8081,cyclic,bitmapscan,16,master,sync,3,32GB,8.093,8.11,250.537,114.635
8082,cyclic,indexscan,16,master,io_uring,3,32GB,0.712,0.73,82.674,22.241
8083,cyclic,bitmapscan,16,prefetch-simple,worker,3,32GB,87.311,87.328,2876.026,1189.114
8084,cyclic,indexscan,0,prefetch-simple,sync,3,32GB,27.311,27.328,2015.614,841.273
8085,cyclic,bitmapscan,16,prefetch-simple,worker,12,32GB,97.311,97.328,3245.197,1351.418
8086,cyclic,bitmapscan,64,master,worker,3,32GB,0.212,0.23,9.495,4.907
8087,cyclic,bitmapscan,0,prefetch-simple,worker,12,32GB,37.311,37.328,2172.133,533.821
8088,cyclic,bitmapscan,1,prefetch-simple,worker,3,32GB,0.317,0.334,59.62,6.446
8089,cyclic,bitmapscan,0,prefetch-simple,io_uring,3,32GB,0.005,0.022,7.763,1.205
8090,cyclic,indexscan,0,prefetch-complex,worker,12,32GB,0.014,0.032,11.763,1.681
8091,cyclic,indexscan,64,master,worker,12,32GB,0.712,0.73,75.394,22.005
8092,cyclic,indexscan,16,prefetch-complex,sync,3,32GB,8.092,8.108,437.403,252.55
8093,cyclic,indexscan,1,prefetch-complex,sync,3,32GB,0.043,0.06,28.223,2.493
8094,cyclic,indexscan,64,master,worker,12,32GB,0.475,0.492,68.017,14.63
8095,cyclic,indexscan,0,master,worker,12,32GB,5.396,5.412,395.361,167.06
8096,cyclic,indexscan,0,prefetch-simple,io_uring,3,32GB,0.003,0.02,23.102,1.19
8097,cyclic,indexscan,64,master,worker,12,32GB,0.003,0.02,8.507,1.136
8098,cyclic,indexscan,1,prefetch-complex,worker,3,32GB,1.6,1.616,391.176,51.396
8099,cyclic,bitmapscan,16,master,worker,3,32GB,0.003,0.02,4.844,1.189
8100,cyclic,bitmapscan,1,prefetch-simple,worker,3,32GB,1.599,1.616,151.072,24.331
8101,cyclic,bitmapscan,64,prefetch-complex,worker,3,32GB,37.31,37.326,1813.158,559.846
8102,cyclic,indexscan,0,master,io_uring,3,32GB,0.095,0.112,41.638,4.479
8103,cyclic,bitmapscan,0,prefetch-complex,worker,12,32GB,0.043,0.06,10.714,2.163
8104,cyclic,indexscan,0,prefetch-simple,worker,3,32GB,0.043,0.06,20.319,2.416
8105,cyclic,bitmapscan,64,prefetch-complex,worker,3,32GB,0.712,0.73,29.744,13.499
8106,cyclic,indexscan,64,master,worker,3,32GB,18.208,18.224,1296.953,560.724
8107,cyclic,indexscan,64,prefetch-simple,worker,12,32GB,8.093,8.11,434.581,249.672
8108,cyclic,indexscan,64,prefetch-complex,sync,3,32GB,0.712,0.73,55.754,22.748
8109,cyclic,indexscan,64,prefetch-simple,io_uring,3,32GB,8.093,8.11,428.864,250.051
8110,cyclic,bitmapscan,16,prefetch-complex,worker,12,32GB,0.043,0.06,8.407,2.182
8111,cyclic,bitmapscan,16,prefetch-simple,worker,3,32GB,0.043,0.06,4.86,1.915
8112,cyclic,bitmapscan,0,prefetch-simple,worker,12,32GB,0.003,0.02,14.749,1.161
8113,cyclic,bitmapscan,64,master,sync,3,32GB,77.311,77.328,2370.007,1053.103
8114,cyclic,bitmapscan,64,prefetch-simple,io_uring,3,32GB,0.01,0.026,4.131,1.36
8115,cyclic,indexscan,1,prefetch-complex,worker,12,32GB,67.311,67.328,13633.934,2060.81
8116,cyclic,indexscan,16,prefetch-complex,worker,12,32GB,0.01,0.026,10.298,1.507
8117,cyclic,indexscan,16,prefetch-complex,worker,12,32GB,47.311,47.328,2653.496,1451.781
8118,cyclic,bitmapscan,0,master,worker,12,32GB,0.005,0.022,7.676,1.22
8119,cyclic,bitmapscan,0,master,worker,12,32GB,0.212,0.23,55.359,5.154
8120,cyclic,bitmapscan,16,master,worker,12,32GB,27.311,27.328,720.339,377.721
8121,cyclic,bitmapscan,16,prefetch-simple,io_uring,3,32GB,57.311,57.328,1795.223,793.201
8122,cyclic,bitmapscan,0,master,io_uring,3,32GB,0.014,0.032,14.561,1.394
8123,cyclic,bitmapscan,64,prefetch-simple,sync,3,32GB,57.311,57.328,1704.603,782.46
8124,cyclic,bitmapscan,0,prefetch-simple,worker,12,32GB,12.139,12.156,742.37,181.643
8125,cyclic,indexscan,64,prefetch-simple,worker,12,32GB,37.311,37.328,2291.68,1139.7
8126,cyclic,indexscan,16,prefetch-complex,sync,3,32GB,0.002,0.018,3.819,1.3
8127,cyclic,bitmapscan,0,prefetch-complex,sync,3,32GB,0.003,0.02,7.603,1.329
8128,cyclic,bitmapscan,0,prefetch-complex,worker,12,32GB,27.311,27.328,1775.054,423.095
8129,cyclic,bitmapscan,16,prefetch-simple,io_uring,3,32GB,47.311,47.328,1619.732,661.225
8130,cyclic,indexscan,16,master,sync,3,32GB,0.028,0.046,16.752,1.901
8131,cyclic,bitmapscan,64,master,worker,12,32GB,0.002,0.02,8.613,1.144
8132,cyclic,bitmapscan,1,prefetch-simple,worker,3,32GB,27.311,27.328,1823.276,384.995
8133,cyclic,indexscan,0,prefetch-complex,io_uring,3,32GB,2.399,2.416,220.588,78.072
8134,cyclic,indexscan,0,master,worker,12,32GB,1.066,1.082,111.656,33.303
8135,cyclic,bitmapscan,0,master,worker,3,32GB,0.042,0.058,14.911,2.026
8136,cyclic,bitmapscan,1,prefetch-simple,sync,3,32GB,0.095,0.112,130.173,3.131
8137,cyclic,bitmapscan,1,master,worker,12,32GB,47.311,47.328,3306.997,657.078
8138,cyclic,indexscan,16,prefetch-simple,io_uring,3,32GB,5.396,5.412,298.07,165.646
8139,cyclic,indexscan,64,master,sync,3,32GB,77.311,77.328,18593.088,2339.864
8140,cyclic,bitmapscan,1,master,sync,3,32GB,18.208,18.226,1465.78,269.102
8141,cyclic,indexscan,16,prefetch-complex,worker,12,32GB,0.212,0.23,21.692,6.969
8142,cyclic,bitmapscan,0,prefetch-complex,io_uring,3,32GB,0.142,0.16,20.213,4.232
8143,cyclic,indexscan,0,master,worker,3,32GB,0.01,0.028,11.922,1.458
8144,cyclic,indexscan,16,master,worker,3,32GB,87.31,87.326,5778.736,2644.635
8145,cyclic,indexscan,64,prefetch-complex,worker,12,32GB,0.003,0.02,3.868,1.338
8146,cyclic,bitmapscan,0,prefetch-simple,sync,3,32GB,0.003,0.02,8.082,1.243
8147,cyclic,bitmapscan,0,prefetch-simple,io_uring,3,32GB,57.311,57.328,6666.754,816.719
8148,cyclic,indexscan,16,prefetch-simple,worker,12,32GB,0.003,0.02,3.966,1.151
8149,cyclic,indexscan,16,master,sync,3,32GB,5.396,5.412,388.433,164.026
8150,cyclic,bitmapscan,0,prefetch-simple,worker,3,32GB,0.002,0.018,7.045,1.138
8151,cyclic,bitmapscan,1,prefetch-complex,io_uring,3,32GB,67.311,67.328,4337.152,1006.928
8152,cyclic,indexscan,64,prefetch-simple,io_uring,3,32GB,12.139,12.156,682.8,367.967
8153,cyclic,indexscan,1,master,sync,3,32GB,0.014,0.03,12.441,1.441
8154,cyclic,indexscan,0,prefetch-complex,io_uring,3,32GB,0.212,0.228,40.83,7.182
8155,cyclic,bitmapscan,1,prefetch-complex,io_uring,3,32GB,12.139,12.156,770.99,186.407
8156,cyclic,indexscan,0,prefetch-complex,sync,3,32GB,2.399,2.416,216.198,78.926
8157,cyclic,indexscan,0,prefetch-simple,io_uring,3,32GB,0.02,0.036,15.121,1.662
8158,cyclic,indexscan,64,prefetch-simple,io_uring,3,32GB,0.317,0.334,27.311,9.406
8159,cyclic,indexscan,0,prefetch-simple,io_uring,3,32GB,0.014,0.032,12.032,1.472
8160,cyclic,bitmapscan,0,prefetch-simple,worker,3,32GB,0.002,0.018,7.285,1.46
8161,cyclic,indexscan,16,prefetch-complex,sync,3,32GB,0.064,0.082,24.689,3.094
8162,cyclic,indexscan,64,prefetch-simple,sync,3,32GB,0.002,0.018,3.619,1.113
8163,cyclic,bitmapscan,16,prefetch-simple,io_uring,3,32GB,3.597,3.614,130.146,52.011
8164,cyclic,indexscan,64,prefetch-simple,sync,3,32GB,5.396,5.412,308.669,165.621
8165,cyclic,bitmapscan,0,prefetch-simple,worker,3,32GB,2.399,2.416,505.013,38.928
8166,cyclic,indexscan,0,prefetch-simple,worker,3,32GB,0.095,0.112,30.562,3.923
8167,cyclic,indexscan,16,master,sync,3,32GB,0.01,0.028,16.483,1.342
8168,cyclic,indexscan,64,prefetch-simple,worker,3,32GB,12.139,12.156,633.842,368.453
8169,cyclic,bitmapscan,16,prefetch-complex,worker,12,32GB,0.013,0.03,4.367,1.704
8170,cyclic,bitmapscan,64,prefetch-complex,worker,12,32GB,0.01,0.026,4.372,1.643
8171,cyclic,indexscan,64,prefetch-simple,worker,3,32GB,0.475,0.492,37.473,17.567
8172,cyclic,bitmapscan,0,master,worker,3,32GB,37.311,37.328,2238.55,532.892
8173,cyclic,indexscan,64,prefetch-complex,io_uring,3,32GB,0.01,0.028,4.901,1.502
8174,cyclic,bitmapscan,0,master,worker,12,32GB,0.712,0.73,111.041,12.579
8175,cyclic,bitmapscan,16,prefetch-complex,io_uring,3,32GB,0.095,0.112,6.504,3.217
8176,cyclic,bitmapscan,1,master,io_uring,3,32GB,97.311,97.328,5952.062,1393.43
8177,cyclic,bitmapscan,64,prefetch-complex,worker,3,32GB,0.043,0.06,5.383,2.173
8178,cyclic,bitmapscan,1,prefetch-simple,sync,3,32GB,0.014,0.032,49.334,1.478
8179,cyclic,bitmapscan,0,prefetch-simple,worker,3,32GB,0.003,0.02,10.486,1.183
8180,cyclic,indexscan,16,prefetch-simple,worker,3,32GB,0.007,0.024,4.398,1.237
8181,cyclic,indexscan,64,prefetch-simple,sync,3,32GB,77.31,77.326,3926.415,2343.547
8182,cyclic,bitmapscan,1,prefetch-simple,worker,3,32GB,0.003,0.02,9.901,1.167
8183,cyclic,indexscan,64,prefetch-simple,sync,3,32GB,0.004,0.022,5.049,1.206
8184,cyclic,indexscan,64,prefetch-complex,io_uring,3,32GB,87.311,87.328,5098.758,2712.017
8185,cyclic,indexscan,0,prefetch-complex,worker,3,32GB,67.311,67.328,4959.948,2100.888
8186,cyclic,indexscan,64,prefetch-simple,worker,3,32GB,1.6,1.616,104.013,50.45
8187,cyclic,indexscan,0,prefetch-simple,sync,3,32GB,3.598,3.614,291.743,112.986
8188,cyclic,indexscan,64,master,sync,3,32GB,57.311,57.328,4320.857,1726.754
8189,cyclic,bitmapscan,1,master,sync,3,32GB,0.02,0.036,11.696,1.48
8190,cyclic,indexscan,1,master,worker,12,32GB,0.043,0.06,26.61,2.319
8191,cyclic,indexscan,0,prefetch-complex,worker,12,32GB,0.007,0.024,31.073,1.479
8192,cyclic,bitmapscan,16,prefetch-simple,worker,3,32GB,8.093,8.11,326.305,112.075
8193,cyclic,indexscan,64,prefetch-complex,worker,3,32GB,0.028,0.046,7.394,2.053
8194,cyclic,bitmapscan,16,prefetch-complex,io_uring,3,32GB,18.208,18.226,481.446,279.566
8195,cyclic,bitmapscan,1,prefetch-complex,worker,12,32GB,0.009,0.026,9.7,1.45
8196,cyclic,bitmapscan,0,master,worker,3,32GB,2.399,2.416,220.672,37.106
8197,cyclic,indexscan,0,master,io_uring,3,32GB,0.005,0.022,8.42,1.234
8198,cyclic,indexscan,0,prefetch-complex,worker,3,32GB,0.095,0.112,30.8,4.147
8199,cyclic,indexscan,1,prefetch-simple,io_uring,3,32GB,0.095,0.112,40.892,3.791
8200,cyclic,bitmapscan,16,master,worker,12,32GB,0.212,0.23,9.471,4.771
8201,cyclic,indexscan,1,prefetch-complex,io_uring,3,32GB,3.598,3.614,765.824,113.968
8202,cyclic,bitmapscan,1,prefetch-simple,worker,12,32GB,0.712,0.728,77.682,12.571
8203,cyclic,indexscan,0,prefetch-complex,worker,12,32GB,47.311,47.328,3202.846,1477.199
8204,cyclic,bitmapscan,64,prefetch-complex,worker,3,32GB,0.004,0.02,3.805,1.432
8205,cyclic,bitmapscan,1,master,worker,12,32GB,0.474,0.49,329.587,8.791
8206,cyclic,bitmapscan,64,master,sync,3,32GB,0.475,0.492,19.162,8.865
8207,cyclic,indexscan,0,prefetch-complex,io_uring,3,32GB,1.6,1.618,179.119,53.337
8208,cyclic,bitmapscan,1,prefetch-simple,sync,3,32GB,2.399,2.416,184.073,35.523
8209,cyclic,indexscan,1,prefetch-complex,sync,3,32GB,3.598,3.614,755.346,115.493
8210,cyclic,indexscan,16,master,worker,3,32GB,37.311,37.328,2505.276,1123.949
8211,cyclic,bitmapscan,64,prefetch-complex,sync,3,32GB,2.399,2.416,86.307,39.919
8212,cyclic,bitmapscan,64,prefetch-simple,worker,12,32GB,0.095,0.112,16.15,2.865
8213,cyclic,bitmapscan,1,prefetch-complex,worker,12,32GB,8.093,8.11,523.637,122.802
8214,cyclic,indexscan,1,prefetch-simple,worker,12,32GB,0.02,0.038,27.486,1.658
8215,cyclic,bitmapscan,1,prefetch-complex,sync,3,32GB,47.311,47.328,3033.714,717.88
8216,cyclic,bitmapscan,1,prefetch-simple,worker,12,32GB,0.005,0.022,10.306,1.243
8217,cyclic,bitmapscan,0,master,sync,3,32GB,0.029,0.046,10.078,1.699
8218,cyclic,bitmapscan,16,prefetch-simple,sync,3,32GB,67.311,67.328,2204.092,920.658
8219,cyclic,bitmapscan,1,prefetch-simple,worker,3,32GB,0.01,0.026,11.212,1.282
8220,cyclic,indexscan,0,prefetch-simple,worker,12,32GB,1.6,1.616,156.124,50.971
8221,cyclic,indexscan,1,prefetch-complex,worker,12,32GB,0.142,0.16,50.657,5.408
8222,cyclic,indexscan,1,master,worker,3,32GB,0.712,0.73,80.036,22.26
8223,cyclic,indexscan,16,master,worker,12,32GB,0.004,0.02,7.702,1.202
8224,cyclic,bitmapscan,64,prefetch-complex,worker,12,32GB,0.712,0.73,28.097,13.198
8225,cyclic,indexscan,16,prefetch-simple,worker,3,32GB,0.02,0.036,6.157,1.631
8226,cyclic,bitmapscan,0,master,sync,3,32GB,77.311,77.328,4365.607,1075.402
8227,cyclic,indexscan,1,master,worker,12,32GB,0.475,0.492,69.14,15.51
8228,cyclic,indexscan,64,prefetch-simple,sync,3,32GB,0.005,0.022,47.194,1.461
8229,cyclic,bitmapscan,1,prefetch-simple,sync,3,32GB,77.311,77.328,5256.492,1053.53
8230,cyclic,bitmapscan,0,prefetch-simple,worker,12,32GB,57.311,57.328,3585.024,814.705
8231,cyclic,bitmapscan,1,prefetch-complex,worker,3,32GB,0.003,0.02,10.387,1.345
8232,cyclic,indexscan,64,prefetch-simple,worker,3,32GB,0.712,0.728,48.989,20.527
8233,cyclic,bitmapscan,16,prefetch-simple,worker,12,32GB,1.067,1.084,38.622,17.5
8234,cyclic,indexscan,16,prefetch-simple,worker,12,32GB,0.712,0.728,49.25,20.796
8235,cyclic,bitmapscan,16,master,sync,3,32GB,2.398,2.416,81.633,35.476
8236,cyclic,bitmapscan,1,prefetch-complex,sync,3,32GB,0.01,0.026,19.614,1.453
8237,cyclic,bitmapscan,16,master,worker,12,32GB,0.01,0.028,4.114,1.338
8238,cyclic,bitmapscan,64,prefetch-complex,worker,12,32GB,0.0,0.0,1.343,1.012
8239,cyclic,indexscan,0,prefetch-simple,worker,3,32GB,27.311,27.328,2156.29,884.628
8240,cyclic,bitmapscan,16,prefetch-complex,worker,12,32GB,5.396,5.412,173.181,85.992
8241,cyclic,indexscan,1,master,sync,3,32GB,37.311,37.328,2955.051,1153.51
8242,cyclic,bitmapscan,64,prefetch-complex,worker,12,32GB,0.043,0.06,5.789,2.238
8243,cyclic,indexscan,0,prefetch-simple,worker,12,32GB,0.712,0.73,82.526,22.459
8244,cyclic,bitmapscan,64,master,sync,3,32GB,0.043,0.06,4.818,1.887
8245,cyclic,indexscan,1,prefetch-complex,worker,3,32GB,77.311,77.328,15565.7,2353.722
8246,cyclic,bitmapscan,1,prefetch-simple,sync,3,32GB,0.02,0.038,22.498,1.544
8247,cyclic,bitmapscan,16,prefetch-complex,worker,12,32GB,0.003,0.02,110.539,1.446
8248,cyclic,bitmapscan,16,prefetch-complex,sync,3,32GB,77.31,77.326,2512.02,1144.008
8249,cyclic,bitmapscan,64,prefetch-simple,worker,3,32GB,0.004,0.02,4.853,1.202
8250,cyclic,bitmapscan,0,master,io_uring,3,32GB,0.005,0.022,7.685,1.177
8251,cyclic,bitmapscan,64,prefetch-complex,worker,12,32GB,0.003,0.02,4.007,1.359
8252,cyclic,bitmapscan,16,prefetch-complex,worker,12,32GB,1.066,1.084,39.772,18.186
8253,cyclic,bitmapscan,0,prefetch-simple,worker,12,32GB,27.311,27.328,1628.926,392.749
8254,cyclic,bitmapscan,64,prefetch-complex,worker,3,32GB,0.002,0.02,3.927,1.371
8255,cyclic,bitmapscan,1,prefetch-simple,io_uring,3,32GB,8.093,8.11,611.933,112.316
8256,cyclic,bitmapscan,64,prefetch-simple,io_uring,3,32GB,0.007,0.024,5.673,1.293
8257,cyclic,indexscan,16,prefetch-complex,io_uring,3,32GB,0.014,0.032,6.247,1.623
8258,cyclic,indexscan,16,prefetch-complex,worker,12,32GB,97.311,97.328,5631.268,3013.214
8259,cyclic,bitmapscan,1,prefetch-simple,sync,3,32GB,18.208,18.226,2083.619,260.467
8260,cyclic,bitmapscan,0,prefetch-simple,io_uring,3,32GB,0.212,0.23,259.529,5.032
8261,cyclic,bitmapscan,0,prefetch-complex,io_uring,3,32GB,0.005,0.022,9.926,1.379
8262,cyclic,bitmapscan,16,master,worker,3,32GB,0.317,0.334,14.981,6.444
8263,cyclic,bitmapscan,1,prefetch-simple,worker,3,32GB,57.311,57.328,3659.931,812.373
8264,cyclic,indexscan,0,prefetch-simple,sync,3,32GB,0.002,0.018,7.449,1.154
8265,cyclic,bitmapscan,0,prefetch-complex,sync,3,32GB,67.311,67.328,3773.524,1023.193
8266,cyclic,bitmapscan,64,prefetch-simple,worker,3,32GB,0.01,0.028,4.063,1.304
8267,cyclic,indexscan,1,prefetch-complex,worker,3,32GB,12.139,12.156,3528.957,374.092
8268,cyclic,indexscan,64,prefetch-complex,sync,3,32GB,0.02,0.036,6.031,1.772
8269,cyclic,bitmapscan,1,prefetch-complex,worker,3,32GB,37.311,37.328,4703.732,564.568
8270,cyclic,bitmapscan,16,prefetch-simple,worker,3,32GB,0.095,0.112,6.644,2.939
8271,cyclic,indexscan,64,master,sync,3,32GB,0.004,0.02,8.562,1.192
8272,cyclic,bitmapscan,0,prefetch-simple,worker,12,32GB,67.311,67.328,4523.17,942.069
8273,cyclic,bitmapscan,16,master,io_uring,3,32GB,1.6,1.618,79.343,24.505
8274,cyclic,indexscan,64,prefetch-simple,worker,3,32GB,1.067,1.084,71.531,33.054
8275,cyclic,bitmapscan,64,master,sync,3,32GB,0.007,0.024,3.869,1.248
8276,cyclic,bitmapscan,64,master,sync,3,32GB,0.063,0.08,18.808,2.29
8277,cyclic,indexscan,1,prefetch-simple,sync,3,32GB,87.311,87.328,17802.891,2624.989
8278,cyclic,indexscan,1,master,worker,3,32GB,0.095,0.112,30.098,3.967
8279,cyclic,bitmapscan,0,master,io_uring,3,32GB,0.141,0.158,19.755,3.722
8280,cyclic,indexscan,1,master,sync,3,32GB,0.007,0.024,9.499,1.291
8281,cyclic,bitmapscan,0,prefetch-simple,worker,3,32GB,0.028,0.046,9.378,1.765
8282,cyclic,indexscan,64,prefetch-simple,sync,3,32GB,37.311,37.328,2420.907,1117.828
8283,cyclic,bitmapscan,0,prefetch-complex,worker,3,32GB,47.311,47.328,3146.292,731.598
8284,cyclic,indexscan,64,master,worker,3,32GB,0.142,0.16,31.544,4.996
8285,cyclic,indexscan,0,prefetch-simple,worker,3,32GB,0.01,0.028,11.335,1.382
8286,cyclic,bitmapscan,16,prefetch-simple,io_uring,3,32GB,27.311,27.328,872.86,380.977
8287,cyclic,indexscan,16,master,sync,3,32GB,18.208,18.224,1269.511,553.66
8288,cyclic,indexscan,1,master,worker,12,32GB,2.399,2.416,211.207,76.123
8289,cyclic,indexscan,0,prefetch-complex,worker,3,32GB,5.396,5.412,504.105,171.88
8290,cyclic,indexscan,64,prefetch-simple,worker,3,32GB,0.317,0.334,27.262,9.701
8291,cyclic,bitmapscan,64,master,worker,12,32GB,0.02,0.036,4.405,1.471
8292,cyclic,indexscan,16,prefetch-simple,sync,3,32GB,18.208,18.224,1007.093,553.989
8293,cyclic,bitmapscan,1,prefetch-complex,io_uring,3,32GB,0.212,0.228,44.108,5.322
8294,cyclic,bitmapscan,1,master,io_uring,3,32GB,0.002,0.02,14.223,1.172
8295,cyclic,bitmapscan,64,master,worker,12,32GB,2.398,2.414,91.983,35.021
8296,cyclic,indexscan,1,prefetch-simple,worker,3,32GB,0.141,0.158,95.575,5.162
8297,cyclic,bitmapscan,64,prefetch-simple,io_uring,3,32GB,87.311,87.328,3332.951,1197.139
8298,cyclic,indexscan,1,prefetch-complex,worker,3,32GB,0.005,0.022,16.305,1.435
8299,cyclic,indexscan,0,prefetch-simple,io_uring,3,32GB,0.317,0.334,50.365,10.179
8300,cyclic,bitmapscan,64,master,sync,3,32GB,0.003,0.02,10.044,1.193
8301,cyclic,bitmapscan,1,prefetch-complex,sync,3,32GB,3.597,3.614,262.691,55.995
8302,cyclic,bitmapscan,64,prefetch-simple,worker,12,32GB,1.6,1.616,55.868,24.765
8303,cyclic,bitmapscan,16,prefetch-simple,worker,3,32GB,77.311,77.328,2495.755,1053.627
8304,cyclic,bitmapscan,1,master,sync,3,32GB,77.311,77.328,4874.777,1053.282
8305,cyclic,bitmapscan,64,prefetch-simple,io_uring,3,32GB,2.399,2.416,95.089,36.436
8306,cyclic,bitmapscan,0,prefetch-complex,worker,12,32GB,0.019,0.036,9.081,1.697
8307,cyclic,indexscan,16,prefetch-simple,worker,3,32GB,0.712,0.728,48.639,21.152
8308,cyclic,bitmapscan,64,prefetch-simple,worker,3,32GB,37.31,37.326,1043.796,519.399
8309,cyclic,bitmapscan,1,prefetch-simple,io_uring,3,32GB,97.311,97.328,6546.235,1324.546
8310,cyclic,indexscan,0,prefetch-complex,worker,3,32GB,57.311,57.328,4115.258,1805.261
8311,cyclic,indexscan,0,prefetch-complex,worker,3,32GB,0.473,0.49,68.172,15.964
8312,cyclic,bitmapscan,1,prefetch-simple,worker,3,32GB,0.004,0.022,9.177,1.203
8313,cyclic,indexscan,1,master,worker,3,32GB,12.139,12.156,839.865,373.346
8314,cyclic,bitmapscan,16,prefetch-complex,worker,12,32GB,0.142,0.158,8.25,4.131
8315,cyclic,indexscan,64,master,worker,3,32GB,87.311,87.328,5834.043,2818.065
8316,cyclic,bitmapscan,1,prefetch-simple,sync,3,32GB,0.003,0.02,9.458,1.217
8317,cyclic,bitmapscan,1,prefetch-simple,worker,12,32GB,97.311,97.328,5704.534,1311.422
8318,cyclic,indexscan,0,prefetch-simple,io_uring,3,32GB,37.311,37.328,2749.541,1142.052
8319,cyclic,bitmapscan,1,prefetch-complex,sync,3,32GB,0.095,0.112,16.245,3.246
8320,cyclic,indexscan,16,prefetch-complex,sync,3,32GB,37.311,37.328,2214.237,1145.689
8321,cyclic,indexscan,64,prefetch-complex,sync,3,32GB,87.311,87.328,4998.137,2671.844
8322,cyclic,indexscan,0,prefetch-complex,sync,3,32GB,67.311,67.328,5017.651,2083.944
8323,cyclic,indexscan,64,master,worker,12,32GB,1.6,1.618,166.145,51.367
8324,cyclic,bitmapscan,16,master,io_uring,3,32GB,57.311,57.328,1909.396,787.816
8325,cyclic,bitmapscan,16,prefetch-complex,worker,3,32GB,67.311,67.328,2203.335,999.206
8326,cyclic,bitmapscan,64,prefetch-simple,io_uring,3,32GB,0.002,0.02,3.917,1.22
8327,cyclic,bitmapscan,16,prefetch-simple,worker,3,32GB,47.311,47.328,1359.658,645.814
8328,cyclic,indexscan,0,prefetch-complex,sync,3,32GB,8.093,8.11,625.928,267.829
8329,cyclic,indexscan,64,master,worker,3,32GB,0.005,0.022,8.721,1.197
8330,cyclic,bitmapscan,0,prefetch-simple,worker,12,32GB,1.067,1.084,97.721,17.2
8331,cyclic,indexscan,1,prefetch-complex,worker,12,32GB,2.399,2.416,523.498,76.575
8332,cyclic,bitmapscan,0,prefetch-simple,worker,12,32GB,0.211,0.228,24.76,4.902
8333,cyclic,indexscan,0,master,worker,12,32GB,57.311,57.328,3927.473,1713.467
8334,cyclic,indexscan,1,prefetch-complex,worker,12,32GB,12.139,12.156,2521.331,373.415
8335,cyclic,bitmapscan,16,master,sync,3,32GB,1.067,1.084,40.144,17.189
8336,cyclic,indexscan,16,prefetch-complex,sync,3,32GB,0.043,0.06,8.911,2.496
8337,cyclic,bitmapscan,64,master,worker,12,32GB,0.212,0.23,9.875,4.744
8338,cyclic,bitmapscan,1,prefetch-simple,worker,12,32GB,2.399,2.416,180.242,34.764
8339,cyclic,bitmapscan,1,prefetch-complex,worker,3,32GB,0.475,0.492,62.58,9.62
8340,cyclic,bitmapscan,0,master,worker,3,32GB,57.311,57.328,3623.184,807.054
8341,cyclic,bitmapscan,1,master,worker,3,32GB,0.014,0.032,10.152,1.418
8342,cyclic,bitmapscan,0,prefetch-simple,io_uring,3,32GB,0.063,0.08,16.718,2.361
8343,cyclic,bitmapscan,64,prefetch-simple,io_uring,3,32GB,0.003,0.02,4.046,1.175
8344,cyclic,indexscan,16,prefetch-complex,io_uring,3,32GB,0.01,0.028,4.813,1.529
8345,cyclic,bitmapscan,1,prefetch-complex,worker,3,32GB,57.311,57.328,3526.32,840.018
8346,cyclic,bitmapscan,16,master,worker,12,32GB,0.007,0.024,5.773,1.238
8347,cyclic,indexscan,1,prefetch-simple,worker,3,32GB,87.311,87.328,17992.974,2597.198
8348,cyclic,indexscan,1,prefetch-complex,worker,12,32GB,0.211,0.228,74.598,7.646
8349,cyclic,indexscan,1,prefetch-simple,worker,12,32GB,97.311,97.328,19449.557,2933.706
8350,cyclic,indexscan,1,master,sync,3,32GB,0.142,0.158,30.023,4.986
8351,cyclic,indexscan,0,prefetch-simple,worker,12,32GB,27.31,27.328,1865.899,835.538
8352,cyclic,bitmapscan,16,prefetch-simple,worker,3,32GB,0.005,0.022,5.36,1.221
8353,cyclic,bitmapscan,0,master,worker,3,32GB,12.139,12.156,701.236,177.661
8354,cyclic,bitmapscan,64,prefetch-simple,worker,3,32GB,0.002,0.018,3.73,1.211
8355,cyclic,indexscan,64,prefetch-simple,worker,12,32GB,77.311,77.328,3845.894,2336.016
8356,cyclic,bitmapscan,64,master,io_uring,3,32GB,5.396,5.414,166.715,79.234
8357,cyclic,bitmapscan,16,master,worker,12,32GB,0.043,0.06,4.938,1.881
8358,cyclic,indexscan,64,master,worker,12,32GB,87.311,87.328,6027.36,2636.752
8359,cyclic,indexscan,1,prefetch-complex,worker,12,32GB,0.02,0.036,22.188,1.75
8360,cyclic,bitmapscan,64,prefetch-complex,sync,3,32GB,47.311,47.328,1417.291,698.146
8361,cyclic,bitmapscan,64,prefetch-complex,worker,12,32GB,0.014,0.03,13.305,1.592
8362,cyclic,indexscan,64,master,worker,12,32GB,0.019,0.036,12.864,1.597
8363,cyclic,indexscan,16,prefetch-simple,sync,3,32GB,0.712,0.73,48.601,21.235
8364,cyclic,indexscan,64,prefetch-complex,worker,12,32GB,0.475,0.492,39.312,15.052
8365,cyclic,indexscan,16,prefetch-complex,worker,3,32GB,0.316,0.334,28.23,10.013
8366,cyclic,indexscan,64,prefetch-complex,io_uring,3,32GB,37.311,37.328,2309.714,1138.738
8367,cyclic,indexscan,0,master,worker,3,32GB,12.139,12.156,1541.668,376.124
8368,cyclic,indexscan,0,master,worker,3,32GB,0.712,0.73,84.868,22.34
8369,cyclic,bitmapscan,1,prefetch-complex,io_uring,3,32GB,0.095,0.112,17.98,3.368
8370,cyclic,indexscan,16,prefetch-simple,worker,3,32GB,0.013,0.03,6.11,1.421
8371,cyclic,bitmapscan,64,prefetch-complex,worker,3,32GB,0.064,0.08,5.626,2.539
8372,cyclic,indexscan,16,prefetch-complex,worker,3,32GB,0.01,0.026,4.747,1.523
8373,cyclic,indexscan,0,prefetch-complex,io_uring,3,32GB,0.007,0.024,15.16,1.452
8374,cyclic,bitmapscan,64,master,worker,3,32GB,3.598,3.614,116.399,52.323
8375,cyclic,bitmapscan,1,prefetch-complex,io_uring,3,32GB,0.475,0.492,59.656,9.61
8376,cyclic,bitmapscan,0,prefetch-simple,sync,3,32GB,47.31,47.328,5950.564,684.582
8377,cyclic,bitmapscan,64,prefetch-simple,worker,3,32GB,0.003,0.02,3.852,1.208
8378,cyclic,bitmapscan,64,prefetch-simple,worker,3,32GB,0.475,0.492,35.528,8.836
8379,cyclic,bitmapscan,64,prefetch-simple,worker,3,32GB,2.398,2.414,89.25,35.946
8380,cyclic,indexscan,16,prefetch-simple,io_uring,3,32GB,2.399,2.416,135.346,75.013
8381,cyclic,bitmapscan,16,master,worker,3,32GB,0.02,0.036,4.291,1.471
8382,cyclic,bitmapscan,64,master,sync,3,32GB,18.208,18.224,1037.394,257.152
8383,cyclic,indexscan,0,master,sync,3,32GB,2.399,2.416,218.306,75.978
8384,cyclic,bitmapscan,1,prefetch-complex,io_uring,3,32GB,18.208,18.224,1238.413,284.227
8385,cyclic,bitmapscan,64,master,io_uring,3,32GB,97.311,97.328,3694.751,1328.665
8386,cyclic,bitmapscan,0,prefetch-complex,worker,12,32GB,87.311,87.328,6958.789,1322.149
8387,cyclic,bitmapscan,16,prefetch-complex,sync,3,32GB,0.003,0.02,4.049,1.365
8388,cyclic,bitmapscan,64,master,io_uring,3,32GB,2.399,2.416,81.249,36.407
8389,cyclic,bitmapscan,0,master,worker,12,32GB,0.029,0.046,9.282,1.726
8390,cyclic,bitmapscan,0,prefetch-simple,sync,3,32GB,0.029,0.046,13.229,1.885
8391,cyclic,bitmapscan,1,prefetch-complex,worker,12,32GB,87.311,87.328,6120.259,1271.98
8392,cyclic,indexscan,1,prefetch-complex,sync,3,32GB,5.396,5.414,2275.966,168.254
8393,cyclic,bitmapscan,0,prefetch-complex,worker,12,32GB,37.311,37.328,4074.239,570.273
8394,cyclic,indexscan,64,prefetch-complex,worker,3,32GB,0.004,0.02,4.098,1.327
8395,cyclic,bitmapscan,16,prefetch-complex,sync,3,32GB,0.095,0.112,6.868,3.177
8396,cyclic,bitmapscan,64,prefetch-complex,io_uring,3,32GB,0.006,0.022,4.17,1.384
8397,cyclic,bitmapscan,64,prefetch-complex,io_uring,3,32GB,18.208,18.224,2032.366,280.191
8398,cyclic,bitmapscan,16,master,worker,12,32GB,0.003,0.02,3.937,1.159
8399,cyclic,indexscan,16,master,io_uring,3,32GB,0.005,0.022,8.523,1.23
8400,cyclic,indexscan,0,prefetch-complex,worker,12,32GB,27.31,27.326,2010.524,862.315
8401,cyclic,bitmapscan,1,prefetch-complex,sync,3,32GB,0.002,0.018,9.308,1.311
8402,cyclic,indexscan,0,master,worker,3,32GB,0.064,0.082,22.655,3.062
8403,cyclic,indexscan,0,prefetch-complex,sync,3,32GB,3.598,3.616,297.101,116.135
8404,cyclic,indexscan,16,master,worker,12,32GB,77.311,77.328,5072.908,2350.462
8405,cyclic,bitmapscan,16,prefetch-complex,worker,3,32GB,3.598,3.614,125.944,56.635
8406,cyclic,indexscan,16,master,io_uring,3,32GB,2.399,2.416,196.289,74.6
8407,cyclic,bitmapscan,1,prefetch-complex,worker,3,32GB,97.31,97.328,5789.36,1468.726
8408,cyclic,bitmapscan,16,master,worker,12,32GB,3.597,3.614,110.149,52.179
8409,cyclic,indexscan,1,prefetch-simple,worker,3,32GB,0.003,0.02,10.38,1.17
8410,cyclic,bitmapscan,64,prefetch-simple,worker,3,32GB,12.139,12.156,334.929,175.556
8411,cyclic,indexscan,1,prefetch-simple,io_uring,3,32GB,1.067,1.084,264.898,35.78
8412,cyclic,bitmapscan,0,master,sync,3,32GB,0.003,0.02,7.823,1.152
8413,cyclic,indexscan,0,master,sync,3,32GB,0.064,0.082,26.52,2.924
8414,cyclic,bitmapscan,16,prefetch-complex,worker,3,32GB,0.014,0.03,4.28,1.651
8415,cyclic,indexscan,0,prefetch-simple,worker,12,32GB,0.095,0.112,27.2,3.973
8416,cyclic,bitmapscan,16,prefetch-complex,sync,3,32GB,0.064,0.082,5.578,2.57
8417,cyclic,bitmapscan,16,master,worker,3,32GB,27.31,27.326,3118.122,386.311
8418,cyclic,indexscan,1,master,worker,3,32GB,0.003,0.02,8.729,1.158
8419,cyclic,indexscan,1,master,io_uring,3,32GB,3.598,3.616,282.252,112.089
8420,cyclic,bitmapscan,64,prefetch-complex,sync,3,32GB,97.311,97.328,3411.189,1434.011
8421,cyclic,bitmapscan,1,master,worker,12,32GB,2.399,2.416,197.585,36.921
8422,cyclic,indexscan,64,prefetch-simple,worker,3,32GB,37.311,37.328,1919.202,1117.65
8423,cyclic,bitmapscan,1,prefetch-simple,worker,3,32GB,0.043,0.06,12.674,2.073
8424,cyclic,bitmapscan,0,prefetch-complex,worker,12,32GB,8.093,8.11,492.116,126.014
8425,cyclic,indexscan,16,master,worker,3,32GB,18.208,18.224,1252.104,557.349
8426,cyclic,bitmapscan,1,prefetch-complex,worker,12,32GB,1.067,1.084,112.766,18.486
8427,cyclic,indexscan,0,prefetch-simple,worker,3,32GB,0.002,0.018,7.355,1.095
8428,cyclic,bitmapscan,1,prefetch-complex,io_uring,3,32GB,0.064,0.08,13.683,2.523
8429,cyclic,bitmapscan,1,master,worker,12,32GB,57.311,57.328,3451.717,803.146
8430,cyclic,indexscan,64,prefetch-simple,sync,3,32GB,27.311,27.328,1420.832,845.602
8431,cyclic,indexscan,1,prefetch-complex,worker,3,32GB,0.002,0.018,11.64,1.382
8432,cyclic,bitmapscan,0,master,worker,3,32GB,0.003,0.02,7.359,1.131
8433,cyclic,bitmapscan,16,prefetch-simple,worker,12,32GB,37.311,37.328,1134.032,514.235
8434,cyclic,indexscan,64,prefetch-complex,worker,12,32GB,0.005,0.022,4.452,1.437
8435,cyclic,indexscan,1,prefetch-simple,sync,3,32GB,0.142,0.16,54.515,5.036
8436,cyclic,bitmapscan,1,prefetch-complex,io_uring,3,32GB,0.014,0.032,10.214,1.617
8437,cyclic,indexscan,64,master,worker,12,32GB,0.064,0.08,21.679,2.879
8438,cyclic,indexscan,1,master,worker,3,32GB,5.396,5.412,388.654,164.514
8439,cyclic,indexscan,1,master,worker,12,32GB,0.007,0.024,9.002,1.242
8440,cyclic,indexscan,0,prefetch-simple,worker,3,32GB,0.317,0.334,46.571,10.564
8441,cyclic,bitmapscan,0,prefetch-complex,io_uring,3,32GB,57.311,57.328,3367.188,869.567
8442,cyclic,bitmapscan,16,prefetch-complex,io_uring,3,32GB,77.311,77.328,2495.876,1171.262
8443,cyclic,bitmapscan,1,prefetch-complex,io_uring,3,32GB,5.396,5.412,419.167,86.03
8444,cyclic,indexscan,64,prefetch-complex,worker,3,32GB,18.208,18.226,1047.137,563.985
8445,cyclic,indexscan,1,prefetch-simple,io_uring,3,32GB,0.317,0.334,94.226,10.414
8446,cyclic,bitmapscan,64,prefetch-complex,io_uring,3,32GB,8.093,8.11,247.689,124.54
8447,cyclic,bitmapscan,16,master,io_uring,3,32GB,18.207,18.224,524.702,265.685
8448,cyclic,bitmapscan,0,master,io_uring,3,32GB,77.311,77.328,4206.748,1092.892
8449,cyclic,bitmapscan,1,master,worker,12,32GB,67.311,67.328,3976.827,923.307
8450,cyclic,bitmapscan,0,prefetch-complex,sync,3,32GB,37.311,37.328,2221.719,577.765
8451,cyclic,indexscan,16,prefetch-complex,sync,3,32GB,1.067,1.084,74.358,34.474
8452,cyclic,indexscan,0,prefetch-simple,io_uring,3,32GB,57.311,57.328,3922.865,1756.421
8453,cyclic,bitmapscan,1,prefetch-simple,worker,3,32GB,0.095,0.112,15.671,2.85
8454,cyclic,indexscan,1,master,worker,12,32GB,0.004,0.02,39.292,1.237
8455,cyclic,indexscan,1,master,io_uring,3,32GB,0.006,0.022,8.371,1.248
8456,cyclic,indexscan,0,master,worker,12,32GB,0.317,0.334,48.585,10.485
8457,cyclic,bitmapscan,64,prefetch-simple,io_uring,3,32GB,1.067,1.084,48.357,17.005
8458,cyclic,bitmapscan,1,prefetch-complex,sync,3,32GB,2.399,2.416,192.891,38.112
8459,cyclic,indexscan,64,prefetch-simple,io_uring,3,32GB,0.029,0.046,7.62,1.853
8460,cyclic,indexscan,1,master,io_uring,3,32GB,0.003,0.02,8.485,1.155
8461,cyclic,bitmapscan,0,prefetch-simple,worker,3,32GB,57.311,57.328,3249.963,809.485
8462,cyclic,bitmapscan,64,prefetch-simple,worker,12,32GB,5.396,5.412,178.336,79.167
8463,cyclic,bitmapscan,1,prefetch-simple,worker,12,32GB,1.6,1.616,153.158,24.634
8464,cyclic,bitmapscan,0,prefetch-simple,sync,3,32GB,12.138,12.156,724.396,182.95
8465,cyclic,indexscan,16,master,worker,12,32GB,0.029,0.046,16.938,1.956
8466,cyclic,bitmapscan,1,prefetch-simple,worker,3,32GB,0.712,0.728,75.137,12.358
8467,cyclic,bitmapscan,64,prefetch-simple,worker,3,32GB,1.067,1.084,42.887,17.21
8468,cyclic,indexscan,64,master,worker,3,32GB,0.063,0.08,24.053,2.967
8469,cyclic,bitmapscan,1,prefetch-complex,worker,12,32GB,77.311,77.328,4455.255,1144.716
8470,cyclic,bitmapscan,16,master,sync,3,32GB,0.317,0.334,18.587,6.415
8471,cyclic,bitmapscan,16,prefetch-simple,sync,3,32GB,0.043,0.06,4.884,1.936
8472,cyclic,bitmapscan,1,prefetch-simple,worker,3,32GB,0.006,0.022,9.347,1.215
8473,cyclic,indexscan,1,prefetch-complex,worker,12,32GB,1.6,1.618,381.64,52.304
8474,cyclic,bitmapscan,16,master,sync,3,32GB,18.207,18.224,503.484,256.459
8475,cyclic,bitmapscan,64,prefetch-complex,sync,3,32GB,0.005,0.022,3.871,1.36
8476,cyclic,indexscan,16,prefetch-complex,sync,3,32GB,0.712,0.73,50.885,21.174
8477,cyclic,indexscan,0,prefetch-complex,worker,12,32GB,67.311,67.328,4595.41,2086.507
8478,cyclic,bitmapscan,16,prefetch-simple,sync,3,32GB,27.31,27.328,698.336,381.77
8479,cyclic,bitmapscan,0,prefetch-simple,sync,3,32GB,3.598,3.616,255.702,54.227
8480,cyclic,bitmapscan,1,master,sync,3,32GB,27.311,27.328,1640.007,387.351
8481,cyclic,indexscan,64,prefetch-complex,sync,3,32GB,67.311,67.328,3672.718,2075.77
8482,cyclic,indexscan,1,master,io_uring,3,32GB,18.208,18.224,1271.611,556.141
8483,cyclic,indexscan,1,prefetch-complex,worker,3,32GB,0.142,0.158,53.861,5.738
8484,cyclic,indexscan,0,prefetch-complex,sync,3,32GB,0.029,0.046,20.89,2.13
8485,cyclic,indexscan,0,prefetch-simple,sync,3,32GB,1.067,1.084,128.807,33.989
8486,cyclic,bitmapscan,64,prefetch-complex,io_uring,3,32GB,0.029,0.046,4.821,1.856
8487,cyclic,indexscan,0,prefetch-simple,io_uring,3,32GB,87.311,87.328,5751.586,2622.64
8488,cyclic,bitmapscan,64,prefetch-simple,sync,3,32GB,0.043,0.06,4.931,2.004
8489,cyclic,indexscan,16,master,worker,3,32GB,0.002,0.02,7.701,1.107
8490,cyclic,indexscan,16,prefetch-complex,io_uring,3,32GB,0.142,0.158,15.78,5.069
8491,cyclic,indexscan,16,prefetch-simple,worker,12,32GB,97.311,97.328,5006.159,2947.289
8492,cyclic,indexscan,1,master,worker,3,32GB,3.598,3.616,297.946,112.046
8493,cyclic,bitmapscan,64,prefetch-complex,worker,3,32GB,57.311,57.328,1780.026,851.14
8494,cyclic,bitmapscan,64,prefetch-complex,worker,12,32GB,67.31,67.328,2124.215,1017.832
8495,cyclic,indexscan,16,prefetch-complex,sync,3,32GB,5.396,5.412,312.499,170.115
8496,cyclic,indexscan,64,prefetch-simple,sync,3,32GB,1.067,1.084,71.408,33.011
8497,cyclic,bitmapscan,0,master,worker,3,32GB,0.064,0.08,17.351,2.368
8498,cyclic,indexscan,64,master,worker,3,32GB,1.067,1.084,129.487,34.064
8499,cyclic,bitmapscan,1,prefetch-complex,worker,3,32GB,0.043,0.06,12.791,2.082
8500,cyclic,indexscan,0,prefetch-complex,worker,3,32GB,0.005,0.022,8.707,1.331
8501,cyclic,indexscan,16,master,io_uring,3,32GB,1.066,1.084,132.341,33.171
8502,cyclic,bitmapscan,0,prefetch-complex,io_uring,3,32GB,0.02,0.038,9.196,1.718
8503,cyclic,indexscan,0,prefetch-complex,io_uring,3,32GB,1.067,1.084,112.615,35.738
8504,cyclic,indexscan,0,prefetch-simple,io_uring,3,32GB,1.067,1.084,110.924,33.681
8505,cyclic,bitmapscan,0,prefetch-complex,worker,3,32GB,0.01,0.028,8.166,1.478
8506,cyclic,bitmapscan,1,master,worker,12,32GB,0.141,0.158,21.521,3.722
8507,cyclic,indexscan,16,prefetch-simple,worker,3,32GB,37.311,37.328,1901.226,1135.139
8508,cyclic,bitmapscan,16,prefetch-simple,io_uring,3,32GB,1.6,1.618,74.896,24.582
8509,cyclic,bitmapscan,16,prefetch-complex,io_uring,3,32GB,0.004,0.02,3.962,1.354
8510,cyclic,indexscan,1,master,worker,3,32GB,0.212,0.228,41.498,7.148
8511,cyclic,indexscan,64,master,sync,3,32GB,47.311,47.328,3132.126,1418.882
8512,cyclic,indexscan,1,prefetch-complex,worker,12,32GB,0.317,0.334,89.487,10.952
8513,cyclic,indexscan,1,master,io_uring,3,32GB,8.093,8.11,607.098,254.796
8514,cyclic,indexscan,1,prefetch-simple,sync,3,32GB,77.311,77.328,16374.175,2345.445
8515,cyclic,bitmapscan,16,prefetch-simple,io_uring,3,32GB,0.007,0.024,3.849,1.239
8516,cyclic,indexscan,1,master,io_uring,3,32GB,0.042,0.058,24.003,2.324
8517,cyclic,indexscan,1,prefetch-simple,sync,3,32GB,47.311,47.328,9857.551,1423.986
8518,cyclic,bitmapscan,16,prefetch-simple,worker,12,32GB,0.064,0.082,21.223,2.342
8519,cyclic,indexscan,0,master,worker,12,32GB,0.003,0.02,7.6,1.204
8520,cyclic,indexscan,16,prefetch-simple,io_uring,3,32GB,0.02,0.038,6.46,1.696
8521,cyclic,indexscan,1,prefetch-simple,sync,3,32GB,0.029,0.046,29.224,1.95
8522,cyclic,bitmapscan,16,prefetch-complex,sync,3,32GB,0.212,0.23,13.5,5.284
8523,cyclic,bitmapscan,64,prefetch-complex,worker,12,32GB,0.004,0.02,4.047,1.369
8524,cyclic,bitmapscan,1,master,worker,3,32GB,1.067,1.084,110.291,16.691
8525,cyclic,bitmapscan,16,master,io_uring,3,32GB,87.311,87.328,2739.4,1172.299
8526,cyclic,bitmapscan,1,prefetch-simple,worker,3,32GB,47.311,47.328,2831.976,655.011
8527,cyclic,indexscan,1,master,io_uring,3,32GB,1.6,1.616,161.372,51.518
8528,cyclic,bitmapscan,0,prefetch-complex,io_uring,3,32GB,0.029,0.046,12.988,1.868
8529,cyclic,indexscan,64,prefetch-complex,worker,12,32GB,18.206,18.222,1030.667,568.19
8530,cyclic,bitmapscan,1,master,io_uring,3,32GB,0.712,0.728,84.587,12.244
8531,cyclic,indexscan,16,prefetch-simple,io_uring,3,32GB,27.311,27.328,1393.9,847.509
8532,cyclic,indexscan,1,master,sync,3,32GB,2.399,2.416,206.413,75.886
8533,cyclic,bitmapscan,1,prefetch-complex,worker,12,32GB,0.004,0.022,33.303,1.419
8534,cyclic,bitmapscan,64,master,io_uring,3,32GB,67.311,67.328,2036.134,915.063
8535,cyclic,bitmapscan,1,prefetch-complex,io_uring,3,32GB,87.311,87.328,5247.223,1285.828
8536,cyclic,indexscan,64,prefetch-complex,io_uring,3,32GB,0.043,0.06,9.368,2.422
8537,cyclic,indexscan,1,prefetch-simple,io_uring,3,32GB,12.139,12.156,2472.637,367.447
8538,cyclic,bitmapscan,64,prefetch-simple,sync,3,32GB,1.6,1.616,57.408,24.323
8539,cyclic,bitmapscan,64,prefetch-simple,io_uring,3,32GB,5.396,5.414,154.194,77.524
8540,cyclic,indexscan,1,prefetch-simple,worker,3,32GB,0.02,0.036,17.018,1.626
8541,cyclic,indexscan,1,prefetch-simple,worker,3,32GB,77.311,77.328,15491.403,2324.319
8542,cyclic,bitmapscan,0,master,io_uring,3,32GB,0.095,0.112,15.994,2.999
8543,cyclic,bitmapscan,0,master,worker,12,32GB,0.142,0.16,21.321,3.839
8544,cyclic,bitmapscan,0,master,sync,3,32GB,0.02,0.036,8.466,1.452
8545,cyclic,indexscan,0,prefetch-complex,worker,12,32GB,0.474,0.492,62.812,15.56
8546,cyclic,indexscan,64,master,sync,3,32GB,0.02,0.036,14.969,1.618
8547,cyclic,indexscan,16,master,worker,12,32GB,0.005,0.022,10.702,1.211
8548,cyclic,bitmapscan,1,prefetch-complex,worker,3,32GB,2.399,2.416,222.373,37.979
8549,cyclic,indexscan,16,prefetch-simple,io_uring,3,32GB,77.311,77.328,3875.828,2324.148
8550,cyclic,indexscan,16,master,worker,3,32GB,0.474,0.492,70.384,15.444
8551,cyclic,indexscan,16,master,worker,3,32GB,47.311,47.328,3082.77,1422.158
8552,cyclic,indexscan,64,prefetch-simple,worker,3,32GB,0.01,0.026,7.568,1.364
8553,cyclic,bitmapscan,1,master,worker,12,32GB,1.6,1.616,122.502,24.285
8554,cyclic,indexscan,0,prefetch-simple,sync,3,32GB,12.138,12.156,849.656,380.548
8555,cyclic,bitmapscan,16,master,worker,12,32GB,0.712,0.728,29.599,12.29
8556,cyclic,indexscan,0,master,worker,12,32GB,0.712,0.73,90.094,21.738
8557,cyclic,bitmapscan,16,prefetch-complex,io_uring,3,32GB,0.064,0.08,5.672,2.726
8558,cyclic,bitmapscan,0,master,io_uring,3,32GB,0.712,0.728,69.571,12.504
8559,cyclic,bitmapscan,0,prefetch-complex,worker,3,32GB,0.006,0.022,9.209,1.436
8560,cyclic,indexscan,1,master,worker,3,32GB,77.31,77.328,5262.928,2327.895
8561,cyclic,bitmapscan,1,master,io_uring,3,32GB,1.6,1.616,137.515,24.861
8562,cyclic,bitmapscan,1,prefetch-complex,worker,3,32GB,0.029,0.046,11.236,1.859
8563,cyclic,bitmapscan,64,prefetch-complex,io_uring,3,32GB,0.064,0.08,5.631,2.602
8564,cyclic,bitmapscan,0,prefetch-simple,worker,3,32GB,18.208,18.226,1044.86,266.22
8565,cyclic,bitmapscan,64,prefetch-complex,worker,3,32GB,27.311,27.328,808.284,414.105
8566,cyclic,bitmapscan,0,prefetch-simple,sync,3,32GB,67.311,67.328,3766.958,950.461
8567,cyclic,bitmapscan,64,master,worker,12,32GB,0.064,0.08,5.467,2.229
8568,cyclic,indexscan,64,prefetch-complex,worker,3,32GB,0.043,0.06,8.814,2.4
8569,cyclic,indexscan,1,master,worker,12,32GB,0.001,0.018,7.025,1.057
8570,cyclic,bitmapscan,0,master,sync,3,32GB,0.005,0.022,7.798,1.237
8571,cyclic,bitmapscan,0,prefetch-simple,worker,3,32GB,3.597,3.614,275.293,52.607
8572,cyclic,indexscan,1,prefetch-simple,sync,3,32GB,0.003,0.02,11.025,1.195
8573,cyclic,bitmapscan,1,prefetch-complex,sync,3,32GB,1.6,1.616,139.878,26.807
8574,cyclic,indexscan,64,master,io_uring,3,32GB,0.007,0.024,9.315,1.258
8575,cyclic,indexscan,16,prefetch-simple,worker,12,32GB,18.207,18.224,952.73,553.693
8576,cyclic,indexscan,1,prefetch-simple,io_uring,3,32GB,57.311,57.328,11572.204,1721.648
8577,cyclic,bitmapscan,16,prefetch-complex,io_uring,3,32GB,57.31,57.328,1808.77,874.758
8578,cyclic,indexscan,16,prefetch-complex,worker,3,32GB,0.095,0.112,12.827,4.011
8579,cyclic,indexscan,1,master,worker,3,32GB,67.311,67.328,4401.248,2016.325
8580,cyclic,bitmapscan,1,master,io_uring,3,32GB,2.399,2.416,227.825,35.622
8581,cyclic,bitmapscan,1,prefetch-simple,worker,3,32GB,0.212,0.23,29.879,4.794
8582,cyclic,bitmapscan,0,master,sync,3,32GB,0.316,0.334,35.329,6.574
8583,cyclic,indexscan,64,master,worker,3,32GB,3.598,3.614,305.044,112.841
8584,cyclic,indexscan,64,prefetch-complex,io_uring,3,32GB,0.003,0.02,3.986,1.349
8585,cyclic,bitmapscan,64,prefetch-complex,worker,3,32GB,0.212,0.23,9.444,5.277
8586,cyclic,indexscan,0,prefetch-complex,sync,3,32GB,0.212,0.228,41.968,7.478
8587,cyclic,indexscan,16,master,sync,3,32GB,0.043,0.06,24.407,2.272
8588,cyclic,bitmapscan,0,prefetch-simple,io_uring,3,32GB,0.004,0.02,8.608,1.206
8589,cyclic,bitmapscan,16,prefetch-complex,sync,3,32GB,0.317,0.334,33.824,7.46
8590,cyclic,indexscan,1,prefetch-simple,worker,3,32GB,18.208,18.224,3702.501,551.241
8591,cyclic,indexscan,1,prefetch-complex,worker,3,32GB,67.311,67.328,13529.159,2086.529
8592,cyclic,bitmapscan,1,prefetch-complex,worker,12,32GB,0.316,0.334,40.741,7.301
8593,cyclic,bitmapscan,64,prefetch-simple,sync,3,32GB,0.029,0.046,4.431,1.721
8594,cyclic,indexscan,64,prefetch-simple,worker,12,32GB,0.212,0.228,22.378,6.795
8595,cyclic,bitmapscan,0,prefetch-complex,sync,3,32GB,0.043,0.06,10.919,2.247
8596,cyclic,indexscan,0,master,sync,3,32GB,8.092,8.11,589.789,248.447
8597,cyclic,indexscan,16,prefetch-complex,worker,12,32GB,0.043,0.06,8.885,2.469
8598,cyclic,indexscan,0,prefetch-complex,worker,12,32GB,77.311,77.328,5173.353,2419.623
8599,cyclic,indexscan,64,prefetch-complex,worker,12,32GB,0.029,0.046,7.631,2.118
8600,cyclic,indexscan,0,prefetch-complex,worker,12,32GB,12.138,12.156,890.166,385.886
8601,cyclic,bitmapscan,1,master,io_uring,3,32GB,0.01,0.028,11.095,1.29
8602,cyclic,bitmapscan,64,prefetch-simple,sync,3,32GB,3.598,3.616,105.595,51.526
8603,cyclic,indexscan,64,prefetch-complex,worker,12,32GB,1.6,1.616,106.482,53.051
8604,cyclic,bitmapscan,16,prefetch-simple,worker,12,32GB,0.712,0.728,29.317,12.152
8605,cyclic,indexscan,64,master,io_uring,3,32GB,37.311,37.328,2468.242,1124.909
8606,cyclic,bitmapscan,64,master,io_uring,3,32GB,0.212,0.23,10.303,4.773
8607,cyclic,bitmapscan,16,master,sync,3,32GB,77.311,77.328,2405.207,1055.095
8608,cyclic,bitmapscan,64,prefetch-complex,worker,12,32GB,1.6,1.618,72.315,27.418
8609,cyclic,bitmapscan,64,master,worker,12,32GB,77.311,77.328,2367.269,1055.889
8610,cyclic,bitmapscan,0,master,worker,3,32GB,0.003,0.02,7.479,1.162
8611,cyclic,indexscan,64,prefetch-complex,worker,3,32GB,0.007,0.024,5.594,1.421
8612,cyclic,bitmapscan,1,master,io_uring,3,32GB,37.31,37.328,2162.035,516.069
8613,cyclic,bitmapscan,16,prefetch-simple,sync,3,32GB,3.598,3.614,124.68,52.361
8614,cyclic,indexscan,16,prefetch-complex,worker,3,32GB,0.004,0.022,5.189,1.366
8615,cyclic,indexscan,1,prefetch-simple,worker,12,32GB,47.311,47.328,9668.799,1489.235
8616,cyclic,indexscan,64,prefetch-simple,worker,3,32GB,87.311,87.328,4418.247,2638.93
8617,cyclic,indexscan,0,master,io_uring,3,32GB,1.067,1.084,123.865,34.174
8618,cyclic,bitmapscan,0,prefetch-complex,io_uring,3,32GB,0.014,0.032,8.609,1.669
8619,cyclic,bitmapscan,16,prefetch-complex,sync,3,32GB,57.311,57.328,1783.928,850.501
8620,cyclic,indexscan,1,prefetch-simple,worker,12,32GB,8.093,8.11,1804.624,245.06
8621,cyclic,bitmapscan,16,prefetch-complex,io_uring,3,32GB,0.014,0.032,4.452,1.573
8622,cyclic,indexscan,1,master,sync,3,32GB,0.475,0.492,62.102,14.781
8623,cyclic,bitmapscan,0,prefetch-complex,io_uring,3,32GB,18.208,18.226,1106.53,286.405
8624,cyclic,indexscan,64,master,io_uring,3,32GB,0.064,0.08,21.239,2.784
8625,cyclic,bitmapscan,64,prefetch-complex,worker,3,32GB,8.093,8.11,243.38,123.327
8626,cyclic,indexscan,1,prefetch-complex,worker,12,32GB,0.01,0.028,14.009,1.501
8627,cyclic,bitmapscan,1,prefetch-complex,sync,3,32GB,5.396,5.414,352.086,84.655
8628,cyclic,bitmapscan,64,master,worker,3,32GB,0.004,0.022,3.788,1.171
8629,cyclic,bitmapscan,0,prefetch-simple,sync,3,32GB,1.599,1.616,125.765,25.259
8630,cyclic,indexscan,16,prefetch-complex,worker,12,32GB,0.005,0.022,7.25,1.392
8631,cyclic,indexscan,1,prefetch-simple,worker,12,32GB,0.005,0.022,11.611,1.196
8632,cyclic,indexscan,16,master,sync,3,32GB,12.139,12.156,846.759,370.225
8633,cyclic,bitmapscan,64,master,sync,3,32GB,0.212,0.228,10.296,4.859
8634,cyclic,bitmapscan,1,prefetch-complex,worker,12,32GB,0.475,0.492,56.262,9.581
8635,cyclic,indexscan,16,prefetch-simple,sync,3,32GB,1.599,1.616,100.457,49.86
8636,cyclic,bitmapscan,64,prefetch-simple,worker,3,32GB,97.311,97.328,3106.245,1315.684
8637,cyclic,indexscan,0,master,worker,12,32GB,27.311,27.328,1860.136,831.232
8638,cyclic,bitmapscan,1,master,io_uring,3,32GB,0.004,0.022,11.23,1.183
8639,cyclic,indexscan,1,prefetch-simple,sync,3,32GB,0.093,0.11,47.04,4.007
8640,cyclic,bitmapscan,0,prefetch-simple,io_uring,3,32GB,0.002,0.02,7.445,1.179
8641,cyclic,indexscan,1,prefetch-simple,sync,3,32GB,0.01,0.026,12.768,1.356
8642,cyclic,indexscan,1,prefetch-complex,io_uring,3,32GB,0.142,0.16,52.934,5.48
8643,cyclic,indexscan,0,prefetch-complex,io_uring,3,32GB,0.029,0.046,17.886,2.081
8644,cyclic,indexscan,16,prefetch-complex,io_uring,3,32GB,0.711,0.728,50.378,22.196
8645,cyclic,bitmapscan,16,prefetch-simple,sync,3,32GB,47.311,47.328,1393.174,651.694
8646,cyclic,indexscan,1,prefetch-complex,io_uring,3,32GB,1.6,1.618,380.122,51.909
8647,cyclic,indexscan,0,master,io_uring,3,32GB,0.712,0.73,80.931,22.321
8648,cyclic,bitmapscan,64,prefetch-complex,worker,12,32GB,5.396,5.414,163.48,86.146
8649,cyclic,bitmapscan,0,prefetch-complex,worker,3,32GB,0.095,0.112,15.878,3.241
8650,cyclic,bitmapscan,64,master,io_uring,3,32GB,0.095,0.112,6.64,2.942
8651,cyclic,bitmapscan,16,prefetch-simple,worker,12,32GB,47.311,47.328,1383.833,647.448
8652,cyclic,indexscan,0,prefetch-complex,sync,3,32GB,0.005,0.022,9.333,1.375
8653,cyclic,indexscan,16,master,io_uring,3,32GB,1.6,1.616,155.614,51.64
8654,cyclic,indexscan,64,prefetch-simple,worker,12,32GB,0.007,0.024,4.519,1.283
8655,cyclic,bitmapscan,64,prefetch-simple,worker,12,32GB,0.043,0.06,4.869,2.007
8656,cyclic,bitmapscan,0,prefetch-complex,worker,3,32GB,0.014,0.03,8.898,1.554
8657,cyclic,bitmapscan,64,master,worker,3,32GB,1.067,1.084,36.955,17.073
8658,cyclic,indexscan,16,prefetch-complex,worker,3,32GB,27.31,27.328,1472.683,834.825
8659,cyclic,indexscan,0,prefetch-simple,worker,3,32GB,0.014,0.032,11.841,1.458
8660,cyclic,bitmapscan,64,prefetch-complex,io_uring,3,32GB,12.139,12.156,343.282,189.496
8661,cyclic,bitmapscan,16,master,io_uring,3,32GB,47.311,47.328,1383.213,651.336
8662,cyclic,indexscan,16,prefetch-complex,sync,3,32GB,87.311,87.328,4610.931,2680.818
8663,cyclic,indexscan,0,master,sync,3,32GB,47.311,47.328,3245.013,1416.316
8664,cyclic,indexscan,16,prefetch-simple,worker,12,32GB,0.317,0.334,27.63,9.865
8665,cyclic,indexscan,16,master,worker,3,32GB,0.212,0.228,40.362,7.067
8666,cyclic,indexscan,1,prefetch-complex,sync,3,32GB,0.317,0.334,94.867,11.165
8667,cyclic,bitmapscan,16,prefetch-simple,io_uring,3,32GB,0.064,0.08,5.63,2.343
8668,cyclic,bitmapscan,0,prefetch-complex,worker,12,32GB,18.208,18.226,1574.045,284.372
8669,cyclic,bitmapscan,1,master,worker,12,32GB,0.064,0.082,29.548,2.402
8670,cyclic,indexscan,16,prefetch-simple,sync,3,32GB,2.399,2.416,137.629,74.898
8671,cyclic,indexscan,0,prefetch-simple,worker,3,32GB,47.311,47.328,3147.145,1445.714
8672,cyclic,indexscan,1,prefetch-simple,sync,3,32GB,8.093,8.11,1669.756,250.195
8673,cyclic,indexscan,16,prefetch-complex,worker,3,32GB,67.311,67.328,3583.482,2047.556
8674,cyclic,indexscan,64,prefetch-complex,sync,3,32GB,0.317,0.334,28.523,9.914
8675,cyclic,indexscan,1,prefetch-complex,worker,3,32GB,57.311,57.328,11514.13,1799.505
8676,cyclic,bitmapscan,16,master,worker,12,32GB,1.067,1.084,39.163,16.955
8677,cyclic,bitmapscan,16,master,sync,3,32GB,0.141,0.158,9.213,3.632
8678,cyclic,indexscan,0,prefetch-simple,io_uring,3,32GB,0.712,0.73,80.41,23.119
8679,cyclic,indexscan,0,prefetch-simple,sync,3,32GB,0.029,0.046,17.327,1.909
8680,cyclic,indexscan,0,prefetch-complex,worker,3,32GB,8.093,8.11,575.8,254.077
8681,cyclic,indexscan,64,prefetch-complex,io_uring,3,32GB,0.712,0.73,62.889,22.823
8682,cyclic,bitmapscan,16,prefetch-simple,worker,12,32GB,0.317,0.334,15.03,6.977
8683,cyclic,indexscan,1,master,worker,3,32GB,0.141,0.158,45.174,5.064
8684,cyclic,bitmapscan,64,prefetch-complex,worker,12,32GB,0.212,0.23,10.063,5.606
8685,cyclic,indexscan,16,prefetch-simple,io_uring,3,32GB,0.093,0.11,13.062,3.62
8686,cyclic,bitmapscan,16,prefetch-simple,io_uring,3,32GB,77.311,77.328,2396.279,1059.925
8687,cyclic,bitmapscan,64,prefetch-simple,io_uring,3,32GB,77.311,77.328,2459.314,1072.565
8688,cyclic,bitmapscan,16,prefetch-complex,sync,3,32GB,1.6,1.618,65.96,27
8689,cyclic,bitmapscan,64,master,worker,12,32GB,1.067,1.084,38.745,17.955
8690,cyclic,indexscan,16,prefetch-complex,sync,3,32GB,0.01,0.026,5.029,1.491
8691,cyclic,bitmapscan,1,prefetch-simple,worker,12,32GB,0.014,0.03,10.326,1.323
8692,cyclic,bitmapscan,16,prefetch-complex,io_uring,3,32GB,8.093,8.11,233.493,122.833
8693,cyclic,indexscan,64,prefetch-simple,io_uring,3,32GB,0.007,0.024,5.995,1.239
8694,cyclic,bitmapscan,1,prefetch-simple,io_uring,3,32GB,57.311,57.328,3388.294,791.578
8695,cyclic,indexscan,0,prefetch-complex,io_uring,3,32GB,0.01,0.026,12.526,1.543
8696,cyclic,bitmapscan,1,prefetch-complex,io_uring,3,32GB,27.311,27.328,1638.081,413.068
8697,cyclic,indexscan,64,master,io_uring,3,32GB,1.6,1.616,182.367,50.724
8698,cyclic,indexscan,64,prefetch-complex,worker,12,32GB,2.398,2.416,187.099,76.705
8699,cyclic,bitmapscan,0,prefetch-complex,sync,3,32GB,0.005,0.022,8.762,1.414
8700,cyclic,bitmapscan,64,prefetch-simple,io_uring,3,32GB,8.093,8.11,246.915,114.553
8701,cyclic,bitmapscan,64,prefetch-simple,sync,3,32GB,0.003,0.02,4.061,1.185
8702,cyclic,bitmapscan,16,prefetch-simple,worker,3,32GB,0.009,0.026,3.877,1.282
8703,cyclic,indexscan,16,master,worker,12,32GB,0.003,0.02,7.916,1.151
8704,cyclic,indexscan,0,prefetch-simple,io_uring,3,32GB,27.311,27.328,1906.207,839.1
8705,cyclic,indexscan,64,prefetch-simple,worker,3,32GB,0.142,0.16,17.135,4.839
8706,cyclic,bitmapscan,0,master,worker,12,32GB,57.311,57.328,4385.991,807.337
8707,cyclic,indexscan,1,prefetch-complex,sync,3,32GB,0.475,0.492,137.331,16.91
8708,cyclic,bitmapscan,0,prefetch-simple,sync,3,32GB,5.396,5.414,321.112,80.112
8709,cyclic,indexscan,0,prefetch-complex,io_uring,3,32GB,12.138,12.156,918.787,387.266
8710,cyclic,bitmapscan,1,prefetch-simple,worker,3,32GB,0.029,0.046,13.912,1.657
8711,cyclic,bitmapscan,16,prefetch-complex,sync,3,32GB,0.142,0.16,7.799,4.092
8712,cyclic,bitmapscan,0,master,worker,3,32GB,3.598,3.614,230.381,53.342
8713,cyclic,bitmapscan,1,master,io_uring,3,32GB,77.311,77.328,4408.306,1060.626
8714,cyclic,indexscan,16,prefetch-complex,worker,12,32GB,0.317,0.334,28.37,9.893
8715,cyclic,indexscan,0,master,worker,3,32GB,0.475,0.492,65.304,15.252
8716,cyclic,bitmapscan,1,master,sync,3,32GB,0.005,0.022,13.434,1.195
8717,cyclic,indexscan,64,master,worker,3,32GB,0.002,0.018,9.157,1.091
8718,cyclic,indexscan,64,prefetch-simple,worker,12,32GB,0.043,0.06,13.011,2.369
8719,cyclic,bitmapscan,64,master,worker,12,32GB,0.142,0.16,7.634,3.634
8720,cyclic,indexscan,64,prefetch-complex,sync,3,32GB,0.064,0.082,10.027,3.039
8721,cyclic,indexscan,1,prefetch-simple,sync,3,32GB,97.311,97.328,23829.087,3020.512
8722,cyclic,indexscan,64,prefetch-complex,io_uring,3,32GB,97.311,97.328,5403.675,2980.224
8723,cyclic,indexscan,0,prefetch-complex,io_uring,3,32GB,3.597,3.614,299.84,115.864
8724,cyclic,indexscan,1,master,io_uring,3,32GB,0.212,0.23,39.516,6.985
8725,cyclic,indexscan,1,master,worker,3,32GB,57.31,57.328,3763.873,1717.37
8726,cyclic,bitmapscan,0,master,worker,3,32GB,1.6,1.616,138.767,25.979
8727,cyclic,indexscan,0,master,worker,12,32GB,0.013,0.03,11.897,1.427
8728,cyclic,indexscan,0,prefetch-complex,worker,3,32GB,0.142,0.16,29.592,5.333
8729,cyclic,bitmapscan,64,master,sync,3,32GB,5.396,5.414,171.941,77.064
8730,cyclic,indexscan,1,prefetch-simple,worker,12,32GB,0.004,0.022,11.793,1.208
8731,cyclic,indexscan,16,prefetch-complex,worker,12,32GB,0.095,0.112,13.289,3.995
8732,cyclic,indexscan,1,prefetch-complex,worker,12,32GB,18.208,18.224,3725.58,570.954
8733,cyclic,bitmapscan,16,prefetch-complex,worker,3,32GB,0.002,0.02,3.893,1.431
8734,cyclic,indexscan,1,prefetch-simple,sync,3,32GB,27.311,27.328,5495.742,818.798
8735,cyclic,bitmapscan,16,master,worker,12,32GB,5.396,5.414,167.585,79.268
8736,cyclic,bitmapscan,64,prefetch-simple,worker,12,32GB,18.208,18.226,545.36,262.081
8737,cyclic,bitmapscan,64,prefetch-simple,sync,3,32GB,77.311,77.328,2409.238,1061.278
8738,cyclic,indexscan,1,prefetch-complex,sync,3,32GB,27.311,27.328,5724.056,835.751
8739,cyclic,indexscan,64,prefetch-simple,io_uring,3,32GB,2.399,2.416,156.437,75.893
8740,cyclic,indexscan,16,prefetch-complex,worker,12,32GB,0.019,0.036,6.211,1.716
8741,cyclic,indexscan,64,master,sync,3,32GB,0.002,0.02,8.085,1.144
8742,cyclic,bitmapscan,64,prefetch-complex,worker,12,32GB,2.398,2.414,82.163,39.078
8743,cyclic,indexscan,16,prefetch-complex,io_uring,3,32GB,77.311,77.328,4184.013,2368.117
8744,cyclic,bitmapscan,1,prefetch-complex,sync,3,32GB,1.067,1.084,113.182,18.612
8745,cyclic,bitmapscan,64,prefetch-simple,sync,3,32GB,18.208,18.224,495.969,259.536
8746,cyclic,indexscan,1,master,sync,3,32GB,0.712,0.73,83.233,22.465
8747,cyclic,bitmapscan,16,prefetch-simple,io_uring,3,32GB,67.311,67.328,2054.602,925.052
8748,cyclic,indexscan,0,prefetch-complex,worker,3,32GB,27.311,27.328,1915.637,851.89
8749,cyclic,indexscan,16,prefetch-complex,io_uring,3,32GB,0.003,0.02,4.507,1.306
8750,cyclic,bitmapscan,0,master,worker,3,32GB,87.311,87.328,4965.806,1245.218
8751,cyclic,bitmapscan,16,prefetch-complex,sync,3,32GB,1.067,1.084,65.743,18.711
8752,cyclic,bitmapscan,1,prefetch-complex,io_uring,3,32GB,0.019,0.036,11.474,1.638
8753,cyclic,bitmapscan,16,prefetch-complex,worker,12,32GB,97.311,97.328,3179.69,1433.003
8754,cyclic,bitmapscan,16,master,io_uring,3,32GB,0.01,0.026,4,1.301
8755,cyclic,bitmapscan,16,prefetch-simple,io_uring,3,32GB,97.311,97.328,3105.314,1319.146
8756,cyclic,indexscan,1,master,sync,3,32GB,0.003,0.02,11.627,1.141
8757,cyclic,bitmapscan,16,master,worker,3,32GB,77.311,77.328,2407.967,1045.292
8758,cyclic,bitmapscan,1,prefetch-complex,io_uring,3,32GB,0.316,0.332,44.738,7.136
8759,cyclic,indexscan,64,prefetch-complex,worker,3,32GB,5.396,5.414,309.71,168.555
8760,cyclic,bitmapscan,1,master,worker,12,32GB,97.311,97.328,5559.978,1339.683
8761,cyclic,indexscan,0,prefetch-simple,worker,3,32GB,37.311,37.328,2523.98,1132.853
8762,cyclic,indexscan,1,prefetch-complex,sync,3,32GB,0.014,0.032,16.596,1.625
8763,cyclic,indexscan,16,prefetch-complex,worker,3,32GB,0.014,0.03,6.408,1.604
8764,cyclic,indexscan,0,master,sync,3,32GB,0.095,0.112,33.46,3.787
8765,cyclic,indexscan,16,prefetch-complex,worker,12,32GB,0.064,0.08,10.216,2.996
8766,cyclic,indexscan,16,prefetch-complex,worker,3,32GB,0.475,0.492,36.868,14.262
8767,cyclic,bitmapscan,16,prefetch-simple,worker,12,32GB,1.6,1.616,56.496,24.51
8768,cyclic,indexscan,64,prefetch-complex,sync,3,32GB,47.311,47.328,2645.307,1448.178
8769,cyclic,indexscan,16,master,sync,3,32GB,1.6,1.618,159.652,51.433
8770,cyclic,bitmapscan,1,prefetch-complex,worker,3,32GB,0.02,0.038,12.759,1.643
8771,cyclic,indexscan,64,prefetch-complex,sync,3,32GB,0.002,0.02,4.614,1.268
8772,cyclic,indexscan,16,prefetch-complex,worker,12,32GB,1.599,1.616,104.022,51.068
8773,cyclic,indexscan,16,prefetch-simple,worker,12,32GB,57.311,57.328,2881.406,1707.167
8774,cyclic,indexscan,16,master,worker,12,32GB,1.6,1.618,154.516,50.549
8775,cyclic,indexscan,64,prefetch-complex,io_uring,3,32GB,57.31,57.326,3281.275,1760.716
8776,cyclic,bitmapscan,1,master,worker,12,32GB,1.067,1.084,124.343,17.413
8777,cyclic,bitmapscan,1,prefetch-simple,sync,3,32GB,0.003,0.02,10.77,1.172
8778,cyclic,bitmapscan,0,prefetch-complex,worker,12,32GB,0.095,0.112,20.629,3.7
8779,cyclic,indexscan,64,master,worker,3,32GB,0.014,0.032,12.321,1.462
8780,cyclic,indexscan,16,prefetch-simple,io_uring,3,32GB,47.311,47.328,2353.171,1428.897
8781,cyclic,indexscan,0,prefetch-complex,sync,3,32GB,12.139,12.156,899.456,381.738
8782,cyclic,bitmapscan,64,master,sync,3,32GB,67.311,67.328,2068.333,920.44
8783,cyclic,bitmapscan,16,master,io_uring,3,32GB,97.311,97.328,3068.541,1333.445
8784,cyclic,indexscan,64,prefetch-simple,io_uring,3,32GB,0.01,0.028,6.272,1.374
8785,cyclic,indexscan,16,prefetch-complex,io_uring,3,32GB,0.004,0.022,4.226,1.427
8786,cyclic,bitmapscan,0,prefetch-simple,io_uring,3,32GB,67.311,67.328,3798.355,947.327
8787,cyclic,bitmapscan,0,master,io_uring,3,32GB,0.063,0.08,12.914,2.324
8788,cyclic,indexscan,0,prefetch-simple,sync,3,32GB,97.311,97.328,6403.649,2948.551
8789,cyclic,indexscan,1,prefetch-complex,sync,3,32GB,0.007,0.024,11.852,1.403
8790,cyclic,bitmapscan,1,prefetch-complex,sync,3,32GB,0.064,0.082,15.208,2.538
8791,cyclic,bitmapscan,64,master,worker,12,32GB,18.208,18.226,521.25,256.911
8792,cyclic,bitmapscan,64,prefetch-simple,worker,3,32GB,87.311,87.328,2731.658,1237.447
8793,cyclic,bitmapscan,16,prefetch-complex,worker,12,32GB,2.399,2.416,103.798,39.861
8794,cyclic,indexscan,1,prefetch-simple,io_uring,3,32GB,87.311,87.328,17499.942,2633.782
8795,cyclic,bitmapscan,0,prefetch-complex,sync,3,32GB,1.066,1.084,103.235,18.955
8796,cyclic,indexscan,64,prefetch-simple,io_uring,3,32GB,5.395,5.412,290.039,166.334
8797,cyclic,indexscan,16,prefetch-simple,worker,12,32GB,0.004,0.02,4.43,1.217
8798,cyclic,bitmapscan,1,master,worker,3,32GB,0.475,0.492,53.179,8.718
8799,cyclic,bitmapscan,64,prefetch-complex,io_uring,3,32GB,0.003,0.02,3.898,1.356
8800,cyclic,indexscan,1,prefetch-complex,io_uring,3,32GB,0.004,0.02,24.778,1.307
8801,cyclic,bitmapscan,0,prefetch-simple,sync,3,32GB,0.002,0.018,7.392,1.169
8802,cyclic,indexscan,16,prefetch-simple,io_uring,3,32GB,87.311,87.328,4414.935,2636.397
8803,cyclic,indexscan,0,prefetch-complex,worker,3,32GB,1.599,1.616,164.259,53.965
8804,cyclic,bitmapscan,1,prefetch-complex,worker,3,32GB,3.598,3.616,264.87,55.798
8805,cyclic,indexscan,16,master,worker,3,32GB,97.311,97.328,6295.613,2932.378
8806,cyclic,indexscan,64,master,sync,3,32GB,8.093,8.11,579.007,247.506
8807,cyclic,bitmapscan,64,prefetch-complex,worker,3,32GB,5.396,5.412,195.001,85.041
8808,cyclic,bitmapscan,64,prefetch-simple,io_uring,3,32GB,0.004,0.02,3.801,1.204
8809,cyclic,bitmapscan,1,master,io_uring,3,32GB,0.142,0.16,41.478,3.766
8810,cyclic,indexscan,1,prefetch-complex,sync,3,32GB,0.02,0.038,28.974,1.809
8811,cyclic,bitmapscan,16,master,worker,3,32GB,0.212,0.228,9.653,5.074
8812,cyclic,bitmapscan,16,prefetch-simple,worker,3,32GB,97.311,97.328,3041.75,1337.384
8813,cyclic,bitmapscan,16,prefetch-simple,sync,3,32GB,0.142,0.16,11.144,3.755
8814,cyclic,indexscan,0,prefetch-simple,sync,3,32GB,0.142,0.16,58.04,5.167
8815,cyclic,indexscan,16,prefetch-complex,worker,3,32GB,97.311,97.328,5204.43,3023.963
8816,cyclic,indexscan,0,prefetch-simple,worker,12,32GB,12.139,12.156,881.069,378.195
8817,cyclic,indexscan,16,prefetch-complex,worker,12,32GB,0.142,0.158,17.21,5.194
8818,cyclic,bitmapscan,0,master,worker,3,32GB,0.02,0.038,10.933,1.508
8819,cyclic,bitmapscan,1,prefetch-simple,worker,3,32GB,0.02,0.038,11.344,1.521
8820,cyclic,bitmapscan,0,prefetch-simple,worker,12,32GB,0.02,0.038,9.188,1.54
8821,cyclic,bitmapscan,16,prefetch-simple,io_uring,3,32GB,12.139,12.156,322.554,173.305
8822,cyclic,bitmapscan,1,prefetch-simple,io_uring,3,32GB,27.31,27.326,1616.187,400.683
8823,cyclic,bitmapscan,64,master,sync,3,32GB,87.311,87.328,2727.994,1197.185
8824,cyclic,indexscan,0,prefetch-complex,worker,3,32GB,0.014,0.03,11.431,1.685
8825,cyclic,indexscan,1,master,io_uring,3,32GB,0.064,0.08,26.639,3.033
8826,cyclic,indexscan,16,master,worker,12,32GB,0.064,0.082,22.85,2.895
8827,cyclic,bitmapscan,1,master,worker,3,32GB,0.095,0.112,44.882,2.967
8828,cyclic,bitmapscan,64,prefetch-simple,sync,3,32GB,12.139,12.156,371.299,172.775
8829,cyclic,bitmapscan,64,master,io_uring,3,32GB,0.01,0.026,22.304,1.295
8830,cyclic,bitmapscan,0,prefetch-complex,worker,12,32GB,0.01,0.026,8.039,1.45
8831,cyclic,indexscan,1,prefetch-complex,io_uring,3,32GB,0.212,0.23,70.369,8.904
8832,cyclic,bitmapscan,16,master,worker,12,32GB,57.311,57.328,2123.833,785.546
8833,cyclic,indexscan,1,prefetch-simple,sync,3,32GB,0.317,0.334,90.623,10.252
8834,cyclic,indexscan,0,prefetch-complex,io_uring,3,32GB,5.396,5.412,437.743,173.08
8835,cyclic,indexscan,0,prefetch-complex,worker,12,32GB,3.598,3.616,446.561,117.281
8836,cyclic,bitmapscan,1,prefetch-complex,sync,3,32GB,8.093,8.11,728.021,123.586
8837,cyclic,indexscan,16,prefetch-simple,worker,3,32GB,0.005,0.022,4.675,1.265
8838,cyclic,indexscan,0,prefetch-simple,sync,3,32GB,0.007,0.024,17.432,1.294
8839,cyclic,indexscan,64,master,worker,12,32GB,1.066,1.084,108.196,34.036
8840,cyclic,indexscan,0,master,worker,3,32GB,0.029,0.046,22.981,1.963
8841,cyclic,bitmapscan,64,master,io_uring,3,32GB,0.007,0.024,4.109,1.218
8842,cyclic,indexscan,0,prefetch-simple,sync,3,32GB,0.712,0.73,80.362,21.983
8843,cyclic,bitmapscan,64,master,io_uring,3,32GB,0.043,0.06,5.095,1.949
8844,cyclic,bitmapscan,16,master,worker,12,32GB,0.028,0.044,4.531,1.602
8845,cyclic,indexscan,16,prefetch-complex,worker,3,32GB,1.066,1.084,71.982,34.466
8846,cyclic,bitmapscan,16,master,io_uring,3,32GB,0.212,0.23,13.716,4.835
8847,cyclic,bitmapscan,0,prefetch-simple,worker,3,32GB,5.395,5.412,360.293,80.896
8848,cyclic,bitmapscan,16,prefetch-complex,worker,12,32GB,87.311,87.328,2888.225,1294.329
8849,cyclic,bitmapscan,0,master,worker,12,32GB,0.315,0.332,38.217,7.066
8850,cyclic,bitmapscan,16,prefetch-simple,worker,3,32GB,0.142,0.158,16.561,3.62
8851,cyclic,bitmapscan,16,prefetch-complex,io_uring,3,32GB,27.311,27.328,757.742,416.875
8852,cyclic,bitmapscan,64,prefetch-simple,io_uring,3,32GB,67.311,67.328,2156.858,927.813
8853,cyclic,bitmapscan,0,prefetch-simple,worker,12,32GB,0.029,0.046,9.984,1.735
8854,cyclic,indexscan,64,master,worker,3,32GB,0.475,0.492,95.87,14.931
8855,cyclic,bitmapscan,1,prefetch-complex,worker,12,32GB,47.311,47.328,2853.936,705.952
8856,cyclic,indexscan,0,master,worker,3,32GB,0.095,0.112,26.987,3.726
8857,cyclic,bitmapscan,1,prefetch-complex,sync,3,32GB,0.317,0.334,39.827,7.07
8858,cyclic,indexscan,16,prefetch-complex,worker,12,32GB,0.712,0.73,59.233,24.911
8859,cyclic,bitmapscan,64,prefetch-simple,worker,12,32GB,67.311,67.328,2061.933,914.94
8860,cyclic,indexscan,0,prefetch-simple,sync,3,32GB,1.6,1.616,161.574,51.583
8861,cyclic,indexscan,64,prefetch-simple,sync,3,32GB,87.311,87.328,4382.407,2622.465
8862,cyclic,indexscan,1,master,sync,3,32GB,27.311,27.328,1886.846,831.095
8863,cyclic,bitmapscan,0,prefetch-complex,io_uring,3,32GB,1.067,1.084,103.809,19.21
8864,cyclic,bitmapscan,64,master,worker,3,32GB,0.711,0.728,44.147,12.27
8865,cyclic,indexscan,16,master,worker,3,32GB,12.139,12.156,828.264,370.911
8866,cyclic,indexscan,16,master,io_uring,3,32GB,8.093,8.11,615.035,253.458
8867,cyclic,indexscan,64,prefetch-simple,worker,12,32GB,12.139,12.156,882.065,370.426
8868,cyclic,indexscan,64,prefetch-simple,worker,12,32GB,0.063,0.08,10.546,2.784
8869,cyclic,indexscan,64,prefetch-simple,worker,12,32GB,0.002,0.02,3.985,1.17
8870,cyclic,indexscan,16,master,worker,3,32GB,1.6,1.618,169.944,51.516
8871,cyclic,bitmapscan,16,prefetch-simple,io_uring,3,32GB,87.311,87.328,2716.475,1228.11
8872,cyclic,indexscan,64,prefetch-complex,worker,12,32GB,5.395,5.412,334.955,168.41
8873,cyclic,indexscan,64,master,worker,12,32GB,0.095,0.112,28.004,3.726
8874,cyclic,bitmapscan,64,prefetch-complex,worker,3,32GB,0.475,0.492,19.924,9.531
8875,cyclic,bitmapscan,16,master,worker,12,32GB,18.208,18.226,504.352,258.31
8876,cyclic,bitmapscan,1,master,worker,12,32GB,0.712,0.728,84.454,12.763
8877,cyclic,indexscan,0,prefetch-simple,worker,3,32GB,0.141,0.158,30.184,5.113
8878,cyclic,indexscan,16,prefetch-simple,sync,3,32GB,0.005,0.022,4.328,1.219
8879,cyclic,indexscan,0,prefetch-complex,io_uring,3,32GB,0.004,0.022,9.187,1.367
8880,cyclic,indexscan,64,prefetch-complex,worker,12,32GB,0.01,0.026,5.03,1.496
8881,cyclic,indexscan,1,master,worker,3,32GB,27.311,27.328,1811.105,822.864
8882,cyclic,bitmapscan,16,master,worker,12,32GB,0.475,0.492,18.852,8.913
8883,cyclic,indexscan,0,prefetch-simple,io_uring,3,32GB,0.064,0.082,23.619,2.896
8884,cyclic,bitmapscan,64,prefetch-simple,worker,12,32GB,0.004,0.022,3.604,1.227
8885,cyclic,indexscan,16,prefetch-complex,worker,12,32GB,0.475,0.492,51.012,14.843
8886,cyclic,bitmapscan,0,prefetch-simple,io_uring,3,32GB,0.094,0.112,14.59,3.034
8887,cyclic,indexscan,1,prefetch-simple,worker,12,32GB,18.208,18.224,3818.643,553.056
8888,cyclic,indexscan,1,master,io_uring,3,32GB,37.311,37.328,2936.397,1137.274
8889,cyclic,indexscan,0,master,sync,3,32GB,18.208,18.226,1283.476,558.971
8890,cyclic,indexscan,16,prefetch-simple,worker,3,32GB,0.043,0.06,15.638,2.398
8891,cyclic,indexscan,64,prefetch-complex,io_uring,3,32GB,3.598,3.614,250.619,114.561
8892,cyclic,indexscan,0,master,worker,3,32GB,0.02,0.036,15.456,1.624
8893,cyclic,indexscan,0,prefetch-complex,worker,3,32GB,0.003,0.02,8.965,1.317
8894,cyclic,indexscan,1,prefetch-simple,sync,3,32GB,0.004,0.02,16.128,1.165
8895,cyclic,indexscan,64,prefetch-simple,io_uring,3,32GB,0.212,0.23,20.851,6.849
8896,cyclic,indexscan,1,prefetch-simple,worker,12,32GB,0.014,0.03,15.183,1.457
8897,cyclic,indexscan,1,prefetch-simple,io_uring,3,32GB,47.311,47.328,9570.375,1456.314
8898,cyclic,bitmapscan,0,master,worker,3,32GB,0.475,0.492,57.789,9.121
8899,cyclic,bitmapscan,64,prefetch-simple,worker,3,32GB,0.212,0.23,20.957,4.913
8900,cyclic,indexscan,0,master,worker,3,32GB,0.005,0.022,10.806,1.228
8901,cyclic,bitmapscan,0,prefetch-complex,sync,3,32GB,0.711,0.728,70.999,13.464
8902,cyclic,bitmapscan,16,master,worker,3,32GB,97.311,97.328,3051.304,1326.226
8903,cyclic,indexscan,64,master,worker,12,32GB,77.311,77.328,5038.8,2341.887
8904,cyclic,indexscan,0,prefetch-simple,worker,12,32GB,0.212,0.228,42.936,7.261
8905,cyclic,bitmapscan,64,master,worker,3,32GB,67.311,67.328,2066.402,930.237
8906,cyclic,indexscan,0,master,worker,12,32GB,2.399,2.416,208.196,75.961
8907,cyclic,indexscan,64,master,sync,3,32GB,0.014,0.03,11.481,1.484
8908,cyclic,indexscan,16,prefetch-complex,worker,12,32GB,0.007,0.024,6.87,1.429
8909,cyclic,indexscan,64,master,worker,12,32GB,57.31,57.326,3806.081,1729.987
8910,cyclic,indexscan,1,prefetch-complex,sync,3,32GB,8.093,8.11,1702.589,253.83
8911,cyclic,indexscan,16,master,sync,3,32GB,0.317,0.334,47.372,10.237
8912,cyclic,indexscan,64,prefetch-complex,sync,3,32GB,0.005,0.022,4.329,1.366
8913,cyclic,bitmapscan,16,prefetch-complex,sync,3,32GB,2.398,2.414,93.552,37.929
8914,cyclic,bitmapscan,0,prefetch-complex,worker,12,32GB,47.311,47.328,2812.641,724.514
8915,cyclic,indexscan,0,prefetch-complex,worker,12,32GB,2.398,2.414,206.653,77.409
8916,cyclic,indexscan,1,prefetch-simple,io_uring,3,32GB,5.396,5.414,1118.605,164.061
8917,cyclic,bitmapscan,1,prefetch-complex,worker,12,32GB,0.004,0.02,9.688,1.404
8918,cyclic,bitmapscan,64,master,io_uring,3,32GB,77.311,77.328,2394.635,1045.021
8919,cyclic,bitmapscan,1,prefetch-simple,sync,3,32GB,97.311,97.328,5554.185,1332.248
8920,cyclic,bitmapscan,0,master,io_uring,3,32GB,8.093,8.11,501.618,118.476
8921,cyclic,bitmapscan,16,prefetch-simple,worker,12,32GB,0.475,0.492,18.915,8.803
8922,cyclic,indexscan,16,master,sync,3,32GB,97.311,97.328,6297.174,2927.179
8923,cyclic,indexscan,16,prefetch-simple,worker,3,32GB,27.311,27.328,1404.744,822.721
8924,cyclic,indexscan,64,prefetch-simple,sync,3,32GB,0.094,0.112,13.151,3.731
8925,cyclic,indexscan,64,prefetch-complex,worker,3,32GB,0.095,0.112,39.867,4.295
8926,cyclic,bitmapscan,64,prefetch-complex,io_uring,3,32GB,57.311,57.328,1756.358,858.309
8927,cyclic,indexscan,16,prefetch-complex,worker,12,32GB,18.208,18.224,991.834,560.273
8928,cyclic,bitmapscan,0,master,sync,3,32GB,2.398,2.416,179.345,36.694
8929,cyclic,indexscan,16,master,sync,3,32GB,1.067,1.084,113.97,34.236
8930,cyclic,bitmapscan,16,prefetch-complex,io_uring,3,32GB,12.138,12.154,356.761,186.695
8931,cyclic,indexscan,1,prefetch-simple,io_uring,3,32GB,1.6,1.618,382.968,50.802
8932,cyclic,indexscan,16,prefetch-complex,worker,12,32GB,5.396,5.414,304.398,169.849
8933,cyclic,indexscan,16,prefetch-complex,io_uring,3,32GB,18.208,18.226,968.101,569.54
8934,cyclic,indexscan,64,prefetch-simple,worker,12,32GB,5.396,5.412,302.508,167.631
8935,cyclic,bitmapscan,16,prefetch-simple,worker,12,32GB,0.142,0.158,7.657,3.673
8936,cyclic,bitmapscan,64,prefetch-simple,sync,3,32GB,47.31,47.328,1371.361,654.218
8937,cyclic,bitmapscan,1,master,worker,3,32GB,18.208,18.226,1162.49,258.618
8938,cyclic,indexscan,1,prefetch-simple,sync,3,32GB,0.004,0.02,11.612,1.172
8939,cyclic,indexscan,64,master,worker,3,32GB,0.004,0.02,11.114,1.147
8940,cyclic,indexscan,16,master,worker,12,32GB,2.399,2.416,193.006,75.517
8941,cyclic,indexscan,0,prefetch-simple,sync,3,32GB,77.311,77.328,5131.905,2343.397
8942,cyclic,indexscan,16,master,sync,3,32GB,0.475,0.492,64.703,15.133
8943,cyclic,bitmapscan,1,master,sync,3,32GB,3.598,3.616,274.402,52.398
8944,cyclic,indexscan,16,master,worker,3,32GB,2.399,2.416,229.692,76.337
8945,cyclic,bitmapscan,16,prefetch-complex,worker,12,32GB,12.138,12.154,351.236,188.174
8946,cyclic,bitmapscan,1,prefetch-complex,worker,12,32GB,0.142,0.16,20.275,4.17
8947,cyclic,bitmapscan,64,prefetch-simple,io_uring,3,32GB,37.311,37.328,1050.852,518.994
8948,cyclic,indexscan,0,prefetch-simple,io_uring,3,32GB,97.311,97.328,6573.668,2970.696
8949,cyclic,indexscan,64,prefetch-simple,io_uring,3,32GB,47.311,47.328,2424.469,1430.404
8950,cyclic,bitmapscan,1,prefetch-complex,worker,12,32GB,0.019,0.036,10.72,1.632
8951,cyclic,indexscan,0,prefetch-simple,sync,3,32GB,0.063,0.08,25.89,2.944
8952,cyclic,bitmapscan,16,master,worker,12,32GB,2.399,2.416,78.752,36.152
8953,cyclic,bitmapscan,64,prefetch-simple,io_uring,3,32GB,0.014,0.032,4.386,1.594
8954,cyclic,indexscan,16,prefetch-simple,worker,3,32GB,47.311,47.328,2374.777,1429.768
8955,cyclic,bitmapscan,1,master,worker,3,32GB,0.005,0.022,9.867,1.182
8956,cyclic,bitmapscan,1,prefetch-simple,worker,12,32GB,47.311,47.328,2797.622,648.63
8957,cyclic,bitmapscan,64,master,worker,3,32GB,77.311,77.328,2365.712,1053.117
8958,cyclic,bitmapscan,1,prefetch-simple,io_uring,3,32GB,0.003,0.02,9.439,1.196
8959,cyclic,bitmapscan,0,master,worker,12,32GB,0.007,0.024,7.795,1.226
8960,cyclic,indexscan,64,prefetch-simple,worker,12,32GB,67.311,67.328,3452.991,2027.117
8961,cyclic,indexscan,16,prefetch-simple,sync,3,32GB,0.014,0.032,5.685,1.475
8962,cyclic,indexscan,16,prefetch-complex,sync,3,32GB,18.208,18.226,999.905,560.107
8963,cyclic,bitmapscan,0,prefetch-complex,worker,3,32GB,27.311,27.328,1824.036,473.578
8964,cyclic,bitmapscan,16,prefetch-complex,io_uring,3,32GB,0.212,0.23,9.898,5.461
8965,cyclic,indexscan,64,prefetch-complex,io_uring,3,32GB,0.014,0.03,7.518,1.71
8966,cyclic,indexscan,64,prefetch-simple,io_uring,3,32GB,0.014,0.032,5.879,1.44
8967,cyclic,indexscan,16,master,io_uring,3,32GB,0.043,0.06,20.354,2.259
8968,cyclic,indexscan,0,master,sync,3,32GB,0.004,0.02,9.366,1.131
8969,cyclic,bitmapscan,16,prefetch-complex,worker,3,32GB,2.399,2.416,107.163,38.342
8970,cyclic,indexscan,0,prefetch-simple,io_uring,3,32GB,47.311,47.328,3168.403,1446.813
8971,cyclic,bitmapscan,16,master,worker,3,32GB,0.007,0.024,22.772,1.258
8972,cyclic,bitmapscan,16,master,worker,12,32GB,0.003,0.02,6.153,1.189
8973,cyclic,bitmapscan,1,prefetch-simple,sync,3,32GB,57.311,57.328,4482.162,781.82
8974,cyclic,indexscan,1,prefetch-complex,io_uring,3,32GB,1.067,1.084,274.098,34.594
8975,cyclic,bitmapscan,0,prefetch-simple,io_uring,3,32GB,0.007,0.024,7.543,1.272
8976,cyclic,bitmapscan,0,prefetch-complex,io_uring,3,32GB,0.475,0.492,51.414,9.701
8977,cyclic,bitmapscan,1,master,worker,3,32GB,2.399,2.416,218.279,34.911
8978,cyclic,indexscan,1,prefetch-simple,sync,3,32GB,0.064,0.08,33.486,2.847
8979,cyclic,bitmapscan,16,prefetch-complex,worker,12,32GB,0.095,0.112,6.558,3.113
8980,cyclic,indexscan,0,prefetch-complex,worker,12,32GB,0.002,0.018,12.38,1.256
8981,cyclic,bitmapscan,0,prefetch-simple,worker,12,32GB,97.311,97.328,5620.43,1361.959
8982,cyclic,indexscan,16,master,io_uring,3,32GB,27.311,27.328,1857.725,833.492
8983,cyclic,indexscan,16,prefetch-complex,worker,3,32GB,0.029,0.046,7.706,2.09
8984,cyclic,indexscan,64,master,sync,3,32GB,0.475,0.492,70.457,14.993
8985,cyclic,bitmapscan,64,prefetch-simple,sync,3,32GB,27.311,27.328,800.782,389.256
8986,cyclic,indexscan,16,prefetch-simple,worker,12,32GB,0.001,0.018,3.633,1.1
8987,cyclic,indexscan,1,prefetch-simple,sync,3,32GB,0.475,0.492,152.291,15.399
8988,cyclic,indexscan,64,prefetch-complex,worker,3,32GB,3.597,3.614,218.483,113.435
8989,cyclic,bitmapscan,16,prefetch-complex,io_uring,3,32GB,0.006,0.022,3.915,1.369
8990,cyclic,bitmapscan,1,prefetch-simple,worker,12,32GB,12.139,12.156,738.569,173.418
8991,cyclic,bitmapscan,0,master,sync,3,32GB,37.311,37.328,2264.002,551.593
8992,cyclic,indexscan,64,prefetch-complex,worker,3,32GB,12.139,12.156,690.938,380.75
8993,cyclic,bitmapscan,0,prefetch-complex,sync,3,32GB,87.311,87.328,5023.513,1329.662
8994,cyclic,bitmapscan,1,prefetch-complex,worker,12,32GB,3.598,3.616,277.584,56.952
8995,cyclic,indexscan,0,master,sync,3,32GB,0.317,0.334,48.923,9.842
8996,cyclic,bitmapscan,0,prefetch-simple,io_uring,3,32GB,47.311,47.328,2580.746,681.526
8997,cyclic,indexscan,1,master,io_uring,3,32GB,87.311,87.328,5711.096,2629.597
8998,cyclic,bitmapscan,64,master,io_uring,3,32GB,37.311,37.328,1083.861,521.941
8999,cyclic,bitmapscan,1,master,sync,3,32GB,0.01,0.026,10.284,1.352
9000,cyclic,indexscan,0,master,worker,3,32GB,77.311,77.328,5091.514,2347.476
9001,cyclic,bitmapscan,16,prefetch-simple,io_uring,3,32GB,0.014,0.03,4.127,1.396
9002,cyclic,indexscan,1,prefetch-simple,worker,12,32GB,0.095,0.112,42.503,3.803
9003,cyclic,indexscan,0,prefetch-complex,sync,3,32GB,5.395,5.412,422.896,170.929
9004,cyclic,bitmapscan,64,master,worker,12,32GB,0.01,0.026,107.05,1.407
9005,cyclic,bitmapscan,1,prefetch-complex,worker,3,32GB,1.6,1.616,266.932,26.395
9006,cyclic,indexscan,16,prefetch-complex,worker,3,32GB,87.311,87.328,4641.215,2677.794
9007,cyclic,indexscan,64,prefetch-complex,worker,12,32GB,97.311,97.328,5835.257,3004.254
9008,cyclic,indexscan,64,master,io_uring,3,32GB,0.317,0.334,53.567,10.259
9009,cyclic,indexscan,0,master,sync,3,32GB,0.002,0.02,7.752,1.108
9010,cyclic,indexscan,1,prefetch-complex,sync,3,32GB,0.095,0.112,45.019,3.949
9011,cyclic,bitmapscan,0,prefetch-complex,worker,3,32GB,67.311,67.328,3930.039,1074.222
9012,cyclic,bitmapscan,0,master,sync,3,32GB,12.139,12.156,742.358,209.357
9013,cyclic,indexscan,16,prefetch-simple,sync,3,32GB,97.311,97.328,4874.028,2929.885
9014,cyclic,indexscan,0,prefetch-complex,worker,12,32GB,0.064,0.08,23.987,2.991
9015,cyclic,bitmapscan,64,prefetch-simple,worker,12,32GB,0.014,0.03,4.207,1.395
9016,cyclic,indexscan,16,prefetch-simple,io_uring,3,32GB,0.317,0.334,25.021,9.181
9017,cyclic,bitmapscan,1,prefetch-complex,worker,3,32GB,87.311,87.328,5997.566,1272.077
9018,cyclic,indexscan,16,master,worker,12,32GB,0.014,0.032,13.43,1.462
9019,cyclic,bitmapscan,16,prefetch-complex,io_uring,3,32GB,87.311,87.328,2870.933,1274.86
9020,cyclic,bitmapscan,0,prefetch-simple,worker,12,32GB,0.01,0.026,10.06,1.313
9021,cyclic,indexscan,64,prefetch-simple,worker,12,32GB,0.005,0.022,4.885,1.218
9022,cyclic,indexscan,0,master,worker,3,32GB,97.311,97.328,6292.426,2958.275
9023,cyclic,indexscan,64,master,sync,3,32GB,67.311,67.328,4417.543,2027.842
9024,cyclic,bitmapscan,16,prefetch-simple,sync,3,32GB,12.139,12.156,388.423,174.98
9025,cyclic,bitmapscan,16,master,io_uring,3,32GB,0.004,0.02,4.049,1.205
9026,cyclic,indexscan,64,prefetch-complex,io_uring,3,32GB,1.6,1.616,129.272,51.953
9027,cyclic,bitmapscan,1,master,sync,3,32GB,5.396,5.414,415.191,79.678
9028,cyclic,indexscan,64,prefetch-simple,io_uring,3,32GB,0.005,0.022,22.292,1.281
9029,cyclic,bitmapscan,0,prefetch-complex,sync,3,32GB,57.311,57.328,3640.163,883.064
9030,cyclic,bitmapscan,1,prefetch-complex,worker,3,32GB,0.317,0.334,43.625,7.004
9031,cyclic,indexscan,16,master,sync,3,32GB,0.212,0.23,64.294,7.178
9032,cyclic,bitmapscan,0,prefetch-simple,worker,3,32GB,0.014,0.03,8.044,1.399
9033,cyclic,bitmapscan,1,prefetch-complex,worker,12,32GB,67.311,67.328,4242.712,1004.062
9034,cyclic,indexscan,64,prefetch-complex,worker,12,32GB,0.007,0.024,36.032,1.469
9035,cyclic,bitmapscan,0,prefetch-simple,worker,3,32GB,0.475,0.492,65.152,8.939
9036,cyclic,bitmapscan,1,master,io_uring,3,32GB,8.093,8.11,527.243,113.861
9037,cyclic,bitmapscan,1,prefetch-simple,io_uring,3,32GB,0.002,0.02,10.349,1.161
9038,cyclic,bitmapscan,1,prefetch-complex,worker,3,32GB,67.311,67.328,3879.817,994.007
9039,cyclic,bitmapscan,1,prefetch-complex,sync,3,32GB,87.311,87.328,5437.56,1315.141
9040,cyclic,indexscan,64,master,io_uring,3,32GB,0.095,0.112,33.437,3.831
9041,cyclic,bitmapscan,0,prefetch-simple,io_uring,3,32GB,12.139,12.156,755.461,179.661
9042,cyclic,indexscan,64,master,io_uring,3,32GB,0.002,0.018,8.003,1.103
9043,cyclic,bitmapscan,1,prefetch-simple,worker,3,32GB,5.396,5.414,385.782,79.019
9044,cyclic,bitmapscan,1,prefetch-simple,worker,12,32GB,0.064,0.08,20.58,2.29
9045,cyclic,bitmapscan,0,master,io_uring,3,32GB,0.003,0.02,8.187,1.146
9046,cyclic,bitmapscan,16,prefetch-simple,io_uring,3,32GB,0.475,0.492,21.254,8.825
9047,cyclic,bitmapscan,16,master,io_uring,3,32GB,0.064,0.082,5.285,2.262
9048,cyclic,indexscan,0,prefetch-simple,sync,3,32GB,87.311,87.328,5902.428,2684.842
9049,cyclic,indexscan,64,prefetch-simple,worker,3,32GB,67.311,67.328,3646.456,2018.034
9050,cyclic,bitmapscan,64,prefetch-complex,worker,3,32GB,0.002,0.018,13.262,1.361
9051,cyclic,bitmapscan,1,prefetch-complex,worker,12,32GB,0.043,0.06,14.412,2.108
9052,cyclic,indexscan,64,prefetch-simple,worker,12,32GB,97.311,97.328,4850.028,2929.121
9053,cyclic,indexscan,64,prefetch-complex,worker,3,32GB,0.064,0.08,17.517,2.993
9054,cyclic,indexscan,1,master,worker,3,32GB,0.028,0.046,19.381,1.879
9055,cyclic,bitmapscan,64,prefetch-complex,worker,12,32GB,97.311,97.328,3161.03,1430.525
9056,cyclic,bitmapscan,0,prefetch-simple,sync,3,32GB,97.311,97.328,5435.325,1360.737
9057,cyclic,indexscan,0,prefetch-simple,worker,3,32GB,0.064,0.08,21.938,2.991
9058,cyclic,indexscan,1,prefetch-simple,worker,3,32GB,0.002,0.02,11.008,1.166
9059,cyclic,bitmapscan,16,prefetch-complex,worker,3,32GB,1.067,1.084,39.564,18.528
9060,cyclic,bitmapscan,16,master,sync,3,32GB,0.043,0.06,5.071,1.893
9061,cyclic,indexscan,0,master,worker,12,32GB,0.142,0.16,31.093,5.1
9062,cyclic,indexscan,1,master,io_uring,3,32GB,0.317,0.334,49.942,10.346
9063,cyclic,bitmapscan,16,prefetch-complex,sync,3,32GB,0.013,0.03,4.217,1.512
9064,cyclic,bitmapscan,64,prefetch-simple,worker,12,32GB,0.712,0.728,28.137,12.379
9065,cyclic,indexscan,1,prefetch-simple,worker,3,32GB,12.139,12.156,2489,366.313
9066,cyclic,bitmapscan,16,prefetch-complex,io_uring,3,32GB,1.067,1.084,41.745,18.743
9067,cyclic,bitmapscan,64,prefetch-simple,worker,12,32GB,1.067,1.084,38.753,16.901
9068,cyclic,bitmapscan,64,prefetch-complex,worker,3,32GB,2.399,2.416,83.544,40.046
9069,cyclic,bitmapscan,16,prefetch-complex,worker,12,32GB,77.311,77.328,2492.753,1152.062
9070,cyclic,indexscan,64,master,worker,3,32GB,0.317,0.334,47.749,10.112
9071,cyclic,indexscan,1,prefetch-simple,worker,3,32GB,57.311,57.328,11579.692,1734.685
9072,cyclic,indexscan,64,prefetch-simple,worker,12,32GB,0.142,0.16,16.353,4.806
9073,cyclic,bitmapscan,0,master,sync,3,32GB,0.014,0.032,11.048,1.422
9074,cyclic,indexscan,1,prefetch-complex,worker,3,32GB,0.01,0.026,13.133,1.517
9075,cyclic,indexscan,1,prefetch-complex,worker,12,32GB,5.396,5.412,1126.299,168.683
9076,cyclic,indexscan,0,prefetch-complex,io_uring,3,32GB,0.712,0.728,84.547,23.335
9077,cyclic,bitmapscan,1,prefetch-complex,io_uring,3,32GB,0.043,0.06,12.692,2.11
9078,cyclic,bitmapscan,1,prefetch-simple,worker,3,32GB,8.093,8.11,587.777,113.843
9079,cyclic,bitmapscan,0,prefetch-simple,io_uring,3,32GB,0.02,0.038,8.948,1.557
9080,cyclic,indexscan,0,master,io_uring,3,32GB,0.029,0.046,19.538,1.864
9081,cyclic,indexscan,0,prefetch-complex,io_uring,3,32GB,0.141,0.158,31.829,5.193
9082,cyclic,bitmapscan,64,prefetch-complex,worker,3,32GB,0.317,0.334,50.636,7.243
9083,cyclic,bitmapscan,0,master,io_uring,3,32GB,47.311,47.328,2591.884,674.391
9084,cyclic,bitmapscan,16,prefetch-complex,worker,3,32GB,27.311,27.328,767.201,426.528
9085,cyclic,bitmapscan,64,master,sync,3,32GB,0.019,0.036,4.227,1.471
9086,cyclic,indexscan,1,prefetch-complex,io_uring,3,32GB,0.003,0.02,10.365,1.305
9087,cyclic,bitmapscan,16,master,worker,3,32GB,0.004,0.022,3.753,1.168
9088,cyclic,indexscan,16,prefetch-simple,worker,3,32GB,77.311,77.328,3953.284,2317.621
9089,cyclic,bitmapscan,16,prefetch-complex,worker,12,32GB,37.311,37.328,1168.939,562.75
9090,cyclic,bitmapscan,64,prefetch-complex,worker,12,32GB,1.067,1.084,45.199,19.188
9091,cyclic,bitmapscan,16,master,worker,12,32GB,0.142,0.16,7.99,3.588
9092,cyclic,bitmapscan,64,master,worker,3,32GB,8.093,8.11,244.209,113.079
9093,cyclic,bitmapscan,1,prefetch-simple,worker,12,32GB,0.02,0.036,10.751,1.474
9094,cyclic,indexscan,16,master,worker,12,32GB,0.212,0.23,39.069,6.89
9095,cyclic,indexscan,64,prefetch-complex,worker,3,32GB,0.474,0.49,39.316,15.12
9096,cyclic,bitmapscan,16,prefetch-simple,worker,3,32GB,0.002,0.02,3.75,1.198
9097,cyclic,indexscan,1,prefetch-complex,sync,3,32GB,0.003,0.02,10.969,1.427
9098,cyclic,bitmapscan,1,master,worker,12,32GB,87.311,87.328,5096.146,1189.471
9099,cyclic,bitmapscan,64,master,worker,3,32GB,0.475,0.492,19.555,9.186
9100,cyclic,indexscan,16,master,io_uring,3,32GB,12.138,12.156,864.408,373.523
9101,cyclic,bitmapscan,64,prefetch-complex,io_uring,3,32GB,27.311,27.328,830.653,417.745
9102,cyclic,indexscan,16,prefetch-simple,worker,12,32GB,0.014,0.03,5.838,1.474
9103,cyclic,indexscan,1,prefetch-simple,io_uring,3,32GB,18.207,18.224,3700.453,546.952
9104,cyclic,bitmapscan,1,prefetch-simple,worker,12,32GB,18.208,18.224,1145.781,261.704
9105,cyclic,bitmapscan,64,prefetch-simple,worker,3,32GB,67.311,67.328,2071.36,927.189
9106,cyclic,bitmapscan,0,prefetch-complex,worker,3,32GB,0.064,0.082,12.732,2.665
9107,cyclic,bitmapscan,16,master,worker,3,32GB,37.311,37.328,1050.865,515.187
9108,cyclic,bitmapscan,16,prefetch-simple,sync,3,32GB,0.029,0.046,4.621,1.764
9109,cyclic,indexscan,0,prefetch-complex,sync,3,32GB,57.311,57.328,3879.25,1781.359
9110,cyclic,bitmapscan,64,master,io_uring,3,32GB,0.004,0.02,3.933,1.2
9111,cyclic,bitmapscan,0,prefetch-simple,worker,12,32GB,0.005,0.022,7.679,1.301
9112,cyclic,bitmapscan,0,master,sync,3,32GB,0.212,0.228,22.691,4.854
9113,cyclic,bitmapscan,1,prefetch-simple,worker,12,32GB,8.093,8.11,523.215,114.382
9114,cyclic,bitmapscan,64,master,io_uring,3,32GB,0.004,0.02,3.861,1.222
9115,cyclic,bitmapscan,0,master,worker,3,32GB,18.208,18.226,1130.009,268.122
9116,cyclic,indexscan,16,master,io_uring,3,32GB,0.014,0.032,38.788,1.501
9117,cyclic,indexscan,1,master,sync,3,32GB,1.6,1.616,149.633,50.809
9118,cyclic,bitmapscan,64,prefetch-complex,worker,3,32GB,0.007,0.024,4.067,1.426
9119,cyclic,indexscan,0,master,worker,3,32GB,0.003,0.02,8.367,1.148
9120,cyclic,bitmapscan,16,master,io_uring,3,32GB,77.311,77.328,2370.703,1051.442
9121,cyclic,indexscan,16,prefetch-complex,worker,3,32GB,1.6,1.618,106.77,52.101
9122,cyclic,indexscan,1,prefetch-complex,io_uring,3,32GB,5.395,5.412,1133.966,170.026
9123,cyclic,indexscan,16,prefetch-simple,worker,12,32GB,0.212,0.228,22.152,7.251
9124,cyclic,bitmapscan,16,prefetch-simple,worker,12,32GB,5.396,5.414,208.949,78.662
9125,cyclic,bitmapscan,0,master,sync,3,32GB,0.003,0.02,7.36,1.17
9126,cyclic,bitmapscan,64,master,sync,3,32GB,0.004,0.022,3.928,1.175
9127,cyclic,bitmapscan,16,prefetch-complex,sync,3,32GB,0.029,0.046,4.773,1.893
9128,cyclic,bitmapscan,1,prefetch-simple,sync,3,32GB,0.063,0.08,15.241,2.217
9129,cyclic,indexscan,0,prefetch-complex,sync,3,32GB,0.316,0.332,51.864,10.37
9130,cyclic,indexscan,16,prefetch-simple,io_uring,3,32GB,3.598,3.616,194.556,112.496
9131,cyclic,indexscan,0,prefetch-complex,worker,12,32GB,97.311,97.328,6565.585,3004.7
9132,cyclic,indexscan,1,prefetch-simple,worker,3,32GB,0.005,0.022,11.182,1.227
9133,cyclic,bitmapscan,16,prefetch-complex,worker,12,32GB,47.311,47.328,1444.407,709.43
9134,cyclic,indexscan,16,prefetch-complex,worker,3,32GB,57.311,57.328,3053.412,1751.988
9135,cyclic,indexscan,64,prefetch-complex,sync,3,32GB,57.311,57.328,3230.992,1753.907
9136,cyclic,indexscan,16,master,sync,3,32GB,0.003,0.02,8.786,1.189
9137,cyclic,bitmapscan,16,master,worker,3,32GB,1.6,1.618,55.457,24.73
9138,cyclic,bitmapscan,1,master,sync,3,32GB,37.311,37.328,2223.327,517.557
9139,cyclic,bitmapscan,0,prefetch-simple,sync,3,32GB,0.005,0.022,10.625,1.234
9140,cyclic,indexscan,64,prefetch-simple,io_uring,3,32GB,77.311,77.328,5375.305,2330.039
9141,cyclic,bitmapscan,0,prefetch-complex,sync,3,32GB,0.014,0.03,9.87,1.583
9142,cyclic,bitmapscan,1,prefetch-simple,sync,3,32GB,3.598,3.614,253.629,51.943
9143,cyclic,indexscan,1,prefetch-complex,io_uring,3,32GB,0.043,0.06,27.996,2.5
9144,cyclic,indexscan,0,prefetch-simple,sync,3,32GB,0.004,0.022,9.182,1.215
9145,cyclic,indexscan,16,master,worker,3,32GB,8.093,8.11,568.289,246.68
9146,cyclic,bitmapscan,16,prefetch-simple,io_uring,3,32GB,0.142,0.16,9.225,3.864
9147,cyclic,bitmapscan,0,master,sync,3,32GB,0.006,0.024,7.916,1.22
9148,cyclic,indexscan,16,prefetch-complex,sync,3,32GB,0.317,0.334,27.045,9.995
9149,cyclic,indexscan,64,prefetch-simple,worker,12,32GB,87.311,87.328,4421.23,2638.407
9150,cyclic,indexscan,16,prefetch-simple,worker,3,32GB,0.095,0.112,14.071,3.865
9151,cyclic,indexscan,1,prefetch-complex,io_uring,3,32GB,0.712,0.73,186.661,23.5
9152,cyclic,indexscan,1,master,sync,3,32GB,67.311,67.328,4468.223,2039.418
9153,cyclic,indexscan,16,prefetch-complex,worker,3,32GB,18.208,18.224,968.84,572.585
9154,cyclic,bitmapscan,0,prefetch-simple,worker,3,32GB,27.311,27.328,1563.812,394.733
9155,cyclic,bitmapscan,64,master,sync,3,32GB,0.712,0.73,30.016,12.654
9156,cyclic,bitmapscan,16,prefetch-simple,worker,12,32GB,0.095,0.112,6.309,2.859
9157,cyclic,indexscan,16,prefetch-complex,worker,3,32GB,37.311,37.328,1997.89,1169.569
9158,cyclic,indexscan,64,prefetch-simple,worker,3,32GB,2.398,2.414,143.527,75.372
9159,cyclic,bitmapscan,1,prefetch-simple,worker,3,32GB,67.311,67.328,3917.084,929.111
9160,cyclic,indexscan,16,prefetch-complex,worker,3,32GB,5.396,5.414,304.148,170.395
9161,cyclic,bitmapscan,0,prefetch-complex,sync,3,32GB,0.029,0.046,14.452,1.969
9162,cyclic,indexscan,1,prefetch-complex,io_uring,3,32GB,12.139,12.156,2488.757,376.967
9163,cyclic,indexscan,16,master,worker,12,32GB,97.311,97.328,6405.035,2955.388
9164,cyclic,indexscan,1,prefetch-complex,worker,3,32GB,18.208,18.224,3748.618,563.198
9165,cyclic,bitmapscan,1,prefetch-simple,sync,3,32GB,0.005,0.022,10.156,1.222
9166,cyclic,indexscan,0,prefetch-simple,worker,12,32GB,0.043,0.06,65.851,2.352
9167,cyclic,indexscan,64,prefetch-complex,io_uring,3,32GB,0.004,0.02,5.445,1.364
9168,cyclic,indexscan,64,prefetch-complex,sync,3,32GB,0.095,0.112,12.781,4.288
9169,cyclic,indexscan,0,prefetch-simple,io_uring,3,32GB,0.029,0.046,17.316,1.945
9170,cyclic,bitmapscan,16,prefetch-simple,sync,3,32GB,0.005,0.022,3.707,1.172
9171,cyclic,indexscan,0,master,io_uring,3,32GB,0.004,0.02,8.249,1.127
9172,cyclic,bitmapscan,0,prefetch-complex,worker,12,32GB,0.712,0.728,92.436,13.465
9173,cyclic,indexscan,64,prefetch-complex,worker,12,32GB,8.093,8.11,470.252,257.765
9174,cyclic,bitmapscan,1,prefetch-complex,worker,3,32GB,0.212,0.228,24.559,5.312
9175,cyclic,indexscan,16,prefetch-complex,worker,12,32GB,0.029,0.046,7.236,2.038
9176,cyclic,bitmapscan,1,prefetch-complex,worker,12,32GB,0.212,0.23,24.057,5.219
9177,cyclic,bitmapscan,1,prefetch-complex,worker,3,32GB,0.002,0.018,11.481,1.337
9178,cyclic,indexscan,0,master,sync,3,32GB,67.311,67.328,4433.456,2015.69
9179,cyclic,indexscan,64,prefetch-complex,worker,12,32GB,0.142,0.16,15.827,5.172
9180,cyclic,bitmapscan,16,master,io_uring,3,32GB,0.029,0.046,5.467,1.652
9181,cyclic,bitmapscan,0,master,io_uring,3,32GB,0.004,0.022,8.321,1.246
9182,cyclic,indexscan,0,prefetch-complex,worker,3,32GB,0.01,0.026,10.244,1.543
9183,cyclic,bitmapscan,0,master,sync,3,32GB,3.598,3.616,254.135,53.195
9184,cyclic,indexscan,0,prefetch-simple,worker,12,32GB,0.005,0.022,9.966,1.261
9185,cyclic,indexscan,0,master,worker,3,32GB,1.6,1.616,149.499,50.642
9186,cyclic,indexscan,16,prefetch-complex,io_uring,3,32GB,12.139,12.156,688.081,379.39
9187,cyclic,bitmapscan,16,master,worker,12,32GB,0.002,0.02,4.322,1.119
9188,cyclic,bitmapscan,64,prefetch-simple,worker,12,32GB,0.317,0.334,15.498,6.69
9189,cyclic,indexscan,64,master,worker,3,32GB,0.007,0.024,9.217,1.225
9190,cyclic,bitmapscan,1,prefetch-complex,sync,3,32GB,0.007,0.024,9.943,1.372
9191,cyclic,bitmapscan,64,master,worker,12,32GB,0.005,0.022,3.905,1.238
9192,cyclic,indexscan,1,prefetch-complex,io_uring,3,32GB,97.311,97.328,19736.477,2970.405
9193,cyclic,bitmapscan,0,master,io_uring,3,32GB,97.311,97.328,5367.066,1376.582
9194,cyclic,bitmapscan,16,prefetch-simple,worker,3,32GB,12.139,12.156,393.095,179.641
9195,cyclic,bitmapscan,1,master,io_uring,3,32GB,0.02,0.036,10.72,1.518
9196,cyclic,indexscan,1,master,worker,12,32GB,18.208,18.224,1252.501,555.456
9197,cyclic,bitmapscan,1,prefetch-complex,sync,3,32GB,0.029,0.046,17.676,1.975
9198,cyclic,indexscan,64,prefetch-simple,io_uring,3,32GB,18.207,18.224,951.801,570.133
9199,cyclic,indexscan,1,prefetch-simple,worker,12,32GB,12.139,12.156,2506.085,371.919
9200,cyclic,bitmapscan,0,prefetch-complex,sync,3,32GB,0.004,0.022,7.676,1.403
9201,cyclic,bitmapscan,64,prefetch-simple,worker,12,32GB,0.002,0.018,3.621,1.16
9202,cyclic,bitmapscan,0,prefetch-complex,worker,12,32GB,0.063,0.08,11.924,2.577
9203,cyclic,bitmapscan,1,prefetch-simple,worker,12,32GB,27.311,27.328,1706.92,380.486
9204,cyclic,indexscan,0,prefetch-complex,worker,3,32GB,1.066,1.082,115.595,35.112
9205,cyclic,bitmapscan,0,prefetch-complex,io_uring,3,32GB,0.007,0.024,26.329,1.469
9206,cyclic,indexscan,0,master,sync,3,32GB,5.396,5.412,399.427,165.105
9207,cyclic,bitmapscan,0,prefetch-complex,worker,12,32GB,0.142,0.16,19.026,4.165
9208,cyclic,indexscan,0,master,worker,12,32GB,8.093,8.11,566.757,248.717
9209,cyclic,bitmapscan,1,prefetch-complex,sync,3,32GB,0.475,0.492,57.473,9.711
9210,cyclic,bitmapscan,1,prefetch-complex,io_uring,3,32GB,2.399,2.416,227.061,38.874
9211,cyclic,bitmapscan,0,master,worker,12,32GB,67.311,67.328,3924.493,986.229
9212,cyclic,bitmapscan,0,prefetch-simple,worker,3,32GB,37.311,37.328,2233.574,529.506
9213,cyclic,bitmapscan,16,prefetch-simple,worker,12,32GB,57.311,57.328,1704.171,792.575
9214,cyclic,indexscan,1,prefetch-complex,sync,3,32GB,18.208,18.226,3740.602,565.606
9215,cyclic,indexscan,1,prefetch-simple,io_uring,3,32GB,0.004,0.02,11.29,1.241
9216,cyclic,indexscan,1,prefetch-complex,sync,3,32GB,0.004,0.022,11.357,1.332
9217,cyclic,indexscan,0,prefetch-complex,worker,12,32GB,0.004,0.022,8.99,1.383
9218,cyclic,bitmapscan,64,prefetch-simple,sync,3,32GB,0.005,0.022,4.014,1.25
9219,cyclic,bitmapscan,0,master,io_uring,3,32GB,0.475,0.492,74.054,9.146
9220,cyclic,indexscan,0,prefetch-complex,worker,12,32GB,0.01,0.026,9.846,1.564
9221,cyclic,indexscan,1,prefetch-simple,worker,3,32GB,37.311,37.328,7561.704,1116.544
9222,cyclic,bitmapscan,0,master,sync,3,32GB,47.311,47.328,2675.88,674.587
9223,cyclic,bitmapscan,1,prefetch-simple,sync,3,32GB,47.311,47.328,2834.38,658.227
9224,cyclic,bitmapscan,1,prefetch-complex,worker,12,32GB,0.007,0.024,9.526,1.415
9225,cyclic,indexscan,64,master,io_uring,3,32GB,8.093,8.11,574.031,250.995
9226,cyclic,indexscan,64,master,io_uring,3,32GB,1.067,1.084,158.727,33.668
9227,cyclic,indexscan,16,prefetch-complex,worker,12,32GB,67.311,67.328,3576.401,2064.977
9228,cyclic,indexscan,1,master,sync,3,32GB,0.029,0.046,22.264,2.008
9229,cyclic,indexscan,64,prefetch-complex,worker,12,32GB,1.067,1.084,74.53,33.227
9230,cyclic,bitmapscan,0,prefetch-simple,io_uring,3,32GB,0.711,0.728,70.704,12.515
9231,cyclic,bitmapscan,0,prefetch-complex,worker,12,32GB,77.311,77.328,4526.317,1183.724
9232,cyclic,indexscan,1,prefetch-simple,worker,3,32GB,0.712,0.73,182.639,23.54
9233,cyclic,indexscan,64,prefetch-complex,sync,3,32GB,27.311,27.328,1562.015,835.864
9234,cyclic,bitmapscan,1,prefetch-simple,io_uring,3,32GB,0.005,0.022,10.724,1.197
9235,cyclic,bitmapscan,64,prefetch-complex,io_uring,3,32GB,67.311,67.328,2092.307,1005.622
9236,cyclic,indexscan,16,master,sync,3,32GB,0.064,0.082,22.661,3.018
9237,cyclic,bitmapscan,1,master,sync,3,32GB,0.043,0.06,17.144,1.923
9238,cyclic,indexscan,0,prefetch-complex,worker,3,32GB,47.311,47.328,3228.075,1472.726
9239,cyclic,indexscan,16,master,worker,12,32GB,0.712,0.73,82.644,22.524
9240,cyclic,bitmapscan,16,prefetch-simple,sync,3,32GB,0.712,0.728,36.36,12.377
9241,cyclic,indexscan,16,master,worker,12,32GB,0.002,0.018,7.128,1.168
9242,cyclic,indexscan,1,prefetch-simple,sync,3,32GB,0.212,0.23,78.432,7.181
9243,cyclic,indexscan,1,master,sync,3,32GB,0.01,0.026,11.201,1.332
9244,cyclic,bitmapscan,64,prefetch-complex,worker,3,32GB,0.005,0.022,4.039,1.362
9245,cyclic,bitmapscan,0,master,sync,3,32GB,1.599,1.616,129.939,25.315
9246,cyclic,bitmapscan,16,master,sync,3,32GB,37.311,37.328,1058.735,513.622
9247,cyclic,indexscan,16,prefetch-simple,io_uring,3,32GB,0.475,0.492,39.11,15.29
9248,cyclic,bitmapscan,1,prefetch-simple,worker,12,32GB,57.311,57.328,3335.309,787.214
9249,cyclic,bitmapscan,64,prefetch-complex,worker,3,32GB,1.6,1.618,61.981,27.208
9250,cyclic,indexscan,16,prefetch-simple,io_uring,3,32GB,0.142,0.16,15.961,4.948
9251,cyclic,bitmapscan,64,prefetch-simple,worker,12,32GB,0.003,0.02,3.61,1.212
9252,cyclic,bitmapscan,0,master,worker,3,32GB,8.093,8.11,513.957,116.584
9253,cyclic,bitmapscan,16,master,io_uring,3,32GB,67.31,67.328,2079.597,922.253
9254,cyclic,indexscan,64,master,io_uring,3,32GB,47.311,47.328,3198.034,1432.715
9255,cyclic,indexscan,16,prefetch-simple,worker,12,32GB,2.399,2.416,146.299,79.472
9256,cyclic,indexscan,16,prefetch-simple,worker,3,32GB,2.399,2.416,146.069,76.638
9257,cyclic,bitmapscan,64,prefetch-complex,io_uring,3,32GB,97.311,97.328,3183.292,1436.029
9258,cyclic,bitmapscan,1,master,sync,3,32GB,0.004,0.022,11.334,1.178
9259,cyclic,bitmapscan,16,master,worker,3,32GB,0.005,0.022,3.839,1.188
9260,cyclic,indexscan,1,prefetch-simple,worker,3,32GB,0.007,0.024,15.072,1.329
9261,cyclic,bitmapscan,16,prefetch-complex,worker,12,32GB,0.003,0.02,4.218,1.333
9262,cyclic,indexscan,0,prefetch-complex,sync,3,32GB,0.095,0.112,27.706,4.001
9263,cyclic,indexscan,1,prefetch-simple,worker,3,32GB,2.399,2.416,521.94,74.011
9264,cyclic,indexscan,16,prefetch-complex,sync,3,32GB,0.003,0.02,3.95,1.283
9265,cyclic,bitmapscan,16,prefetch-complex,sync,3,32GB,0.003,0.02,4.058,1.318
9266,cyclic,bitmapscan,0,master,worker,12,32GB,0.002,0.02,7.417,1.141
9267,cyclic,bitmapscan,16,prefetch-simple,worker,12,32GB,0.002,0.018,3.7,1.167
9268,cyclic,indexscan,1,prefetch-complex,worker,12,32GB,3.598,3.616,765.757,113.103
9269,cyclic,bitmapscan,1,prefetch-simple,worker,12,32GB,0.212,0.228,23.889,4.77
9270,cyclic,indexscan,1,prefetch-complex,sync,3,32GB,0.029,0.046,22.456,2.142
9271,cyclic,indexscan,0,prefetch-simple,io_uring,3,32GB,77.311,77.328,5092.394,2348.4
9272,cyclic,indexscan,1,prefetch-complex,sync,3,32GB,0.212,0.23,73.002,7.893
9273,cyclic,indexscan,0,prefetch-complex,sync,3,32GB,0.043,0.06,24.473,2.564
9274,cyclic,bitmapscan,64,prefetch-complex,worker,12,32GB,37.311,37.328,1118.605,567.554
9275,cyclic,indexscan,16,master,worker,3,32GB,67.311,67.328,4507.572,2046.901
9276,cyclic,bitmapscan,16,master,sync,3,32GB,0.095,0.112,6.549,2.826
9277,cyclic,bitmapscan,1,prefetch-complex,sync,3,32GB,0.003,0.02,10.553,1.337
9278,cyclic,indexscan,64,master,worker,12,32GB,0.142,0.158,64.968,4.938
9279,cyclic,indexscan,1,prefetch-simple,worker,3,32GB,0.475,0.492,129.67,15.765
9280,cyclic,bitmapscan,64,master,worker,12,32GB,1.6,1.618,70.637,24.366
9281,cyclic,bitmapscan,1,prefetch-complex,sync,3,32GB,0.014,0.03,10.233,1.554
9282,cyclic,indexscan,1,prefetch-simple,worker,3,32GB,0.003,0.02,9.653,1.282
9283,cyclic,indexscan,64,prefetch-complex,io_uring,3,32GB,8.093,8.11,515.618,253.764
9284,cyclic,indexscan,1,master,worker,12,32GB,67.311,67.328,4429.905,2039.485
9285,cyclic,bitmapscan,16,master,sync,3,32GB,0.007,0.024,3.884,1.277
9286,cyclic,bitmapscan,0,prefetch-complex,worker,3,32GB,87.311,87.328,4959.309,1316.515
9287,cyclic,indexscan,1,prefetch-complex,worker,3,32GB,0.212,0.23,91.667,8.108
9288,cyclic,indexscan,0,master,io_uring,3,32GB,18.207,18.224,1237.804,552.348
9289,cyclic,bitmapscan,64,prefetch-simple,worker,3,32GB,8.093,8.11,273.051,114.71
9290,cyclic,bitmapscan,64,prefetch-complex,io_uring,3,32GB,87.311,87.328,2858.194,1311.464
9291,cyclic,indexscan,0,master,sync,3,32GB,57.311,57.328,3825.772,1739.864
9292,cyclic,indexscan,1,prefetch-complex,io_uring,3,32GB,67.311,67.328,13607.243,2092.44
9293,cyclic,indexscan,16,prefetch-simple,io_uring,3,32GB,0.003,0.02,3.836,1.184
9294,cyclic,indexscan,1,prefetch-complex,sync,3,32GB,77.311,77.328,15491.904,2361.722
9295,cyclic,bitmapscan,16,master,worker,12,32GB,0.004,0.022,3.658,1.185
9296,cyclic,indexscan,0,prefetch-simple,sync,3,32GB,0.003,0.02,8,1.172
9297,cyclic,bitmapscan,1,master,worker,12,32GB,0.095,0.112,15.879,2.788
9298,cyclic,indexscan,1,prefetch-complex,worker,3,32GB,2.399,2.416,530.68,75.352
9299,cyclic,indexscan,16,prefetch-complex,io_uring,3,32GB,67.311,67.328,3576.593,2079.058
9300,cyclic,indexscan,64,prefetch-complex,io_uring,3,32GB,0.212,0.228,22.817,7.163
9301,cyclic,indexscan,64,master,sync,3,32GB,37.311,37.328,2484.094,1117.791
9302,cyclic,bitmapscan,0,master,io_uring,3,32GB,57.311,57.328,3168.246,809.313
9303,cyclic,indexscan,16,prefetch-simple,io_uring,3,32GB,0.712,0.728,50.878,21.421
9304,cyclic,bitmapscan,1,master,io_uring,3,32GB,12.139,12.156,834.676,173.764
9305,cyclic,bitmapscan,16,prefetch-simple,io_uring,3,32GB,0.095,0.112,7.297,2.876
9306,cyclic,indexscan,0,prefetch-simple,io_uring,3,32GB,0.212,0.228,39.104,7.485
9307,cyclic,bitmapscan,1,prefetch-simple,sync,3,32GB,0.712,0.73,76.505,12.174
9308,cyclic,indexscan,0,prefetch-simple,worker,12,32GB,37.31,37.328,2492.375,1148.692
9309,cyclic,bitmapscan,1,prefetch-complex,worker,12,32GB,5.396,5.414,362.414,86.555
9310,cyclic,indexscan,0,master,worker,12,32GB,18.208,18.226,1347.792,617.545
9311,cyclic,bitmapscan,64,prefetch-simple,sync,3,32GB,37.311,37.328,1055.741,521.584
9312,cyclic,indexscan,64,prefetch-simple,io_uring,3,32GB,0.142,0.158,15.989,5.077
9313,cyclic,indexscan,16,prefetch-complex,io_uring,3,32GB,8.093,8.11,452.543,253.712
9314,cyclic,bitmapscan,16,master,sync,3,32GB,0.029,0.046,4.592,1.636
9315,cyclic,bitmapscan,64,prefetch-simple,worker,3,32GB,47.31,47.326,1358.199,650.757
9316,cyclic,bitmapscan,0,prefetch-simple,worker,12,32GB,2.399,2.416,219.25,36.146
9317,cyclic,indexscan,16,master,sync,3,32GB,0.014,0.032,12.007,1.444
9318,cyclic,indexscan,64,master,sync,3,32GB,0.01,0.028,10.163,1.357
9319,cyclic,indexscan,16,master,worker,3,32GB,0.142,0.158,30.44,4.971
9320,cyclic,indexscan,0,prefetch-simple,sync,3,32GB,0.01,0.026,10.036,1.335
9321,cyclic,bitmapscan,16,prefetch-complex,worker,3,32GB,0.005,0.022,4.109,1.428
9322,cyclic,indexscan,16,master,sync,3,32GB,0.712,0.73,78.405,23.058
9323,cyclic,bitmapscan,64,prefetch-simple,io_uring,3,32GB,12.139,12.156,375.188,174.736
9324,cyclic,indexscan,64,prefetch-complex,worker,3,32GB,67.311,67.328,3785.886,2053.324
9325,cyclic,indexscan,0,master,worker,12,32GB,0.01,0.026,9.822,1.336
9326,cyclic,indexscan,1,prefetch-simple,worker,12,32GB,0.064,0.082,32.95,2.939
9327,cyclic,bitmapscan,1,prefetch-complex,worker,3,32GB,0.005,0.022,10.183,1.374
9328,cyclic,bitmapscan,16,prefetch-simple,worker,3,32GB,0.712,0.728,29.405,12.562
9329,cyclic,bitmapscan,16,master,worker,3,32GB,0.095,0.112,6.367,2.834
9330,cyclic,bitmapscan,0,master,worker,12,32GB,0.02,0.038,8.639,1.49
9331,cyclic,indexscan,16,prefetch-complex,worker,12,32GB,27.311,27.328,1491.599,836.095
9332,cyclic,indexscan,64,prefetch-simple,worker,12,32GB,57.311,57.328,2862.452,1713.32
9333,cyclic,bitmapscan,0,prefetch-simple,worker,12,32GB,0.317,0.334,37.392,6.725
9334,cyclic,bitmapscan,0,prefetch-simple,sync,3,32GB,27.311,27.328,1510.324,394.796
9335,cyclic,indexscan,1,prefetch-complex,io_uring,3,32GB,37.31,37.328,7546.337,1148.714
9336,cyclic,bitmapscan,16,prefetch-complex,io_uring,3,32GB,0.01,0.028,4.491,1.505
9337,cyclic,bitmapscan,16,prefetch-complex,worker,3,32GB,0.02,0.038,4.445,1.713
9338,cyclic,indexscan,0,master,io_uring,3,32GB,67.31,67.326,4385.46,2028.992
9339,cyclic,bitmapscan,1,prefetch-simple,worker,3,32GB,2.399,2.416,243.02,35.504
9340,cyclic,indexscan,1,prefetch-simple,io_uring,3,32GB,0.007,0.024,12.039,1.258
9341,cyclic,bitmapscan,1,master,sync,3,32GB,87.311,87.328,5055.717,1183.271
9342,cyclic,indexscan,16,prefetch-simple,worker,3,32GB,67.311,67.328,3398.326,2014.983
9343,cyclic,indexscan,1,prefetch-simple,worker,12,32GB,0.01,0.028,13.406,1.345
9344,cyclic,bitmapscan,1,master,worker,3,32GB,12.139,12.156,769.424,172.97
9345,cyclic,bitmapscan,0,prefetch-complex,worker,3,32GB,18.208,18.226,1154.556,288.665
9346,cyclic,indexscan,0,prefetch-simple,worker,12,32GB,18.208,18.226,1320.277,562.762
9347,cyclic,bitmapscan,1,prefetch-complex,worker,12,32GB,0.029,0.046,13.033,1.912
9348,cyclic,indexscan,1,prefetch-complex,io_uring,3,32GB,0.014,0.03,16.801,1.618
9349,cyclic,bitmapscan,16,master,worker,3,32GB,8.093,8.11,273.308,114.928
9350,cyclic,indexscan,0,master,io_uring,3,32GB,0.212,0.228,40.595,7.134
9351,cyclic,bitmapscan,16,prefetch-simple,io_uring,3,32GB,0.212,0.228,9.474,4.853
9352,cyclic,indexscan,0,prefetch-complex,io_uring,3,32GB,0.005,0.022,9.6,1.385
9353,cyclic,indexscan,64,prefetch-simple,io_uring,3,32GB,0.004,0.02,3.897,1.233
9354,cyclic,indexscan,64,prefetch-complex,io_uring,3,32GB,5.396,5.412,336.579,171.375
9355,cyclic,indexscan,1,prefetch-simple,sync,3,32GB,5.396,5.414,1163.965,165.957
9356,cyclic,indexscan,0,prefetch-complex,worker,12,32GB,0.317,0.334,69.617,10.452
9357,cyclic,bitmapscan,64,master,io_uring,3,32GB,0.028,0.046,4.63,1.635
9358,cyclic,indexscan,1,prefetch-simple,worker,12,32GB,77.311,77.328,15645.284,2376.224
9359,cyclic,indexscan,1,prefetch-complex,worker,3,32GB,97.311,97.328,19624.774,3007.236
9360,cyclic,bitmapscan,0,prefetch-complex,worker,3,32GB,0.711,0.728,76.785,13.622
9361,cyclic,indexscan,0,prefetch-complex,worker,12,32GB,87.311,87.328,5832.395,2689.026
9362,cyclic,bitmapscan,0,prefetch-simple,io_uring,3,32GB,1.066,1.082,123.08,17.945
9363,cyclic,indexscan,64,prefetch-simple,io_uring,3,32GB,67.31,67.328,3448.792,2056.083
9364,cyclic,indexscan,64,master,worker,12,32GB,0.002,0.018,7.52,1.128
9365,cyclic,indexscan,16,master,io_uring,3,32GB,18.208,18.224,1252.463,554.056
9366,cyclic,indexscan,64,prefetch-simple,worker,3,32GB,0.003,0.02,3.83,1.109
9367,cyclic,bitmapscan,0,prefetch-complex,worker,12,32GB,0.317,0.334,37.071,7.261
9368,cyclic,indexscan,64,prefetch-complex,worker,12,32GB,27.31,27.328,1592.523,843.228
9369,cyclic,indexscan,0,master,sync,3,32GB,0.028,0.046,16.982,1.833
9370,cyclic,indexscan,1,prefetch-complex,worker,12,32GB,77.311,77.328,15494.563,2427.412
9371,cyclic,bitmapscan,1,prefetch-complex,worker,12,32GB,0.002,0.02,19.973,1.362
9372,cyclic,bitmapscan,0,prefetch-simple,worker,12,32GB,0.014,0.03,8.442,1.434
9373,cyclic,indexscan,16,prefetch-complex,io_uring,3,32GB,0.474,0.49,37.799,14.439
9374,cyclic,indexscan,0,prefetch-simple,worker,3,32GB,0.475,0.492,65.074,15.717
9375,cyclic,bitmapscan,1,prefetch-simple,io_uring,3,32GB,0.01,0.028,10.173,1.296
9376,cyclic,bitmapscan,0,master,sync,3,32GB,0.01,0.028,7.879,1.404
9377,cyclic,bitmapscan,64,master,worker,12,32GB,3.598,3.616,127.259,51.77
9378,cyclic,bitmapscan,16,prefetch-complex,io_uring,3,32GB,0.317,0.334,16.224,7.297
9379,cyclic,indexscan,16,master,worker,12,32GB,0.317,0.334,47.499,9.793
9380,cyclic,bitmapscan,64,prefetch-simple,worker,3,32GB,18.208,18.226,525.21,258.011
9381,cyclic,bitmapscan,16,prefetch-simple,io_uring,3,32GB,0.01,0.028,3.871,1.322
9382,cyclic,indexscan,0,master,io_uring,3,32GB,0.014,0.032,11.819,1.45
9383,cyclic,indexscan,16,master,worker,3,32GB,5.396,5.414,391.783,167.136
9384,cyclic,bitmapscan,16,prefetch-complex,worker,3,32GB,12.138,12.154,365.137,194.991
9385,cyclic,bitmapscan,16,prefetch-complex,worker,12,32GB,0.002,0.018,5.166,1.318
9386,cyclic,indexscan,1,master,worker,12,32GB,87.311,87.328,5754.361,2644.142
9387,cyclic,bitmapscan,16,prefetch-simple,sync,3,32GB,97.311,97.328,3062.62,1325.397
9388,cyclic,bitmapscan,16,master,sync,3,32GB,47.31,47.326,1421.481,649.368
9389,cyclic,bitmapscan,1,master,sync,3,32GB,0.029,0.046,12.931,1.636
9390,cyclic,indexscan,64,prefetch-simple,sync,3,32GB,1.6,1.616,99.676,50.463
9391,cyclic,bitmapscan,1,master,worker,12,32GB,18.208,18.224,1115.411,259.674
9392,cyclic,bitmapscan,16,master,worker,12,32GB,87.311,87.328,2733.726,1200.005
9393,cyclic,bitmapscan,16,prefetch-complex,sync,3,32GB,0.005,0.022,4.092,1.365
9394,cyclic,indexscan,64,prefetch-simple,io_uring,3,32GB,0.002,0.02,3.97,1.152
9395,cyclic,indexscan,1,master,sync,3,32GB,0.212,0.23,45.655,7.415
9396,cyclic,bitmapscan,1,master,worker,12,32GB,0.007,0.024,11.266,1.217
9397,cyclic,indexscan,1,master,sync,3,32GB,18.208,18.224,1243.063,551.801
9398,cyclic,bitmapscan,64,master,sync,3,32GB,47.311,47.328,1428.071,655.969
9399,cyclic,bitmapscan,1,prefetch-simple,worker,3,32GB,18.208,18.224,1285.37,262.976
9400,cyclic,bitmapscan,0,prefetch-complex,sync,3,32GB,0.064,0.08,12.105,2.574
9401,cyclic,bitmapscan,1,prefetch-complex,worker,12,32GB,1.599,1.616,135.095,26.604
9402,cyclic,indexscan,16,master,sync,3,32GB,0.007,0.024,9.582,1.267
9403,cyclic,indexscan,64,master,io_uring,3,32GB,3.597,3.614,281.948,111.063
9404,cyclic,indexscan,16,master,sync,3,32GB,0.095,0.112,27.836,3.762
9405,cyclic,bitmapscan,0,prefetch-simple,sync,3,32GB,0.142,0.16,18.333,3.768
9406,cyclic,indexscan,0,master,sync,3,32GB,0.142,0.16,30.92,4.909
9407,cyclic,indexscan,0,prefetch-simple,io_uring,3,32GB,0.005,0.022,8.794,1.175
9408,cyclic,indexscan,1,master,worker,12,32GB,47.311,47.328,3285.961,1418.715
9409,cyclic,indexscan,64,master,worker,12,32GB,67.311,67.328,4468.184,2024.149
9410,cyclic,indexscan,1,prefetch-complex,io_uring,3,32GB,2.399,2.416,535.365,77.085
9411,cyclic,indexscan,1,prefetch-complex,sync,3,32GB,0.002,0.018,13.446,1.265
9412,cyclic,bitmapscan,16,master,worker,3,32GB,0.475,0.492,18.738,8.679
9413,cyclic,indexscan,16,master,worker,3,32GB,0.095,0.112,26.679,3.684
9414,cyclic,indexscan,1,prefetch-simple,sync,3,32GB,12.138,12.156,2502.699,363.766
9415,cyclic,indexscan,0,prefetch-simple,worker,3,32GB,57.311,57.328,3908.189,1746.244
9416,cyclic,indexscan,16,prefetch-complex,io_uring,3,32GB,0.002,0.02,3.871,1.35
9417,cyclic,bitmapscan,1,prefetch-complex,io_uring,3,32GB,97.311,97.328,5703.505,1433.959
9418,cyclic,indexscan,64,prefetch-simple,worker,12,32GB,1.066,1.082,75.029,32.437
9419,cyclic,bitmapscan,16,prefetch-complex,io_uring,3,32GB,47.311,47.328,1466.781,706.007
9420,cyclic,indexscan,1,prefetch-complex,worker,12,32GB,8.093,8.11,1716.575,254.035
9421,cyclic,indexscan,64,prefetch-complex,worker,3,32GB,8.093,8.11,470.016,253.425
9422,cyclic,bitmapscan,1,prefetch-simple,io_uring,3,32GB,0.095,0.112,16.519,2.823
9423,cyclic,bitmapscan,64,prefetch-complex,io_uring,3,32GB,0.02,0.038,5.033,1.732
9424,cyclic,bitmapscan,16,prefetch-complex,sync,3,32GB,12.139,12.156,368.98,185.869
9425,cyclic,bitmapscan,16,prefetch-simple,io_uring,3,32GB,8.093,8.11,279.678,115.595
9426,cyclic,bitmapscan,64,prefetch-complex,sync,3,32GB,57.311,57.328,2903.561,870.724
9427,cyclic,indexscan,0,master,worker,3,32GB,67.311,67.328,4763.595,2036.228
9428,cyclic,indexscan,1,master,worker,3,32GB,2.398,2.416,213.955,75.263
9429,cyclic,bitmapscan,0,prefetch-complex,worker,3,32GB,5.396,5.414,390.057,88.1
9430,cyclic,indexscan,64,prefetch-complex,io_uring,3,32GB,0.004,0.02,4.977,1.42
9431,cyclic,indexscan,16,prefetch-simple,sync,3,32GB,0.007,0.024,4.614,1.286
9432,cyclic,indexscan,0,prefetch-complex,worker,3,32GB,0.002,0.02,33.729,1.362
9433,cyclic,bitmapscan,1,master,sync,3,32GB,12.139,12.156,776.61,176.719
9434,cyclic,indexscan,64,prefetch-complex,worker,12,32GB,0.004,0.02,3.994,1.353
9435,cyclic,indexscan,64,prefetch-simple,worker,12,32GB,0.317,0.334,26.141,9.865
9436,cyclic,indexscan,64,master,io_uring,3,32GB,18.208,18.226,1274.207,552.382
9437,cyclic,indexscan,64,master,sync,3,32GB,3.598,3.616,289.395,111.633
9438,cyclic,bitmapscan,16,master,worker,12,32GB,8.093,8.11,246.051,113.88
9439,cyclic,bitmapscan,16,prefetch-simple,io_uring,3,32GB,0.02,0.038,4.483,1.484
9440,cyclic,indexscan,16,prefetch-simple,worker,12,32GB,5.396,5.412,293.763,169.236
9441,cyclic,indexscan,0,master,sync,3,32GB,77.311,77.328,5087.397,2328.587
9442,cyclic,indexscan,0,prefetch-simple,io_uring,3,32GB,8.093,8.11,611.391,251.364
9443,cyclic,bitmapscan,0,prefetch-complex,io_uring,3,32GB,1.6,1.618,147.256,27.677
9444,cyclic,bitmapscan,1,prefetch-simple,worker,12,32GB,3.598,3.614,277.155,52.445
9445,cyclic,bitmapscan,64,prefetch-complex,worker,12,32GB,0.142,0.158,8.945,4.058
9446,cyclic,bitmapscan,1,master,sync,3,32GB,0.064,0.08,13.984,2.37
9447,cyclic,bitmapscan,64,prefetch-complex,io_uring,3,32GB,1.6,1.616,92.1,26.548
9448,cyclic,indexscan,0,prefetch-simple,io_uring,3,32GB,0.002,0.02,7.783,1.137
9449,cyclic,bitmapscan,64,prefetch-simple,worker,12,32GB,97.311,97.328,3081.329,1323.784
9450,cyclic,indexscan,16,prefetch-complex,io_uring,3,32GB,3.598,3.614,260.504,115.722
9451,cyclic,indexscan,1,prefetch-complex,worker,12,32GB,37.311,37.328,7547.554,1153.468
9452,cyclic,indexscan,64,master,io_uring,3,32GB,0.029,0.046,32.296,1.952
9453,cyclic,bitmapscan,0,prefetch-simple,worker,3,32GB,97.311,97.328,5927.065,1355.473
9454,cyclic,indexscan,1,prefetch-complex,sync,3,32GB,2.399,2.416,872.077,76.994
9455,cyclic,indexscan,0,master,sync,3,32GB,0.211,0.228,41.483,7.083
9456,cyclic,bitmapscan,0,prefetch-complex,worker,12,32GB,3.597,3.614,301.831,57.686
9457,cyclic,indexscan,16,prefetch-simple,sync,3,32GB,0.212,0.23,28.568,6.882
9458,cyclic,indexscan,0,prefetch-simple,worker,3,32GB,12.139,12.156,907.673,376.731
9459,cyclic,bitmapscan,0,prefetch-simple,sync,3,32GB,0.064,0.082,42.126,2.444
9460,cyclic,bitmapscan,1,master,io_uring,3,32GB,5.396,5.412,379.895,79.174
9461,cyclic,bitmapscan,0,prefetch-simple,sync,3,32GB,0.211,0.228,23.316,5.02
9462,cyclic,indexscan,1,master,worker,3,32GB,0.317,0.334,46.247,10.408
9463,cyclic,bitmapscan,1,prefetch-simple,sync,3,32GB,0.142,0.158,19.683,3.671
9464,cyclic,bitmapscan,1,prefetch-simple,io_uring,3,32GB,0.043,0.06,12.204,1.892
9465,cyclic,indexscan,0,prefetch-simple,worker,12,32GB,47.311,47.328,3196.07,1456.553
9466,cyclic,indexscan,1,master,sync,3,32GB,0.02,0.038,13.72,1.653
9467,cyclic,bitmapscan,0,prefetch-simple,io_uring,3,32GB,27.311,27.328,1558.04,396.459
9468,cyclic,indexscan,16,prefetch-simple,io_uring,3,32GB,0.064,0.082,11.071,2.859
9469,cyclic,bitmapscan,16,prefetch-simple,sync,3,32GB,0.211,0.228,9.666,4.859
9470,cyclic,indexscan,1,master,io_uring,3,32GB,47.311,47.328,3114.442,1432.042
9471,cyclic,indexscan,1,master,sync,3,32GB,3.598,3.614,302.613,111.843
9472,cyclic,indexscan,16,prefetch-simple,io_uring,3,32GB,1.599,1.616,309.56,51.299
9473,cyclic,bitmapscan,16,master,io_uring,3,32GB,1.067,1.084,42.716,17.205
9474,cyclic,indexscan,1,prefetch-simple,sync,3,32GB,37.311,37.328,7525.363,1130.495
9475,cyclic,bitmapscan,16,prefetch-simple,io_uring,3,32GB,0.004,0.02,4.554,1.205
9476,cyclic,indexscan,0,master,io_uring,3,32GB,0.02,0.038,13.865,1.635
9477,cyclic,bitmapscan,16,master,worker,3,32GB,0.043,0.06,4.928,1.931
9478,cyclic,bitmapscan,16,prefetch-complex,worker,12,32GB,0.01,0.026,4.196,1.481
9479,cyclic,indexscan,64,master,io_uring,3,32GB,0.712,0.728,78.681,22.245
9480,cyclic,bitmapscan,0,master,sync,3,32GB,8.092,8.11,557.038,117.846
9481,cyclic,indexscan,1,prefetch-simple,io_uring,3,32GB,0.142,0.158,57.339,5.106
9482,cyclic,bitmapscan,64,prefetch-complex,io_uring,3,32GB,0.004,0.02,5.73,1.377
9483,cyclic,indexscan,1,prefetch-complex,io_uring,3,32GB,0.317,0.334,88.794,10.831
9484,cyclic,indexscan,64,prefetch-simple,io_uring,3,32GB,27.311,27.328,1406.658,833.963
9485,cyclic,bitmapscan,0,prefetch-complex,worker,12,32GB,0.003,0.02,8.646,1.437
9486,cyclic,indexscan,0,prefetch-simple,io_uring,3,32GB,3.598,3.614,286.081,112.706
9487,cyclic,indexscan,16,prefetch-complex,sync,3,32GB,0.095,0.112,13.599,3.884
9488,cyclic,bitmapscan,0,master,io_uring,3,32GB,0.212,0.23,22.354,4.94
9489,cyclic,indexscan,0,prefetch-complex,worker,12,32GB,0.211,0.228,39.099,7.305
9490,cyclic,bitmapscan,1,prefetch-simple,io_uring,3,32GB,1.067,1.084,102.607,16.984
9491,cyclic,bitmapscan,1,prefetch-simple,worker,12,32GB,0.003,0.02,9.707,1.175
9492,cyclic,indexscan,64,prefetch-simple,worker,12,32GB,3.598,3.614,220.747,111.66
9493,cyclic,indexscan,0,prefetch-complex,sync,3,32GB,0.014,0.03,14.936,1.655
9494,cyclic,indexscan,64,prefetch-complex,worker,12,32GB,37.31,37.328,2073.575,1153.683
9495,cyclic,indexscan,64,prefetch-simple,io_uring,3,32GB,3.598,3.614,206.618,110.858
9496,cyclic,bitmapscan,0,prefetch-complex,io_uring,3,32GB,77.311,77.328,4399.504,1161.724
9497,cyclic,indexscan,64,prefetch-complex,io_uring,3,32GB,12.139,12.156,719.918,378.364
9498,cyclic,bitmapscan,64,prefetch-complex,worker,3,32GB,0.014,0.032,4.17,1.612
9499,cyclic,bitmapscan,1,prefetch-simple,io_uring,3,32GB,5.395,5.412,377.717,79.312
9500,cyclic,indexscan,16,prefetch-simple,io_uring,3,32GB,57.311,57.328,2910.6,1727.914
9501,cyclic,bitmapscan,0,prefetch-simple,sync,3,32GB,77.311,77.328,4793.128,1103.867
9502,cyclic,bitmapscan,0,prefetch-complex,sync,3,32GB,1.6,1.618,150.924,28.041
9503,cyclic,bitmapscan,1,master,worker,12,32GB,0.317,0.334,39.592,6.507
9504,cyclic,indexscan,16,master,sync,3,32GB,67.311,67.328,4427.271,2025.191
9505,linear_1,indexscan,64,master,worker,12,32GB,0.019,0.325,332.521,4.046
9506,linear_1,indexscan,16,prefetch-complex,sync,3,32GB,0.013,0.231,112.479,3.324
9507,linear_1,bitmapscan,1,master,io_uring,3,32GB,0.006,0.104,131.527,2.318
9508,linear_1,indexscan,0,prefetch-simple,io_uring,3,32GB,87.309,90.932,43270.668,3664.679
9509,linear_1,bitmapscan,16,prefetch-complex,io_uring,3,32GB,0.71,4.124,141.03,36.068
9510,linear_1,indexscan,64,prefetch-complex,io_uring,3,32GB,0.006,0.107,12.388,2.16
9511,linear_1,bitmapscan,16,prefetch-simple,worker,12,32GB,77.031,79.419,2452.334,1129.137
9512,linear_1,bitmapscan,0,master,worker,3,32GB,0.004,0.069,22.694,1.77
9513,linear_1,indexscan,1,prefetch-complex,sync,3,32GB,0.714,4.137,1831.392,40.907
9514,linear_1,indexscan,0,master,io_uring,3,32GB,1.067,4.644,1279.021,58.336
9515,linear_1,bitmapscan,1,prefetch-complex,io_uring,3,32GB,87.141,89.742,5366.41,1346.216
9516,linear_1,indexscan,0,prefetch-complex,io_uring,3,32GB,0.037,0.597,198.571,5.803
9517,linear_1,indexscan,16,prefetch-simple,worker,12,32GB,18.207,21.841,2253.408,771.29
9518,linear_1,indexscan,16,master,io_uring,3,32GB,77.311,80.961,24527.35,3328.649
9519,linear_1,bitmapscan,16,prefetch-complex,sync,3,32GB,5.402,9.048,307.668,114.31
9520,linear_1,indexscan,64,prefetch-simple,sync,3,32GB,1.069,4.64,476.525,55.187
9521,linear_1,indexscan,16,master,worker,3,32GB,0.093,1.352,491.55,10.746
9522,linear_1,bitmapscan,64,prefetch-complex,worker,12,32GB,1.063,4.642,164.74,46.016
9523,linear_1,bitmapscan,0,prefetch-simple,sync,3,32GB,0.319,3.017,355.771,25.523
9524,linear_1,bitmapscan,16,master,sync,3,32GB,67.317,70.965,2211.998,995.951
9525,linear_1,indexscan,0,prefetch-simple,io_uring,3,32GB,0.001,0.02,12.93,1.147
9526,linear_1,indexscan,0,prefetch-complex,worker,12,32GB,0.009,0.158,58.867,2.819
9527,linear_1,bitmapscan,1,master,io_uring,3,32GB,87.056,89.469,5264.404,1253.344
9528,linear_1,indexscan,0,master,io_uring,3,32GB,0.042,0.681,236.288,6.819
9529,linear_1,indexscan,64,prefetch-simple,sync,3,32GB,27.31,30.935,3131.246,1125.187
9530,linear_1,indexscan,16,prefetch-complex,worker,12,32GB,18.209,21.844,1966.739,784.327
9531,linear_1,indexscan,64,prefetch-complex,worker,3,32GB,0.003,0.056,9.057,1.692
9532,linear_1,bitmapscan,1,master,worker,3,32GB,0.474,3.603,444.083,28.857
9533,linear_1,indexscan,16,master,worker,12,32GB,97.179,99.741,30386.805,4193.492
9534,linear_1,bitmapscan,1,prefetch-simple,worker,3,32GB,5.07,7.374,552.644,95.128
9535,linear_1,bitmapscan,1,prefetch-simple,worker,3,32GB,27.308,30.946,2114.607,440.319
9536,linear_1,indexscan,16,prefetch-complex,worker,12,32GB,0.006,0.109,13.108,2.173
9537,linear_1,bitmapscan,64,master,io_uring,3,32GB,1.063,4.628,182.133,42.439
9538,linear_1,bitmapscan,0,prefetch-complex,worker,3,32GB,97.224,99.91,5555.813,1529.817
9539,linear_1,bitmapscan,16,master,worker,3,32GB,0.028,0.463,45.006,5.247
9540,linear_1,indexscan,16,prefetch-complex,sync,3,32GB,8.092,11.732,1034.559,347.486
9541,linear_1,bitmapscan,64,master,io_uring,3,32GB,8.091,11.719,324.537,146.03
9542,linear_1,bitmapscan,1,prefetch-simple,worker,12,32GB,3.593,7.229,647.338,80.455
9543,linear_1,bitmapscan,0,master,worker,12,32GB,8.084,11.725,791.898,152.482
9544,linear_1,indexscan,16,prefetch-simple,sync,3,32GB,5.393,9.03,942.032,235.825
9545,linear_1,bitmapscan,0,prefetch-complex,io_uring,3,32GB,27.315,30.961,1924.644,478.299
9546,linear_1,indexscan,1,prefetch-complex,worker,3,32GB,87.295,90.691,42434.534,3616.174
9547,linear_1,bitmapscan,16,prefetch-simple,io_uring,3,32GB,12.141,15.788,467.287,216.494
9548,linear_1,bitmapscan,64,master,sync,3,32GB,1.064,4.647,177.146,42.297
9549,linear_1,bitmapscan,16,master,sync,3,32GB,0.715,4.136,139.657,34.754
9550,linear_1,indexscan,64,prefetch-complex,io_uring,3,32GB,0.041,0.671,70.274,5.921
9551,linear_1,bitmapscan,16,prefetch-complex,worker,12,32GB,67.309,70.93,2288.754,1076.652
9552,linear_1,indexscan,16,prefetch-simple,worker,3,32GB,0.004,0.072,11.084,1.758
9553,linear_1,indexscan,1,master,sync,3,32GB,0.141,1.864,718.936,13.182
9554,linear_1,bitmapscan,64,prefetch-complex,worker,12,32GB,0.314,3.023,137.311,24.28
9555,linear_1,bitmapscan,64,master,worker,12,32GB,57.313,60.95,1876.628,847.568
9556,linear_1,indexscan,1,master,worker,3,32GB,0.092,1.342,755.253,10.728
9557,linear_1,bitmapscan,1,prefetch-complex,worker,12,32GB,0.019,0.323,219.964,4.521
9558,linear_1,indexscan,1,master,worker,3,32GB,12.142,15.784,5048.382,548.58
9559,linear_1,bitmapscan,16,prefetch-simple,worker,12,32GB,47.083,49.555,1508.688,706.597
9560,linear_1,indexscan,0,prefetch-simple,worker,3,32GB,0.71,4.124,1303.983,42.67
9561,linear_1,indexscan,64,master,worker,3,32GB,3.595,7.23,2223.078,172.971
9562,linear_1,indexscan,16,prefetch-simple,io_uring,3,32GB,37.315,40.972,4263.169,1551.192
9563,linear_1,bitmapscan,16,master,io_uring,3,32GB,0.019,0.332,34.797,4.563
9564,linear_1,bitmapscan,0,prefetch-simple,sync,3,32GB,0.009,0.157,49.35,2.804
9565,linear_1,bitmapscan,16,prefetch-complex,worker,12,32GB,2.407,6.039,217.814,66.454
9566,linear_1,bitmapscan,16,prefetch-complex,worker,12,32GB,0.028,0.468,43.479,5.389
9567,linear_1,indexscan,1,prefetch-complex,worker,3,32GB,0.585,3.008,1202.679,31.782
9568,linear_1,bitmapscan,16,prefetch-complex,worker,3,32GB,0.096,1.398,141.017,11.71
9569,linear_1,indexscan,0,prefetch-simple,io_uring,3,32GB,5.393,9.026,3086.072,240.947
9570,linear_1,indexscan,0,master,worker,3,32GB,37.308,40.929,15268.561,1613.96
9571,linear_1,indexscan,0,prefetch-complex,worker,12,32GB,0.013,0.233,79.482,3.448
9572,linear_1,indexscan,16,prefetch-simple,sync,3,32GB,18.212,21.87,2588.788,754.06
9573,linear_1,bitmapscan,0,master,worker,12,32GB,67.303,70.871,4002,1017.174
9574,linear_1,indexscan,1,prefetch-complex,sync,3,32GB,5.392,9.031,4078.143,240.687
9575,linear_1,bitmapscan,16,master,worker,12,32GB,18.199,21.849,574.708,309.824
9576,linear_1,bitmapscan,16,prefetch-complex,io_uring,3,32GB,0.209,2.415,142.639,18.235
9577,linear_1,bitmapscan,16,prefetch-simple,io_uring,3,32GB,0.093,1.357,132.479,11.642
9578,linear_1,bitmapscan,64,prefetch-simple,io_uring,3,32GB,0.016,0.264,26.057,3.908
9579,linear_1,indexscan,64,master,sync,3,32GB,0.019,0.325,103.067,3.932
9580,linear_1,indexscan,0,prefetch-simple,sync,3,32GB,0.006,0.103,33.208,2.025
9581,linear_1,bitmapscan,16,master,worker,12,32GB,0.019,0.326,32.55,4.297
9582,linear_1,indexscan,64,prefetch-simple,io_uring,3,32GB,0.043,0.696,95.806,5.817
9583,linear_1,bitmapscan,16,master,worker,12,32GB,0.013,0.228,23.225,3.362
9584,linear_1,bitmapscan,1,prefetch-simple,worker,3,32GB,18.201,21.847,1560.053,304.083
9585,linear_1,bitmapscan,0,master,sync,3,32GB,1.602,5.235,460.445,57.685
9586,linear_1,indexscan,16,prefetch-complex,sync,3,32GB,0.009,0.159,26.665,2.695
9587,linear_1,indexscan,64,prefetch-simple,worker,12,32GB,0.012,0.21,22.977,2.891
9588,linear_1,indexscan,64,prefetch-simple,worker,12,32GB,0.004,0.069,10.16,1.729
9589,linear_1,bitmapscan,16,master,worker,12,32GB,8.09,11.736,378.949,147.16
9590,linear_1,bitmapscan,16,master,worker,12,32GB,0.009,0.158,17.746,2.607
9591,linear_1,indexscan,1,prefetch-simple,worker,3,32GB,0.141,1.853,1013.913,12.847
9592,linear_1,indexscan,0,master,sync,3,32GB,0.001,0.019,7.892,1.103
9593,linear_1,bitmapscan,0,master,worker,12,32GB,18.201,21.849,1416.705,318.682
9594,linear_1,indexscan,16,master,io_uring,3,32GB,0.142,1.867,731.431,13.956
9595,linear_1,bitmapscan,0,prefetch-simple,sync,3,32GB,1.07,4.634,409.765,46.86
9596,linear_1,indexscan,0,prefetch-simple,io_uring,3,32GB,0.028,0.479,161.991,5.52
9597,linear_1,indexscan,0,prefetch-complex,worker,12,32GB,47.306,50.946,15313.553,2001.241
9598,linear_1,indexscan,0,prefetch-complex,sync,3,32GB,0.001,0.015,6.13,1.214
9599,linear_1,indexscan,0,master,worker,12,32GB,2.394,6.031,1781.728,116.184
9600,linear_1,indexscan,16,prefetch-complex,sync,3,32GB,1.602,5.237,456.53,77.649
9601,linear_1,indexscan,1,prefetch-complex,worker,3,32GB,0.315,3.026,1455.527,22.887
9602,linear_1,bitmapscan,16,prefetch-simple,worker,12,32GB,1.593,5.232,160.638,52.948
9603,linear_1,bitmapscan,16,master,worker,3,32GB,57.312,60.939,1878.701,847.712
9604,linear_1,bitmapscan,64,master,io_uring,3,32GB,0.212,2.414,167.298,18.146
9605,linear_1,bitmapscan,0,prefetch-complex,io_uring,3,32GB,0.028,0.466,139.914,5.745
9606,linear_1,bitmapscan,16,prefetch-complex,worker,3,32GB,0.806,3.057,104.601,31.825
9607,linear_1,bitmapscan,64,prefetch-complex,worker,12,32GB,96.966,99.214,3250.634,1514.229
9608,linear_1,bitmapscan,1,master,io_uring,3,32GB,0.013,0.231,129.512,3.543
9609,linear_1,indexscan,16,prefetch-complex,io_uring,3,32GB,12.138,15.784,1484.152,514.881
9610,linear_1,indexscan,1,prefetch-simple,io_uring,3,32GB,0.141,1.865,952.216,13.298
9611,linear_1,indexscan,64,prefetch-simple,io_uring,3,32GB,37.311,40.958,4687.502,1537.202
9612,linear_1,indexscan,16,prefetch-simple,worker,3,32GB,0.478,3.607,380.725,29.243
9613,linear_1,indexscan,64,master,worker,12,32GB,5.396,9.043,2725.857,252.129
9614,linear_1,indexscan,0,prefetch-simple,sync,3,32GB,18.208,21.802,6481.994,786.252
9615,linear_1,bitmapscan,16,prefetch-complex,sync,3,32GB,0.019,0.325,37.985,4.784
9616,linear_1,indexscan,16,master,io_uring,3,32GB,2.395,6.036,1692.189,118.891
9617,linear_1,indexscan,1,prefetch-complex,sync,3,32GB,12.144,15.785,7240.194,527.857
9618,linear_1,indexscan,16,master,worker,3,32GB,0.713,4.136,1166.456,42.646
9619,linear_1,indexscan,16,prefetch-simple,worker,12,32GB,0.043,0.695,111.066,6.331
9620,linear_1,bitmapscan,16,master,sync,3,32GB,0.14,1.835,122.035,13.736
9621,linear_1,indexscan,1,prefetch-complex,worker,12,32GB,0.035,0.565,266.546,5.304
9622,linear_1,bitmapscan,16,prefetch-simple,sync,3,32GB,0.004,0.069,8.882,1.759
9623,linear_1,bitmapscan,1,prefetch-simple,sync,3,32GB,27.307,30.938,2011.787,440.788
9624,linear_1,bitmapscan,0,prefetch-complex,sync,3,32GB,0.013,0.226,71.927,3.802
9625,linear_1,bitmapscan,0,prefetch-simple,io_uring,3,32GB,18.199,21.842,1466.555,317.618
9626,linear_1,indexscan,64,master,io_uring,3,32GB,0.013,0.224,96.793,3.283
9627,linear_1,indexscan,16,prefetch-simple,io_uring,3,32GB,47.312,50.946,5388.303,1972.762
9628,linear_1,bitmapscan,0,prefetch-simple,worker,3,32GB,2.397,6.027,485.078,69.896
9629,linear_1,bitmapscan,1,master,sync,3,32GB,47.306,50.968,3220.774,715.929
9630,linear_1,bitmapscan,64,prefetch-complex,sync,3,32GB,27.308,30.966,903.4,471.763
9631,linear_1,indexscan,1,master,worker,3,32GB,97.185,99.762,30482.943,4243.83
9632,linear_1,bitmapscan,64,prefetch-simple,worker,12,32GB,0.093,1.347,133.463,11.772
9633,linear_1,indexscan,0,prefetch-complex,worker,3,32GB,97.053,99.41,29861.395,4120.774
9634,linear_1,indexscan,64,prefetch-simple,sync,3,32GB,0.711,4.124,367.157,39.306
9635,linear_1,bitmapscan,64,master,io_uring,3,32GB,0.042,0.676,64.815,7.092
9636,linear_1,bitmapscan,0,prefetch-simple,io_uring,3,32GB,0.064,0.989,254.693,9.341
9637,linear_1,indexscan,0,master,sync,3,32GB,0.002,0.036,13.231,1.325
9638,linear_1,indexscan,64,prefetch-simple,worker,12,32GB,5.394,9.036,926.051,233.36
9639,linear_1,indexscan,16,prefetch-complex,worker,12,32GB,0.02,0.338,46.099,4.209
9640,linear_1,indexscan,0,prefetch-complex,io_uring,3,32GB,0.028,0.475,226.341,5.277
9641,linear_1,bitmapscan,0,master,sync,3,32GB,0.001,0.017,6.783,1.112
9642,linear_1,indexscan,64,prefetch-complex,worker,3,32GB,0.004,0.069,9.399,1.799
9643,linear_1,indexscan,16,prefetch-simple,worker,12,32GB,0.21,2.424,279.864,17.118
9644,linear_1,bitmapscan,1,prefetch-complex,worker,12,32GB,0.013,0.231,104.009,3.705
9645,linear_1,indexscan,16,prefetch-simple,sync,3,32GB,1.602,5.232,527.95,78.911
9646,linear_1,indexscan,16,prefetch-simple,worker,3,32GB,0.71,4.093,381.007,39.963
9647,linear_1,bitmapscan,1,prefetch-simple,worker,12,32GB,97.158,99.679,5908.011,1405.807
9648,linear_1,indexscan,1,prefetch-simple,worker,12,32GB,57.312,60.953,27737.398,2385.096
9649,linear_1,bitmapscan,0,prefetch-complex,worker,12,32GB,67.314,70.945,4323.751,1131.794
9650,linear_1,bitmapscan,0,master,worker,3,32GB,0.093,1.353,382.424,12.046
9651,linear_1,bitmapscan,1,master,sync,3,32GB,2.395,6.057,530.579,64.366
9652,linear_1,indexscan,0,prefetch-complex,worker,12,32GB,77.312,80.941,24627.143,3313.974
9653,linear_1,indexscan,64,master,worker,3,32GB,0.474,3.615,1058.408,31.962
9654,linear_1,bitmapscan,64,prefetch-complex,worker,12,32GB,0.011,0.196,21.779,3.255
9655,linear_1,indexscan,16,prefetch-simple,io_uring,3,32GB,0.001,0.019,3.535,1.093
9656,linear_1,bitmapscan,0,prefetch-complex,worker,12,32GB,2.399,6.047,453.312,69.258
9657,linear_1,bitmapscan,16,prefetch-simple,sync,3,32GB,87.315,90.959,2887.125,1282.473
9658,linear_1,bitmapscan,16,prefetch-complex,io_uring,3,32GB,0.002,0.036,5.34,1.508
9659,linear_1,indexscan,0,master,sync,3,32GB,12.14,15.771,4859.815,539.744
9660,linear_1,bitmapscan,64,master,sync,3,32GB,0.001,0.018,3.494,1.134
9661,linear_1,indexscan,0,prefetch-complex,sync,3,32GB,0.019,0.329,136.43,4.21
9662,linear_1,bitmapscan,16,master,sync,3,32GB,77.305,80.939,2537.593,1127.719
9663,linear_1,indexscan,64,master,worker,3,32GB,87.312,90.928,27581.614,3880.734
9664,linear_1,indexscan,16,master,worker,3,32GB,0.001,0.017,6.479,1.094
9665,linear_1,bitmapscan,0,master,worker,12,32GB,3.591,7.237,495.375,83.15
9666,linear_1,indexscan,0,prefetch-simple,worker,12,32GB,0.028,0.47,178.046,4.944
9667,linear_1,bitmapscan,0,prefetch-simple,sync,3,32GB,87.309,90.933,5029.761,1312.886
9668,linear_1,indexscan,16,prefetch-simple,io_uring,3,32GB,3.593,7.231,744.579,161.756
9669,linear_1,bitmapscan,0,prefetch-simple,sync,3,32GB,37.308,40.942,2419.228,590.396
9670,linear_1,bitmapscan,1,prefetch-complex,io_uring,3,32GB,2.403,6.05,552.382,68.011
9671,linear_1,bitmapscan,64,prefetch-complex,worker,3,32GB,0.042,0.693,66.08,7.69
9672,linear_1,bitmapscan,1,prefetch-simple,sync,3,32GB,0.003,0.053,43.735,1.642
9673,linear_1,indexscan,1,master,worker,3,32GB,0.02,0.334,127.114,3.945
9674,linear_1,indexscan,0,master,worker,12,32GB,0.042,0.69,266.583,6.26
9675,linear_1,indexscan,64,prefetch-complex,worker,3,32GB,0.006,0.101,11.68,2.073
9676,linear_1,indexscan,0,master,io_uring,3,32GB,0.062,0.969,332.163,7.807
9677,linear_1,bitmapscan,16,master,worker,12,32GB,0.006,0.103,13.781,2.075
9678,linear_1,bitmapscan,64,prefetch-complex,sync,3,32GB,0.318,3.02,142.237,23.89
9679,linear_1,bitmapscan,1,master,sync,3,32GB,0.003,0.052,47.391,1.577
9680,linear_1,indexscan,0,prefetch-simple,sync,3,32GB,67.312,70.971,21317.749,2852.466
9681,linear_1,bitmapscan,1,prefetch-complex,worker,12,32GB,0.209,2.411,521.201,18.627
9682,linear_1,indexscan,1,prefetch-complex,io_uring,3,32GB,47.31,50.967,23466.282,2000.804
9683,linear_1,bitmapscan,0,master,worker,12,32GB,0.002,0.034,11.731,1.361
9684,linear_1,bitmapscan,64,prefetch-complex,worker,12,32GB,47.309,50.939,1599.967,766.975
9685,linear_1,bitmapscan,16,prefetch-simple,worker,3,32GB,37.309,40.953,1201.726,570.29
9686,linear_1,indexscan,16,master,sync,3,32GB,0.317,3.021,884.295,23.611
9687,linear_1,bitmapscan,64,prefetch-simple,io_uring,3,32GB,0.013,0.223,22.965,3.355
9688,linear_1,indexscan,0,prefetch-simple,worker,3,32GB,8.087,11.742,3475.53,356.051
9689,linear_1,indexscan,1,prefetch-simple,io_uring,3,32GB,0.318,3.021,1478.364,22.667
9690,linear_1,indexscan,16,prefetch-complex,worker,3,32GB,0.042,0.681,71.435,5.803
9691,linear_1,indexscan,0,master,sync,3,32GB,0.043,0.702,240.515,6.281
9692,linear_1,bitmapscan,16,master,worker,12,32GB,87.307,90.873,2828.553,1265.007
9693,linear_1,bitmapscan,0,prefetch-simple,sync,3,32GB,12.14,15.8,1076.128,221.625
9694,linear_1,indexscan,0,master,sync,3,32GB,8.09,11.722,3889.427,364.497
9695,linear_1,bitmapscan,64,prefetch-simple,sync,3,32GB,37.315,40.947,1188.351,569.111
9696,linear_1,indexscan,0,prefetch-simple,worker,12,32GB,0.009,0.167,64.739,2.708
9697,linear_1,indexscan,1,master,worker,3,32GB,0.001,0.015,8.074,1.065
9698,linear_1,bitmapscan,1,master,worker,3,32GB,0.014,0.237,135.2,3.598
9699,linear_1,bitmapscan,0,prefetch-complex,worker,12,32GB,5.393,9.051,671.23,116.786
9700,linear_1,indexscan,0,prefetch-simple,sync,3,32GB,0.003,0.054,17.306,1.522
9701,linear_1,indexscan,1,master,worker,12,32GB,0.003,0.056,20.026,1.563
9702,linear_1,indexscan,0,master,io_uring,3,32GB,0.093,1.355,446.34,9.786
9703,linear_1,bitmapscan,64,prefetch-complex,worker,3,32GB,0.002,0.034,5.305,1.467
9704,linear_1,bitmapscan,16,prefetch-complex,worker,3,32GB,67.31,70.956,2261.963,1064.503
9705,linear_1,indexscan,0,master,io_uring,3,32GB,0.027,0.466,175.657,4.805
9706,linear_1,bitmapscan,64,prefetch-simple,io_uring,3,32GB,0.028,0.466,45.502,5.392
9707,linear_1,indexscan,1,prefetch-complex,worker,3,32GB,1.071,4.645,2087.919,56.456
9708,linear_1,indexscan,64,prefetch-simple,worker,3,32GB,0.063,0.975,109.54,7.046
9709,linear_1,bitmapscan,1,prefetch-complex,sync,3,32GB,0.043,0.694,328.952,7.328
9710,linear_1,bitmapscan,0,master,io_uring,3,32GB,1.065,4.601,424.531,44.318
9711,linear_1,bitmapscan,64,prefetch-complex,worker,12,32GB,1.602,5.232,163.607,56.37
9712,linear_1,bitmapscan,1,prefetch-simple,worker,3,32GB,0.013,0.233,101.457,3.557
9713,linear_1,bitmapscan,64,prefetch-simple,io_uring,3,32GB,18.204,21.853,584,312.402
9714,linear_1,indexscan,64,prefetch-simple,worker,12,32GB,0.02,0.336,34.957,3.678
9715,linear_1,bitmapscan,1,master,io_uring,3,32GB,0.094,1.351,494.974,11.637
9716,linear_1,indexscan,1,master,worker,12,32GB,0.028,0.463,165.897,4.854
9717,linear_1,indexscan,0,prefetch-complex,worker,12,32GB,0.003,0.051,22.391,1.649
9718,linear_1,bitmapscan,0,prefetch-complex,worker,3,32GB,0.018,0.308,118.268,4.345
9719,linear_1,indexscan,64,prefetch-simple,io_uring,3,32GB,18.205,21.863,2243.843,753.033
9720,linear_1,indexscan,0,prefetch-complex,worker,12,32GB,1.603,5.238,1550.025,81.927
9721,linear_1,indexscan,1,prefetch-complex,worker,3,32GB,1.526,4.474,1926.406,72.427
9722,linear_1,bitmapscan,0,prefetch-complex,sync,3,32GB,0.019,0.324,104.93,4.643
9723,linear_1,indexscan,1,prefetch-complex,io_uring,3,32GB,0.006,0.108,48.775,2.337
9724,linear_1,bitmapscan,1,prefetch-complex,io_uring,3,32GB,47.308,50.951,3264.927,775.565
9725,linear_1,indexscan,64,prefetch-complex,worker,3,32GB,67.312,70.952,5937.391,2816.139
9726,linear_1,bitmapscan,16,prefetch-complex,worker,12,32GB,0.009,0.159,47.297,2.962
9727,linear_1,bitmapscan,64,prefetch-complex,io_uring,3,32GB,27.312,30.955,898.073,469.813
9728,linear_1,bitmapscan,1,master,sync,3,32GB,0.013,0.231,124.028,3.535
9729,linear_1,indexscan,64,prefetch-simple,worker,12,32GB,1.595,5.252,543.073,75.85
9730,linear_1,indexscan,64,prefetch-simple,worker,12,32GB,0.042,0.676,75.169,5.544
9731,linear_1,bitmapscan,16,master,worker,12,32GB,0.142,1.871,140.094,15.184
9732,linear_1,bitmapscan,1,master,worker,3,32GB,0.14,1.862,539.991,14.682
9733,linear_1,bitmapscan,1,master,io_uring,3,32GB,1.067,4.631,476.793,44.374
9734,linear_1,indexscan,0,master,worker,12,32GB,18.202,21.84,6617.435,802.19
9735,linear_1,bitmapscan,0,master,io_uring,3,32GB,87.312,90.936,5230.655,1315.205
9736,linear_1,bitmapscan,16,prefetch-simple,worker,12,32GB,0.006,0.104,14.475,2.176
9737,linear_1,bitmapscan,0,prefetch-simple,io_uring,3,32GB,12.136,15.763,1015.712,220.952
9738,linear_1,bitmapscan,0,master,worker,3,32GB,87.31,90.958,5292.368,1324.985
9739,linear_1,indexscan,0,master,worker,12,32GB,0.709,4.115,1280.604,45.425
9740,linear_1,indexscan,16,prefetch-complex,io_uring,3,32GB,27.308,30.947,2932.958,1149.316
9741,linear_1,indexscan,1,prefetch-simple,io_uring,3,32GB,0.473,3.605,1617.458,29.399
9742,linear_1,indexscan,16,prefetch-complex,io_uring,3,32GB,1.064,4.653,451.094,55.726
9743,linear_1,bitmapscan,64,master,worker,3,32GB,0.042,0.691,88.621,6.818
9744,linear_1,bitmapscan,0,prefetch-simple,sync,3,32GB,0.001,0.019,11.343,1.156
9745,linear_1,bitmapscan,1,prefetch-complex,sync,3,32GB,0.018,0.31,131.483,4.22
9746,linear_1,indexscan,0,prefetch-complex,worker,12,32GB,0.316,3.025,1001.726,24.035
9747,linear_1,bitmapscan,64,prefetch-simple,io_uring,3,32GB,97.224,99.908,3129.205,1408.157
9748,linear_1,indexscan,0,prefetch-simple,sync,3,32GB,77.31,80.94,24674.043,3234.533
9749,linear_1,indexscan,1,prefetch-simple,worker,3,32GB,1.601,5.227,2242.638,77.964
9750,linear_1,bitmapscan,16,prefetch-simple,worker,3,32GB,0.062,0.979,83.111,8.42
9751,linear_1,bitmapscan,16,prefetch-simple,sync,3,32GB,0.094,1.354,102.976,11.662
9752,linear_1,bitmapscan,0,prefetch-simple,worker,3,32GB,18.202,21.846,1382.644,320.646
9753,linear_1,bitmapscan,0,prefetch-simple,io_uring,3,32GB,0.004,0.07,22.837,1.769
9754,linear_1,bitmapscan,16,prefetch-complex,io_uring,3,32GB,0.001,0.016,3.322,1.285
9755,linear_1,bitmapscan,1,master,io_uring,3,32GB,0.064,0.994,395.503,8.745
9756,linear_1,indexscan,16,prefetch-complex,worker,3,32GB,1.593,5.196,498.931,77.34
9757,linear_1,bitmapscan,64,prefetch-complex,sync,3,32GB,0.001,0.018,3.596,1.326
9758,linear_1,indexscan,0,prefetch-complex,sync,3,32GB,0.093,1.345,544.186,10.978
9759,linear_1,bitmapscan,64,master,sync,3,32GB,0.003,0.057,7.969,1.67
9760,linear_1,indexscan,16,prefetch-simple,worker,12,32GB,67.311,70.957,10706.245,2771.549
9761,linear_1,indexscan,0,prefetch-simple,worker,12,32GB,57.305,60.965,18246.608,2395.287
9762,linear_1,indexscan,16,master,io_uring,3,32GB,8.091,11.731,3466.191,370.662
9763,linear_1,bitmapscan,64,prefetch-simple,worker,12,32GB,8.092,11.733,335.041,149.245
9764,linear_1,indexscan,0,master,io_uring,3,32GB,0.009,0.157,54.296,2.561
9765,linear_1,bitmapscan,16,prefetch-complex,sync,3,32GB,0.028,0.471,79.644,5.43
9766,linear_1,indexscan,64,prefetch-complex,sync,3,32GB,87.309,90.951,7820.783,3646.779
9767,linear_1,indexscan,16,prefetch-simple,worker,3,32GB,0.062,0.973,107.952,7.937
9768,linear_1,indexscan,64,prefetch-simple,worker,3,32GB,12.136,15.771,1579.915,506.601
9769,linear_1,indexscan,16,master,io_uring,3,32GB,12.145,15.785,4724.215,536.553
9770,linear_1,indexscan,1,master,worker,3,32GB,0.316,3.032,1019.06,23.965
9771,linear_1,indexscan,0,master,io_uring,3,32GB,0.006,0.109,36.117,2.114
9772,linear_1,bitmapscan,0,master,worker,12,32GB,0.211,2.408,438.446,20.469
9773,linear_1,bitmapscan,16,prefetch-complex,io_uring,3,32GB,0.028,0.474,79.02,5.857
9774,linear_1,indexscan,1,master,io_uring,3,32GB,0.716,4.154,1154.983,42.705
9775,linear_1,indexscan,0,prefetch-complex,sync,3,32GB,12.132,15.766,4872.294,530.294
9776,linear_1,bitmapscan,64,prefetch-complex,io_uring,3,32GB,37.306,40.948,1240,626.771
9777,linear_1,indexscan,64,master,io_uring,3,32GB,18.199,21.834,6675.766,811.327
9778,linear_1,bitmapscan,0,prefetch-complex,worker,3,32GB,27.312,30.95,2038.843,487.221
9779,linear_1,bitmapscan,16,prefetch-complex,worker,3,32GB,0.714,4.135,142.026,36.857
9780,linear_1,bitmapscan,16,master,worker,3,32GB,18.208,21.859,584.518,308.39
9781,linear_1,indexscan,64,master,sync,3,32GB,5.395,9.044,2643.062,247.589
9782,linear_1,bitmapscan,1,prefetch-simple,sync,3,32GB,0.027,0.46,228.838,5.581
9783,linear_1,indexscan,64,master,worker,12,32GB,0.013,0.233,73.951,3.277
9784,linear_1,indexscan,64,prefetch-complex,io_uring,3,32GB,27.312,30.962,2529.651,1136.501
9785,linear_1,bitmapscan,64,prefetch-complex,sync,3,32GB,0.003,0.054,7.332,1.75
9786,linear_1,bitmapscan,16,master,worker,12,32GB,77.306,80.94,2544.762,1122.994
9787,linear_1,bitmapscan,1,prefetch-simple,worker,3,32GB,0.009,0.164,88.166,2.92
9788,linear_1,indexscan,1,prefetch-simple,worker,3,32GB,97.216,99.884,45947.49,4036.952
9789,linear_1,bitmapscan,64,prefetch-simple,io_uring,3,32GB,2.402,6.048,209.272,64.67
9790,linear_1,indexscan,64,prefetch-simple,sync,3,32GB,0.141,1.861,192.773,11.924
9791,linear_1,bitmapscan,0,prefetch-simple,io_uring,3,32GB,0.002,0.038,36.127,1.393
9792,linear_1,bitmapscan,16,prefetch-complex,worker,3,32GB,47.318,50.96,1565.796,759.967
9793,linear_1,bitmapscan,0,prefetch-complex,io_uring,3,32GB,5.399,9.032,611.64,119.845
9794,linear_1,bitmapscan,16,prefetch-simple,worker,3,32GB,0.013,0.222,22.703,3.425
9795,linear_1,bitmapscan,16,prefetch-complex,io_uring,3,32GB,0.006,0.107,12.348,2.401
9796,linear_1,indexscan,16,prefetch-simple,io_uring,3,32GB,27.314,30.959,3427.495,1125.931
9797,linear_1,indexscan,16,master,worker,12,32GB,67.316,70.945,21392.229,2969.784
9798,linear_1,indexscan,16,prefetch-simple,worker,3,32GB,1.064,4.619,408.308,53.671
9799,linear_1,indexscan,0,prefetch-complex,worker,3,32GB,0.095,1.374,500.914,10.668
9800,linear_1,bitmapscan,0,prefetch-simple,io_uring,3,32GB,3.602,7.25,574.12,85.261
9801,linear_1,bitmapscan,64,prefetch-complex,sync,3,32GB,0.006,0.102,12.205,2.473
9802,linear_1,bitmapscan,64,master,worker,12,32GB,2.396,6.046,185.08,68.013
9803,linear_1,bitmapscan,1,prefetch-simple,io_uring,3,32GB,87.311,90.947,5372.992,1263.532
9804,linear_1,bitmapscan,0,prefetch-simple,worker,12,32GB,0.475,3.597,370.54,30.907
9805,linear_1,bitmapscan,64,prefetch-complex,io_uring,3,32GB,0.212,2.414,139.133,19.777
9806,linear_1,indexscan,1,prefetch-complex,io_uring,3,32GB,0.316,3.027,1278.852,22.52
9807,linear_1,indexscan,0,prefetch-simple,io_uring,3,32GB,0.006,0.104,49.363,2.087
9808,linear_1,indexscan,0,prefetch-simple,sync,3,32GB,0.041,0.668,228.27,6.006
9809,linear_1,bitmapscan,16,prefetch-simple,io_uring,3,32GB,86.955,89.207,2791.04,1257.771
9810,linear_1,indexscan,1,master,worker,12,32GB,0.001,0.017,9.124,1.07
9811,linear_1,bitmapscan,0,prefetch-simple,io_uring,3,32GB,27.313,30.952,1956.702,456.276
9812,linear_1,bitmapscan,16,prefetch-simple,sync,3,32GB,1.604,5.24,185.077,53.423
9813,linear_1,indexscan,64,prefetch-simple,worker,12,32GB,0.316,3.038,326.669,22.848
9814,linear_1,indexscan,16,prefetch-simple,worker,12,32GB,87.31,90.932,9818.633,3575.828
9815,linear_1,bitmapscan,16,master,sync,3,32GB,8.085,11.735,329.401,148.769
9816,linear_1,bitmapscan,1,prefetch-complex,sync,3,32GB,0.013,0.225,94.652,3.615
9817,linear_1,indexscan,0,prefetch-simple,worker,3,32GB,47.315,50.988,15341.696,2007.813
9818,linear_1,bitmapscan,0,master,worker,3,32GB,5.39,8.971,741.029,116.342
9819,linear_1,indexscan,16,master,worker,12,32GB,0.316,3.01,905.95,25.609
9820,linear_1,indexscan,16,prefetch-simple,io_uring,3,32GB,87.31,90.963,9705.71,3613.029
9821,linear_1,indexscan,16,prefetch-complex,sync,3,32GB,0.002,0.039,5.629,1.479
9822,linear_1,indexscan,1,prefetch-complex,sync,3,32GB,0.028,0.466,240.623,4.746
9823,linear_1,bitmapscan,64,prefetch-complex,sync,3,32GB,57.312,60.932,1889.635,913.966
9824,linear_1,indexscan,64,prefetch-complex,worker,3,32GB,3.599,7.243,561.769,161.185
9825,linear_1,bitmapscan,1,master,worker,12,32GB,47.31,50.94,3176.038,718.312
9826,linear_1,bitmapscan,1,prefetch-simple,sync,3,32GB,3.597,7.224,666.306,81.173
9827,linear_1,bitmapscan,0,prefetch-simple,sync,3,32GB,0.709,4.117,392.902,37.466
9828,linear_1,indexscan,0,prefetch-complex,worker,12,32GB,0.002,0.039,13.957,1.484
9829,linear_1,indexscan,16,prefetch-complex,worker,12,32GB,96.96,99.202,8996.391,4026.488
9830,linear_1,indexscan,64,prefetch-complex,io_uring,3,32GB,18.204,21.85,1761.445,764.586
9831,linear_1,indexscan,1,prefetch-complex,worker,3,32GB,0.14,1.854,916.912,13.404
9832,linear_1,bitmapscan,0,prefetch-complex,worker,3,32GB,0.212,2.433,450.945,20.846
9833,linear_1,bitmapscan,1,prefetch-simple,worker,12,32GB,0.004,0.074,32.814,1.891
9834,linear_1,bitmapscan,64,prefetch-complex,io_uring,3,32GB,1.598,5.244,157.143,55.875
9835,linear_1,indexscan,16,master,worker,12,32GB,37.315,40.948,12248.697,1652.89
9836,linear_1,indexscan,64,prefetch-simple,worker,3,32GB,0.006,0.109,12.623,2.162
9837,linear_1,indexscan,64,prefetch-complex,worker,12,32GB,0.002,0.037,5.602,1.512
9838,linear_1,indexscan,0,master,worker,3,32GB,67.31,70.964,21140.629,2899.801
9839,linear_1,bitmapscan,16,prefetch-complex,worker,12,32GB,1.066,4.615,157.997,44.295
9840,linear_1,indexscan,16,master,worker,3,32GB,5.404,9.031,2554.736,246.803
9841,linear_1,bitmapscan,16,prefetch-simple,worker,12,32GB,0.715,4.141,151.574,35.365
9842,linear_1,bitmapscan,16,prefetch-complex,worker,3,32GB,77.311,80.945,2631.228,1226.847
9843,linear_1,indexscan,0,prefetch-simple,sync,3,32GB,3.601,7.251,2349.814,166.485
9844,linear_1,bitmapscan,16,prefetch-complex,worker,3,32GB,0.315,3.013,123.982,25.216
9845,linear_1,bitmapscan,1,master,sync,3,32GB,5.394,9.053,733.137,106.002
9846,linear_1,bitmapscan,16,prefetch-complex,worker,3,32GB,0.041,0.667,62.463,6.708
9847,linear_1,bitmapscan,16,prefetch-simple,sync,3,32GB,18.199,21.838,574.549,307.093
9848,linear_1,bitmapscan,1,prefetch-simple,worker,12,32GB,0.019,0.323,175.35,4.414
9849,linear_1,bitmapscan,16,prefetch-complex,io_uring,3,32GB,57.307,60.961,1954.807,921.422
9850,linear_1,indexscan,0,prefetch-complex,worker,12,32GB,96.921,99.124,30238.607,4081.66
9851,linear_1,indexscan,64,prefetch-simple,io_uring,3,32GB,77.299,80.804,8918.662,3166.285
9852,linear_1,indexscan,16,master,worker,3,32GB,57.313,60.927,18594.374,2525.621
9853,linear_1,bitmapscan,64,master,worker,3,32GB,12.132,15.771,433.123,213.505
9854,linear_1,bitmapscan,64,master,worker,3,32GB,18.202,21.834,662.805,311.043
9855,linear_1,bitmapscan,1,prefetch-simple,io_uring,3,32GB,5.395,9.031,798.923,109.878
9856,linear_1,indexscan,16,prefetch-simple,worker,3,32GB,87.309,90.932,9747.287,3613.357
9857,linear_1,bitmapscan,64,prefetch-simple,worker,12,32GB,57.306,60.935,1864.554,865.388
9858,linear_1,bitmapscan,16,prefetch-simple,worker,12,32GB,87.248,90.261,2839.093,1270.805
9859,linear_1,bitmapscan,64,master,io_uring,3,32GB,67.31,70.942,2217.627,1000.291
9860,linear_1,indexscan,0,master,worker,12,32GB,8.092,11.739,3506.811,370.735
9861,linear_1,indexscan,16,prefetch-simple,sync,3,32GB,37.305,40.956,4408.578,1542.049
9862,linear_1,indexscan,64,prefetch-simple,worker,12,32GB,37.316,40.963,4310.835,1563.795
9863,linear_1,bitmapscan,0,master,worker,3,32GB,0.013,0.225,82.566,3.785
9864,linear_1,indexscan,64,prefetch-complex,sync,3,32GB,0.009,0.164,19.038,2.636
9865,linear_1,indexscan,16,master,io_uring,3,32GB,1.066,4.642,1356.951,58.465
9866,linear_1,indexscan,16,prefetch-complex,worker,3,32GB,0.001,0.02,3.811,1.276
9867,linear_1,bitmapscan,1,prefetch-simple,io_uring,3,32GB,0.063,0.973,374.804,8.695
9868,linear_1,indexscan,64,prefetch-simple,worker,12,32GB,0.064,0.995,103.32,7.176
9869,linear_1,indexscan,0,master,worker,3,32GB,0.002,0.036,12.963,1.389
9870,linear_1,bitmapscan,64,master,io_uring,3,32GB,2.402,6.04,182.517,65.061
9871,linear_1,bitmapscan,1,prefetch-complex,worker,3,32GB,0.479,3.638,536.694,30.194
9872,linear_1,indexscan,1,master,io_uring,3,32GB,0.004,0.073,38.239,1.721
9873,linear_1,bitmapscan,64,prefetch-simple,io_uring,3,32GB,0.009,0.166,19.325,2.809
9874,linear_1,indexscan,1,master,worker,3,32GB,57.312,60.953,18310.49,2485.493
9875,linear_1,bitmapscan,1,master,worker,12,32GB,0.319,3.056,533.065,24.33
9876,linear_1,bitmapscan,0,prefetch-simple,io_uring,3,32GB,77.314,80.954,4669.421,1175.089
9877,linear_1,bitmapscan,16,prefetch-simple,sync,3,32GB,0.002,0.034,4.869,1.421
9878,linear_1,indexscan,1,master,worker,3,32GB,37.306,40.952,12689.684,1659.478
9879,linear_1,indexscan,1,prefetch-complex,worker,12,32GB,97.079,99.469,47688.941,4044.626
9880,linear_1,bitmapscan,0,master,sync,3,32GB,0.01,0.171,86.387,3.196
9881,linear_1,indexscan,64,prefetch-simple,sync,3,32GB,57.308,60.956,6268.102,2358.205
9882,linear_1,bitmapscan,64,prefetch-simple,worker,12,32GB,0.001,0.015,3.302,1.086
9883,linear_1,bitmapscan,0,prefetch-simple,worker,3,32GB,0.042,0.679,260.254,7.259
9884,linear_1,indexscan,1,prefetch-simple,sync,3,32GB,0.019,0.334,170.359,3.752
9885,linear_1,bitmapscan,0,prefetch-simple,worker,3,32GB,37.302,40.941,2320.664,583.068
9886,linear_1,bitmapscan,16,prefetch-complex,io_uring,3,32GB,5.397,9.032,270.978,111.771
9887,linear_1,bitmapscan,0,prefetch-simple,worker,12,32GB,2.392,6.033,486.898,65.923
9888,linear_1,indexscan,0,prefetch-complex,worker,3,32GB,12.137,15.76,4934.752,523.166
9889,linear_1,indexscan,64,prefetch-simple,worker,12,32GB,0.211,2.436,242.535,16.373
9890,linear_1,indexscan,64,prefetch-complex,worker,12,32GB,57.312,60.93,4986.714,2408.575
9891,linear_1,bitmapscan,64,prefetch-simple,worker,3,32GB,57.309,60.963,1869.21,870.944
9892,linear_1,indexscan,16,master,worker,12,32GB,47.307,50.948,15640.851,2051.359
9893,linear_1,indexscan,16,master,worker,12,32GB,77.311,80.947,24496.086,3365.771
9894,linear_1,bitmapscan,64,prefetch-complex,worker,3,32GB,0.013,0.223,33.804,3.679
9895,linear_1,bitmapscan,1,master,sync,3,32GB,0.471,3.599,495.416,28.196
9896,linear_1,bitmapscan,1,master,worker,3,32GB,0.003,0.06,31.845,1.713
9897,linear_1,bitmapscan,1,prefetch-complex,sync,3,32GB,57.305,60.949,3923.319,917.141
9898,linear_1,indexscan,16,prefetch-complex,worker,12,32GB,0.142,1.865,198.532,13.439
9899,linear_1,indexscan,64,prefetch-complex,io_uring,3,32GB,0.711,4.124,333.26,41.759
9900,linear_1,indexscan,64,prefetch-simple,worker,3,32GB,87.301,90.797,9522.827,3573.014
9901,linear_1,indexscan,0,prefetch-complex,worker,12,32GB,0.042,0.692,241.616,6.483
9902,linear_1,indexscan,1,prefetch-simple,sync,3,32GB,0.13,1.682,820.904,11.311
9903,linear_1,indexscan,16,prefetch-simple,io_uring,3,32GB,0.013,0.225,26.438,2.997
9904,linear_1,indexscan,64,prefetch-complex,io_uring,3,32GB,0.019,0.335,37.31,4.185
9905,linear_1,indexscan,64,prefetch-simple,sync,3,32GB,0.475,3.615,373.402,30.52
9906,linear_1,indexscan,1,prefetch-complex,sync,3,32GB,0.002,0.036,16.5,1.454
9907,linear_1,indexscan,1,prefetch-complex,sync,3,32GB,0.139,1.836,888.46,12.819
9908,linear_1,indexscan,64,prefetch-simple,io_uring,3,32GB,0.009,0.156,30.957,2.559
9909,linear_1,indexscan,1,master,sync,3,32GB,77.31,80.933,24170.015,3364.899
9910,linear_1,bitmapscan,0,prefetch-complex,io_uring,3,32GB,57.314,60.944,3677.669,956.591
9911,linear_1,indexscan,64,prefetch-simple,io_uring,3,32GB,57.317,60.95,7086.419,2396.608
9912,linear_1,bitmapscan,64,prefetch-complex,worker,3,32GB,1.599,5.225,163.273,56.486
9913,linear_1,bitmapscan,1,prefetch-simple,sync,3,32GB,12.135,15.784,1266.207,216.732
9914,linear_1,indexscan,64,prefetch-simple,worker,12,32GB,57.309,60.956,6567.554,2395.865
9915,linear_1,indexscan,1,prefetch-complex,worker,3,32GB,0.004,0.076,33.724,1.996
9916,linear_1,bitmapscan,0,prefetch-complex,sync,3,32GB,0.316,3.032,376.165,25.493
9917,linear_1,indexscan,64,prefetch-complex,worker,12,32GB,2.395,6.045,541.701,113.59
9918,linear_1,bitmapscan,0,master,io_uring,3,32GB,0.004,0.071,23.052,1.806
9919,linear_1,indexscan,16,prefetch-complex,worker,12,32GB,0.009,0.157,18.769,2.574
9920,linear_1,bitmapscan,0,master,sync,3,32GB,77.305,80.938,4676.397,1172.492
9921,linear_1,indexscan,1,master,worker,3,32GB,47.311,50.954,15461.454,2097.293
9922,linear_1,bitmapscan,16,master,worker,12,32GB,0.001,0.016,3.28,1.108
9923,linear_1,bitmapscan,1,master,io_uring,3,32GB,1.595,5.233,543.334,54.847
9924,linear_1,indexscan,1,prefetch-complex,io_uring,3,32GB,0.062,0.968,474.374,8.055
9925,linear_1,indexscan,0,master,io_uring,3,32GB,0.001,0.021,7.566,1.11
9926,linear_1,indexscan,16,prefetch-complex,io_uring,3,32GB,0.714,4.132,363.764,41.012
9927,linear_1,indexscan,16,prefetch-complex,worker,12,32GB,0.003,0.052,7.783,1.647
9928,linear_1,indexscan,0,master,worker,3,32GB,96.968,99.216,30203.53,4300.182
9929,linear_1,indexscan,0,master,io_uring,3,32GB,37.315,40.969,12298.695,1664.776
9930,linear_1,indexscan,1,prefetch-complex,sync,3,32GB,8.091,11.726,5244.312,353.232
9931,linear_1,bitmapscan,1,prefetch-simple,io_uring,3,32GB,18.202,21.835,1585.214,313.525
9932,linear_1,bitmapscan,0,prefetch-complex,worker,12,32GB,3.6,7.269,579.388,90.558
9933,linear_1,bitmapscan,1,master,io_uring,3,32GB,0.708,4.1,507.434,35.692
9934,linear_1,indexscan,0,prefetch-complex,io_uring,3,32GB,0.001,0.019,7.482,1.266
9935,linear_1,bitmapscan,0,prefetch-simple,io_uring,3,32GB,0.006,0.11,34.287,2.266
9936,linear_1,indexscan,64,prefetch-simple,worker,12,32GB,47.31,50.973,5240.277,1943.922
9937,linear_1,bitmapscan,0,prefetch-complex,worker,3,32GB,0.314,3.028,359.493,26.316
9938,linear_1,indexscan,16,prefetch-simple,sync,3,32GB,0.063,0.984,111.512,8.332
9939,linear_1,bitmapscan,16,prefetch-simple,sync,3,32GB,0.042,0.685,80.564,6.72
9940,linear_1,bitmapscan,0,master,sync,3,32GB,47.314,50.947,2992.485,730.912
9941,linear_1,indexscan,1,prefetch-simple,worker,12,32GB,0.094,1.356,661.461,9.657
9942,linear_1,bitmapscan,64,master,worker,12,32GB,1.596,5.234,165.18,53.9
9943,linear_1,indexscan,64,prefetch-complex,worker,3,32GB,1.603,5.238,499.221,80.224
9944,linear_1,bitmapscan,0,prefetch-complex,sync,3,32GB,87.308,90.945,5158.222,1423.841
9945,linear_1,indexscan,16,prefetch-complex,io_uring,3,32GB,3.598,7.261,616.946,162.321
9946,linear_1,bitmapscan,64,prefetch-complex,sync,3,32GB,1.067,4.643,142.6,43.823
9947,linear_1,indexscan,0,master,worker,12,32GB,27.309,30.951,9078.185,1203.348
9948,linear_1,bitmapscan,16,prefetch-simple,sync,3,32GB,0.013,0.22,23.439,3.519
9949,linear_1,bitmapscan,16,prefetch-simple,sync,3,32GB,77.313,80.951,2539.434,1130.34
9950,linear_1,bitmapscan,16,master,io_uring,3,32GB,27.302,30.939,829.38,440.403
9951,linear_1,indexscan,1,master,io_uring,3,32GB,87.313,90.948,28381.726,3799.459
9952,linear_1,bitmapscan,16,master,sync,3,32GB,57.314,60.958,1899.028,861.906
9953,linear_1,indexscan,16,prefetch-complex,worker,3,32GB,2.404,6.038,556.755,111.299
9954,linear_1,bitmapscan,1,master,worker,3,32GB,8.098,11.737,950.094,148.014
9955,linear_1,indexscan,0,prefetch-simple,sync,3,32GB,87.311,90.938,27209.53,3639.935
9956,linear_1,indexscan,16,prefetch-simple,io_uring,3,32GB,0.004,0.07,8.868,1.679
9957,linear_1,bitmapscan,64,prefetch-simple,io_uring,3,32GB,0.712,4.123,156.264,35.628
9958,linear_1,bitmapscan,0,master,worker,12,32GB,0.093,1.348,389.774,12.469
9959,linear_1,indexscan,64,prefetch-complex,worker,3,32GB,27.303,30.95,2691.535,1143.169
9960,linear_1,indexscan,16,master,worker,12,32GB,18.208,21.857,6558.911,812.567
9961,linear_1,bitmapscan,64,prefetch-simple,worker,12,32GB,0.003,0.051,6.961,1.666
9962,linear_1,indexscan,1,prefetch-complex,worker,3,32GB,0.013,0.225,102.706,3.25
9963,linear_1,indexscan,0,master,io_uring,3,32GB,57.309,60.955,18334.552,2493.698
9964,linear_1,bitmapscan,1,master,io_uring,3,32GB,0.141,1.872,549.325,14.993
9965,linear_1,bitmapscan,16,prefetch-simple,sync,3,32GB,0.009,0.153,17.295,2.591
9966,linear_1,indexscan,0,prefetch-simple,worker,12,32GB,18.199,21.827,7044.442,780.891
9967,linear_1,bitmapscan,1,master,sync,3,32GB,0.063,0.987,418.077,9.116
9968,linear_1,bitmapscan,0,master,worker,3,32GB,57.315,60.96,3549.409,879.788
9969,linear_1,indexscan,0,master,io_uring,3,32GB,0.709,4.096,1178.893,42.999
9970,linear_1,bitmapscan,0,master,io_uring,3,32GB,0.211,2.424,381.995,20.908
9971,linear_1,bitmapscan,16,prefetch-complex,worker,12,32GB,0.063,0.987,121.29,9.419
9972,linear_1,bitmapscan,0,prefetch-complex,worker,12,32GB,1.069,4.645,377.609,49.529
9973,linear_1,bitmapscan,1,prefetch-complex,worker,12,32GB,87.15,89.78,5441.125,1355.079
9974,linear_1,indexscan,1,prefetch-simple,worker,12,32GB,18.203,21.85,9960.565,771.654
9975,linear_1,indexscan,0,prefetch-complex,worker,12,32GB,37.274,40.493,14225.704,1623.759
9976,linear_1,bitmapscan,16,master,io_uring,3,32GB,0.028,0.476,46.511,5.565
9977,linear_1,bitmapscan,64,prefetch-complex,sync,3,32GB,3.6,7.246,227.926,86.709
9978,linear_1,indexscan,16,master,worker,3,32GB,0.21,2.409,848.436,17.515
9979,linear_1,bitmapscan,0,prefetch-simple,worker,3,32GB,0.001,0.02,8.775,1.15
9980,linear_1,indexscan,0,prefetch-complex,sync,3,32GB,37.317,40.98,12594.564,1591.604
9981,linear_1,bitmapscan,1,master,io_uring,3,32GB,57.312,60.963,3929.187,856.257
9982,linear_1,bitmapscan,1,master,worker,12,32GB,0.013,0.234,147.504,3.678
9983,linear_1,bitmapscan,64,prefetch-complex,worker,3,32GB,0.004,0.076,9.281,2.052
9984,linear_1,bitmapscan,16,prefetch-simple,sync,3,32GB,57.311,60.957,1925.526,855.97
9985,linear_1,indexscan,64,prefetch-simple,worker,3,32GB,0.018,0.315,35,3.609
9986,linear_1,bitmapscan,0,prefetch-simple,sync,3,32GB,0.014,0.24,81.258,3.716
9987,linear_1,bitmapscan,1,master,sync,3,32GB,37.305,40.966,2635.901,576.895
9988,linear_1,indexscan,0,prefetch-simple,worker,3,32GB,0.002,0.036,12.825,1.329
9989,linear_1,bitmapscan,0,prefetch-complex,worker,3,32GB,57.309,60.957,3653.839,952.409
9990,linear_1,indexscan,1,prefetch-simple,io_uring,3,32GB,0.062,0.969,509.233,7.567
9991,linear_1,bitmapscan,64,master,worker,3,32GB,2.394,6.046,176.698,64.627
9992,linear_1,indexscan,16,prefetch-complex,io_uring,3,32GB,5.392,9.049,797.395,238.015
9993,linear_1,indexscan,16,prefetch-simple,worker,12,32GB,37.316,40.952,4648.152,1547.537
9994,linear_1,indexscan,64,master,worker,12,32GB,77.307,80.934,24412.659,3337.507
9995,linear_1,bitmapscan,0,master,worker,12,32GB,2.394,6.023,508.863,69.074
9996,linear_1,bitmapscan,64,prefetch-complex,worker,12,32GB,0.006,0.104,12.426,2.321
9997,linear_1,bitmapscan,16,prefetch-complex,sync,3,32GB,0.012,0.211,23.09,3.333
9998,linear_1,bitmapscan,16,master,worker,12,32GB,0.028,0.472,45.816,5.187
9999,linear_1,bitmapscan,0,prefetch-simple,worker,3,32GB,1.066,4.627,366.938,44.231
10000,linear_1,indexscan,64,prefetch-simple,worker,3,32GB,67.313,70.955,7664.312,2812.433
10001,linear_1,indexscan,1,master,worker,12,32GB,0.064,0.987,439.403,8.225
10002,linear_1,indexscan,16,prefetch-complex,worker,3,32GB,87.312,90.942,7981.055,3715.491
10003,linear_1,indexscan,1,prefetch-complex,io_uring,3,32GB,0.02,0.34,201.005,4.063
10004,linear_1,bitmapscan,16,prefetch-simple,io_uring,3,32GB,0.708,4.134,138.396,36.538
10005,linear_1,bitmapscan,1,prefetch-simple,sync,3,32GB,0.475,3.587,490.919,28.51
10006,linear_1,indexscan,0,prefetch-complex,worker,3,32GB,1.602,5.218,1477.262,81.433
10007,linear_1,indexscan,64,prefetch-simple,worker,12,32GB,0.474,3.605,370.689,30.095
10008,linear_1,indexscan,64,prefetch-simple,worker,3,32GB,0.092,1.342,139.051,9.411
10009,linear_1,bitmapscan,1,master,worker,3,32GB,0.002,0.037,17.075,1.339
10010,linear_1,indexscan,1,prefetch-complex,io_uring,3,32GB,12.141,15.79,7151.817,516.457
10011,linear_1,indexscan,16,prefetch-simple,worker,12,32GB,0.002,0.037,9.937,1.34
10012,linear_1,indexscan,16,prefetch-complex,io_uring,3,32GB,0.474,3.584,309.077,29.549
10013,linear_1,bitmapscan,1,prefetch-simple,io_uring,3,32GB,67.315,70.938,4232.588,994.269
10014,linear_1,bitmapscan,16,prefetch-complex,worker,3,32GB,3.591,7.231,229.185,86.546
10015,linear_1,indexscan,1,prefetch-simple,sync,3,32GB,0.471,3.572,1573.409,30.846
10016,linear_1,bitmapscan,1,prefetch-complex,worker,12,32GB,0.476,3.603,539.515,30.65
10017,linear_1,indexscan,1,master,sync,3,32GB,1.067,4.635,1214.893,59.993
10018,linear_1,indexscan,1,master,worker,3,32GB,1.602,5.224,1481.749,84.495
10019,linear_1,bitmapscan,16,master,sync,3,32GB,87.309,90.951,2889.496,1271.598
10020,linear_1,bitmapscan,64,prefetch-simple,sync,3,32GB,12.133,15.77,478.133,216.544
10021,linear_1,bitmapscan,16,prefetch-simple,worker,12,32GB,0.027,0.457,44.383,5.452
10022,linear_1,bitmapscan,64,prefetch-simple,worker,12,32GB,0.04,0.663,60.706,6.54
10023,linear_1,indexscan,64,prefetch-simple,io_uring,3,32GB,5.39,8.985,874.768,240.273
10024,linear_1,bitmapscan,64,master,worker,3,32GB,66.94,69.199,2122.401,987.573
10025,linear_1,indexscan,64,prefetch-simple,worker,3,32GB,96.969,99.218,10261.332,3959.515
10026,linear_1,bitmapscan,16,master,worker,3,32GB,12.141,15.792,458.278,216.861
10027,linear_1,bitmapscan,64,master,worker,3,32GB,87.307,90.931,2928.164,1278.717
10028,linear_1,bitmapscan,0,prefetch-complex,sync,3,32GB,0.142,1.867,458.651,15.626
10029,linear_1,indexscan,0,master,worker,12,32GB,0.002,0.032,11.025,1.246
10030,linear_1,indexscan,16,prefetch-complex,worker,3,32GB,0.141,1.858,203.258,13.347
10031,linear_1,indexscan,16,master,sync,3,32GB,57.313,60.954,18193.111,2518.686
10032,linear_1,indexscan,1,prefetch-simple,io_uring,3,32GB,8.085,11.733,5165.547,347.703
10033,linear_1,bitmapscan,1,prefetch-complex,sync,3,32GB,1.067,4.626,537.622,45.667
10034,linear_1,bitmapscan,1,master,worker,3,32GB,97.22,99.888,5768.023,1384.2
10035,linear_1,bitmapscan,16,prefetch-complex,io_uring,3,32GB,0.019,0.322,34.513,4.507
10036,linear_1,bitmapscan,1,master,io_uring,3,32GB,0.475,3.603,475.151,28.732
10037,linear_1,indexscan,1,prefetch-simple,io_uring,3,32GB,3.595,7.237,3212.957,160.657
10038,linear_1,bitmapscan,64,prefetch-simple,sync,3,32GB,87.306,90.925,2920.727,1268.597
10039,linear_1,bitmapscan,16,prefetch-complex,worker,3,32GB,27.306,30.965,878.957,461.492
10040,linear_1,indexscan,16,prefetch-simple,sync,3,32GB,0.004,0.071,31.75,1.702
10041,linear_1,bitmapscan,0,prefetch-simple,io_uring,3,32GB,1.598,5.231,431.478,57.337
10042,linear_1,bitmapscan,16,prefetch-complex,worker,3,32GB,2.398,6.061,224.668,67.112
10043,linear_1,indexscan,64,master,worker,12,32GB,37.306,40.966,12497.283,1646.197
10044,linear_1,bitmapscan,0,master,io_uring,3,32GB,3.598,7.241,551.3,88.629
10045,linear_1,indexscan,16,master,worker,3,32GB,0.019,0.337,114.15,4.045
10046,linear_1,bitmapscan,16,prefetch-simple,sync,3,32GB,0.213,2.442,157.794,18.962
10047,linear_1,bitmapscan,64,prefetch-complex,io_uring,3,32GB,0.065,1.005,104.815,8.742
10048,linear_1,bitmapscan,0,master,worker,3,32GB,8.09,11.725,772.074,150.904
10049,linear_1,bitmapscan,1,prefetch-simple,worker,12,32GB,0.063,0.985,418.76,8.826
10050,linear_1,bitmapscan,16,prefetch-simple,worker,3,32GB,67.31,70.948,2203.139,1025.843
10051,linear_1,bitmapscan,1,master,sync,3,32GB,8.087,11.74,931.857,149.445
10052,linear_1,indexscan,0,prefetch-complex,worker,12,32GB,18.199,21.833,6644.434,790.796
10053,linear_1,indexscan,1,prefetch-complex,worker,12,32GB,0.212,2.43,1125.927,17.352
10054,linear_1,bitmapscan,0,master,io_uring,3,32GB,0.71,4.105,373.915,37.042
10055,linear_1,bitmapscan,0,prefetch-simple,worker,3,32GB,57.314,60.961,3508.088,891.483
10056,linear_1,indexscan,0,prefetch-complex,sync,3,32GB,97.053,99.411,30440.254,4111.424
10057,linear_1,indexscan,16,master,io_uring,3,32GB,3.242,5.509,1611.461,148.551
10058,linear_1,bitmapscan,1,prefetch-simple,io_uring,3,32GB,3.599,7.23,722.939,80.829
10059,linear_1,indexscan,1,prefetch-simple,worker,3,32GB,0.314,3.025,1330.674,22.338
10060,linear_1,indexscan,16,master,sync,3,32GB,0.474,3.607,1008.148,30.982
10061,linear_1,indexscan,64,prefetch-complex,io_uring,3,32GB,77.309,80.964,6781.711,3203.727
10062,linear_1,indexscan,16,master,sync,3,32GB,27.317,30.942,9376.867,1218.745
10063,linear_1,indexscan,0,prefetch-complex,io_uring,3,32GB,27.066,29.5,8617.903,1170.039
10064,linear_1,bitmapscan,1,prefetch-complex,worker,3,32GB,0.042,0.683,274.559,7.458
10065,linear_1,indexscan,1,prefetch-simple,sync,3,32GB,57.309,60.959,27842.403,2388.58
10066,linear_1,indexscan,1,prefetch-simple,sync,3,32GB,0.006,0.109,50.177,2.192
10067,linear_1,bitmapscan,64,prefetch-complex,worker,12,32GB,18.2,21.861,581.301,331.134
10068,linear_1,bitmapscan,16,prefetch-simple,worker,12,32GB,0.002,0.036,5.201,1.441
10069,linear_1,bitmapscan,1,master,worker,12,32GB,0.002,0.04,17.632,1.382
10070,linear_1,indexscan,64,prefetch-complex,sync,3,32GB,97.214,99.873,8656.867,4103.938
10071,linear_1,bitmapscan,1,master,io_uring,3,32GB,27.312,30.963,2110.955,450.046
10072,linear_1,indexscan,16,prefetch-simple,io_uring,3,32GB,77.307,80.937,10336.053,3181.431
10073,linear_1,indexscan,64,prefetch-complex,worker,3,32GB,0.02,0.334,35.402,3.826
10074,linear_1,indexscan,1,prefetch-simple,sync,3,32GB,0.001,0.019,10.084,1.134
10075,linear_1,indexscan,1,prefetch-simple,io_uring,3,32GB,18.205,21.858,9988.36,752.346
10076,linear_1,indexscan,16,master,io_uring,3,32GB,0.002,0.032,21.111,1.253
10077,linear_1,indexscan,16,master,sync,3,32GB,0.042,0.688,228.521,6.157
10078,linear_1,indexscan,0,prefetch-simple,worker,12,32GB,12.14,15.772,4653.445,518.482
10079,linear_1,bitmapscan,1,prefetch-simple,io_uring,3,32GB,0.709,4.122,471.826,35.693
10080,linear_1,bitmapscan,1,master,io_uring,3,32GB,0.211,2.42,484.217,18.694
10081,linear_1,bitmapscan,16,master,io_uring,3,32GB,8.085,11.737,311.333,144.701
10082,linear_1,bitmapscan,0,prefetch-complex,worker,12,32GB,27.311,30.943,1893.741,482.285
10083,linear_1,indexscan,64,master,worker,3,32GB,0.028,0.478,164.761,5.026
10084,linear_1,bitmapscan,0,master,worker,12,32GB,0.028,0.47,145.215,5.431
10085,linear_1,indexscan,1,master,io_uring,3,32GB,67.313,70.951,20832.088,2984.751
10086,linear_1,indexscan,0,master,worker,3,32GB,0.028,0.466,178.571,4.924
10087,linear_1,bitmapscan,16,prefetch-simple,worker,3,32GB,0.384,2.662,95.942,22.856
10088,linear_1,bitmapscan,1,prefetch-complex,worker,3,32GB,0.009,0.161,74.871,2.984
10089,linear_1,bitmapscan,0,master,worker,3,32GB,0.002,0.039,13.975,1.364
10090,linear_1,indexscan,64,prefetch-simple,sync,3,32GB,0.013,0.232,25.063,2.983
10091,linear_1,bitmapscan,1,prefetch-simple,sync,3,32GB,2.397,6.041,602.67,63.356
10092,linear_1,indexscan,0,prefetch-complex,worker,12,32GB,3.604,7.228,2089.51,169.222
10093,linear_1,indexscan,64,prefetch-simple,worker,12,32GB,0.003,0.052,6.794,1.512
10094,linear_1,indexscan,1,prefetch-simple,io_uring,3,32GB,0.712,4.122,1781.312,39.936
10095,linear_1,indexscan,64,prefetch-simple,worker,12,32GB,0.713,4.13,399.769,42.628
10096,linear_1,indexscan,16,master,sync,3,32GB,0.215,2.469,865.939,19.19
10097,linear_1,indexscan,16,prefetch-complex,sync,3,32GB,67.311,70.942,6581.646,2845.359
10098,linear_1,bitmapscan,0,prefetch-simple,worker,12,32GB,18.207,21.735,1499.573,329.271
10099,linear_1,bitmapscan,16,master,worker,3,32GB,87.296,90.807,2931.222,1280.121
10100,linear_1,indexscan,16,prefetch-simple,worker,3,32GB,1.6,5.216,514.135,75.808
10101,linear_1,indexscan,1,prefetch-complex,io_uring,3,32GB,77.274,80.501,36423.454,3255.983
10102,linear_1,indexscan,0,prefetch-complex,io_uring,3,32GB,0.013,0.232,88.855,3.421
10103,linear_1,bitmapscan,0,prefetch-complex,sync,3,32GB,0.212,2.425,334.049,19.793
10104,linear_1,indexscan,16,prefetch-complex,io_uring,3,32GB,0.019,0.324,33.957,3.712
10105,linear_1,indexscan,0,prefetch-simple,io_uring,3,32GB,0.013,0.223,72.949,3.198
10106,linear_1,bitmapscan,1,master,worker,3,32GB,5.398,9.016,740.693,109.175
10107,linear_1,indexscan,16,master,io_uring,3,32GB,0.001,0.018,6.769,1.09
10108,linear_1,bitmapscan,64,prefetch-complex,io_uring,3,32GB,0.013,0.227,25.831,3.588
10109,linear_1,indexscan,16,prefetch-simple,sync,3,32GB,2.403,6.054,627.931,110.412
10110,linear_1,indexscan,0,prefetch-simple,worker,12,32GB,47.309,50.942,15773.835,2012.929
10111,linear_1,bitmapscan,64,prefetch-complex,sync,3,32GB,2.401,6.04,220.317,68.02
10112,linear_1,indexscan,64,master,sync,3,32GB,0.028,0.473,175.933,4.886
10113,linear_1,indexscan,64,prefetch-simple,worker,3,32GB,76.984,79.301,8095.67,3202.283
10114,linear_1,bitmapscan,16,prefetch-simple,worker,3,32GB,3.596,7.233,218.672,81.898
10115,linear_1,bitmapscan,1,prefetch-complex,worker,12,32GB,2.368,5.641,484.136,65.631
10116,linear_1,bitmapscan,64,prefetch-simple,worker,3,32GB,37.307,40.949,1159.067,584.536
10117,linear_1,bitmapscan,1,prefetch-complex,worker,12,32GB,0.001,0.015,8.125,1.317
10118,linear_1,bitmapscan,64,master,sync,3,32GB,0.064,1.001,87.144,8.958
10119,linear_1,bitmapscan,1,prefetch-complex,sync,3,32GB,87.308,90.928,7667.983,1413.139
10120,linear_1,bitmapscan,0,master,io_uring,3,32GB,0.315,3.024,360.164,25.681
10121,linear_1,bitmapscan,16,master,io_uring,3,32GB,0.474,3.607,132.55,30.347
10122,linear_1,indexscan,1,prefetch-simple,io_uring,3,32GB,46.921,49.165,22801.479,1945.767
10123,linear_1,bitmapscan,16,prefetch-complex,worker,3,32GB,97.11,99.558,3289.321,1535.123
10124,linear_1,bitmapscan,16,prefetch-complex,worker,12,32GB,0.002,0.039,5.854,1.587
10125,linear_1,indexscan,64,master,worker,12,32GB,47.311,50.968,15502.727,2105.579
10126,linear_1,indexscan,0,prefetch-complex,worker,3,32GB,3.594,7.239,2152.862,170.095
10127,linear_1,indexscan,64,prefetch-simple,io_uring,3,32GB,1.596,5.217,476.644,75.812
10128,linear_1,indexscan,1,prefetch-simple,worker,12,32GB,0.042,0.674,337.996,6.02
10129,linear_1,bitmapscan,0,master,io_uring,3,32GB,27.314,30.951,1905.166,448.139
10130,linear_1,bitmapscan,1,master,worker,12,32GB,67.316,70.956,4254.987,996.069
10131,linear_1,indexscan,1,prefetch-complex,io_uring,3,32GB,8.091,11.705,5426.457,346.114
10132,linear_1,indexscan,1,prefetch-simple,io_uring,3,32GB,0.095,1.385,729.291,10.183
10133,linear_1,indexscan,0,prefetch-complex,io_uring,3,32GB,0.018,0.314,102.562,3.979
10134,linear_1,bitmapscan,0,master,io_uring,3,32GB,37.314,40.977,2430.532,607.98
10135,linear_1,bitmapscan,0,prefetch-simple,worker,3,32GB,27.311,30.954,1881.873,448.781
10136,linear_1,indexscan,0,master,sync,3,32GB,77.311,80.959,24417.021,3393.612
10137,linear_1,indexscan,16,prefetch-simple,sync,3,32GB,0.133,1.731,196.097,11.594
10138,linear_1,bitmapscan,16,prefetch-simple,sync,3,32GB,0.028,0.475,70.433,5.66
10139,linear_1,indexscan,16,prefetch-complex,worker,3,32GB,8.086,11.716,1025.929,347.33
10140,linear_1,indexscan,1,prefetch-simple,io_uring,3,32GB,12.131,15.771,7090.907,513.955
10141,linear_1,indexscan,1,prefetch-complex,io_uring,3,32GB,0.093,1.358,709.171,9.767
10142,linear_1,bitmapscan,64,prefetch-simple,sync,3,32GB,3.599,7.241,253.186,82.238
10143,linear_1,indexscan,0,prefetch-simple,worker,3,32GB,97.186,99.779,29696.781,4098.625
10144,linear_1,indexscan,1,prefetch-simple,sync,3,32GB,77.31,80.939,37467.293,3206.117
10145,linear_1,bitmapscan,0,master,worker,12,32GB,0.989,3.844,301.412,40.076
10146,linear_1,bitmapscan,0,prefetch-complex,worker,12,32GB,0.013,0.224,108.813,3.681
10147,linear_1,indexscan,64,prefetch-simple,io_uring,3,32GB,0.003,0.058,503.594,1.724
10148,linear_1,bitmapscan,1,prefetch-simple,worker,3,32GB,0.001,0.018,8.584,1.134
10149,linear_1,bitmapscan,1,master,io_uring,3,32GB,97.155,99.671,5804.557,1392.565
10150,linear_1,indexscan,1,prefetch-simple,worker,12,32GB,1.607,5.248,2142.176,78.149
10151,linear_1,bitmapscan,0,prefetch-simple,worker,3,32GB,0.209,2.419,419.283,20.319
10152,linear_1,bitmapscan,16,prefetch-simple,sync,3,32GB,0.019,0.326,31.897,4.067
10153,linear_1,bitmapscan,16,prefetch-simple,worker,12,32GB,5.395,9.037,323.432,106.282
10154,linear_1,indexscan,1,prefetch-complex,worker,12,32GB,27.312,30.941,14531.146,1147.212
10155,linear_1,bitmapscan,16,prefetch-simple,worker,3,32GB,87.312,90.965,3015.647,1273.111
10156,linear_1,indexscan,0,prefetch-complex,io_uring,3,32GB,0.004,0.071,85.886,1.982
10157,linear_1,bitmapscan,64,master,io_uring,3,32GB,0.47,3.586,135.475,29.589
10158,linear_1,indexscan,0,prefetch-simple,sync,3,32GB,1.06,4.643,2130.868,56.506
10159,linear_1,indexscan,1,master,worker,12,32GB,37.305,40.935,13539.377,1620.769
10160,linear_1,bitmapscan,16,master,sync,3,32GB,47.304,50.855,1530.135,717.024
10161,linear_1,indexscan,1,prefetch-complex,sync,3,32GB,0.058,0.894,414.364,7.647
10162,linear_1,bitmapscan,0,prefetch-complex,io_uring,3,32GB,0.009,0.162,61.231,3.212
10163,linear_1,bitmapscan,64,prefetch-simple,worker,3,32GB,47.31,50.962,1523.243,714.039
10164,linear_1,indexscan,16,prefetch-complex,sync,3,32GB,77.31,80.935,7491.984,3258.139
10165,linear_1,bitmapscan,64,prefetch-simple,io_uring,3,32GB,0.001,0.016,3.22,1.182
10166,linear_1,indexscan,64,prefetch-complex,io_uring,3,32GB,0.094,1.363,174.998,10.234
10167,linear_1,indexscan,16,prefetch-simple,worker,12,32GB,0.009,0.165,18.515,2.746
10168,linear_1,bitmapscan,16,prefetch-complex,io_uring,3,32GB,0.062,0.974,84.665,8.906
10169,linear_1,bitmapscan,0,master,sync,3,32GB,0.477,3.612,385.162,30.605
10170,linear_1,indexscan,16,prefetch-complex,io_uring,3,32GB,67.308,70.954,6720.344,2897.366
10171,linear_1,indexscan,0,prefetch-simple,worker,12,32GB,8.074,11.444,3634.841,353.968
10172,linear_1,bitmapscan,0,master,worker,12,32GB,0.052,0.802,228.273,8.051
10173,linear_1,indexscan,0,master,worker,12,32GB,87.306,90.902,39230.401,3778.361
10174,linear_1,bitmapscan,1,master,worker,12,32GB,3.589,7.242,713.512,81.441
10175,linear_1,indexscan,16,prefetch-complex,io_uring,3,32GB,0.002,0.034,6.482,1.465
10176,linear_1,bitmapscan,1,master,worker,12,32GB,2.399,6.064,612.136,63.5
10177,linear_1,bitmapscan,64,master,worker,12,32GB,0.001,0.012,2.684,1.06
10178,linear_1,indexscan,64,master,sync,3,32GB,67.305,70.978,23543.074,2925.259
10179,linear_1,indexscan,64,master,worker,3,32GB,0.019,0.329,159.152,3.971
10180,linear_1,bitmapscan,0,prefetch-complex,worker,12,32GB,0.028,0.469,142.955,5.737
10181,linear_1,bitmapscan,16,prefetch-complex,sync,3,32GB,87.311,90.947,3012.547,1372.304
10182,linear_1,indexscan,0,master,sync,3,32GB,47.307,50.948,16205.151,2052.945
10183,linear_1,indexscan,1,prefetch-complex,worker,3,32GB,3.597,7.237,3251.157,163.775
10184,linear_1,indexscan,16,master,worker,12,32GB,87.31,90.954,27945.539,3852.663
10185,linear_1,indexscan,16,prefetch-simple,io_uring,3,32GB,0.003,0.054,7.167,1.607
10186,linear_1,indexscan,1,master,worker,12,32GB,0.711,4.115,1565.683,42.428
10187,linear_1,indexscan,1,prefetch-complex,worker,12,32GB,3.598,7.251,4174.469,163.159
10188,linear_1,bitmapscan,1,prefetch-simple,io_uring,3,32GB,0.316,3.021,459.772,24.301
10189,linear_1,indexscan,16,master,worker,12,32GB,57.314,60.937,21421.511,2523.458
10190,linear_1,indexscan,16,prefetch-complex,worker,12,32GB,0.043,0.652,75.255,5.799
10191,linear_1,indexscan,0,master,sync,3,32GB,0.019,0.322,106.303,4.036
10192,linear_1,bitmapscan,1,master,sync,3,32GB,77.308,80.952,5009.341,1127.351
10193,linear_1,bitmapscan,16,prefetch-simple,worker,3,32GB,1.067,4.617,160.81,45.488
10194,linear_1,indexscan,0,prefetch-complex,sync,3,32GB,1.597,5.226,1485.121,79.974
10195,linear_1,bitmapscan,16,prefetch-complex,worker,3,32GB,57.241,60.204,1867.126,910.144
10196,linear_1,bitmapscan,0,prefetch-simple,sync,3,32GB,0.107,1.355,305.815,13.492
10197,linear_1,indexscan,0,prefetch-simple,io_uring,3,32GB,47.311,50.951,15324.443,1993.029
10198,linear_1,indexscan,64,prefetch-simple,worker,12,32GB,87.306,90.934,9980.292,3715.512
10199,linear_1,bitmapscan,64,master,worker,12,32GB,0.002,0.035,5.144,1.405
10200,linear_1,bitmapscan,16,prefetch-simple,worker,12,32GB,0.318,3.044,195.142,24.046
10201,linear_1,bitmapscan,64,master,sync,3,32GB,0.041,0.685,69.047,6.774
10202,linear_1,indexscan,0,prefetch-complex,sync,3,32GB,2.398,6.024,1796.216,114.088
10203,linear_1,indexscan,0,prefetch-simple,io_uring,3,32GB,0.477,3.607,1078.583,32.549
10204,linear_1,indexscan,64,master,sync,3,32GB,87.219,90.099,28010.238,3791.955
10205,linear_1,indexscan,1,prefetch-complex,worker,12,32GB,8.098,11.739,5626.172,347.139
10206,linear_1,bitmapscan,64,prefetch-complex,io_uring,3,32GB,0.001,0.019,3.562,1.333
10207,linear_1,indexscan,16,prefetch-simple,sync,3,32GB,57.309,60.949,6548.162,2403.377
10208,linear_1,indexscan,16,prefetch-simple,worker,3,32GB,27.307,30.952,3422.792,1151.101
10209,linear_1,bitmapscan,0,prefetch-complex,sync,3,32GB,0.095,1.373,339.634,12.632
10210,linear_1,indexscan,64,prefetch-complex,worker,12,32GB,0.318,3.024,266.437,21.801
10211,linear_1,indexscan,1,master,sync,3,32GB,0.209,2.423,814.184,17.751
10212,linear_1,indexscan,64,prefetch-complex,io_uring,3,32GB,3.604,7.239,655.958,163.789
10213,linear_1,bitmapscan,16,master,worker,12,32GB,1.601,5.239,194.469,54.277
10214,linear_1,bitmapscan,64,master,sync,3,32GB,0.009,0.161,17.274,2.725
10215,linear_1,indexscan,16,prefetch-simple,worker,12,32GB,47.305,50.939,5346.171,1973.739
10216,linear_1,bitmapscan,16,prefetch-complex,worker,12,32GB,0.71,4.131,268.065,36.531
10217,linear_1,indexscan,64,prefetch-simple,worker,12,32GB,27.311,30.954,5839.812,1135.565
10218,linear_1,bitmapscan,16,master,io_uring,3,32GB,3.6,7.253,298.342,81.609
10219,linear_1,indexscan,1,prefetch-complex,sync,3,32GB,0.009,0.168,85.611,2.903
10220,linear_1,indexscan,1,master,io_uring,3,32GB,0.019,0.329,618.229,4.055
10221,linear_1,bitmapscan,1,prefetch-complex,worker,12,32GB,1.07,4.648,554.262,45.707
10222,linear_1,bitmapscan,16,prefetch-simple,io_uring,3,32GB,67.307,70.962,2478.18,990.061
10223,linear_1,bitmapscan,16,master,sync,3,32GB,1.069,4.635,203.585,43.282
10224,linear_1,indexscan,0,master,sync,3,32GB,37.309,40.96,17263.79,1623.117
10225,linear_1,indexscan,1,master,io_uring,3,32GB,0.006,0.098,30.778,1.986
10226,linear_1,indexscan,1,prefetch-complex,io_uring,3,32GB,0.002,0.032,15.575,1.439
10227,linear_1,indexscan,64,prefetch-simple,sync,3,32GB,0.042,0.684,413.344,5.553
10228,linear_1,bitmapscan,16,prefetch-simple,sync,3,32GB,37.303,40.948,1193.073,568.938
10229,linear_1,bitmapscan,16,master,worker,3,32GB,0.006,0.105,13.532,2.031
10230,linear_1,bitmapscan,1,prefetch-complex,io_uring,3,32GB,57.316,60.953,4240.659,905.981
10231,linear_1,bitmapscan,1,prefetch-complex,worker,3,32GB,0.019,0.328,142.904,4.506
10232,linear_1,indexscan,16,prefetch-simple,worker,12,32GB,0.019,0.331,43.632,3.656
10233,linear_1,bitmapscan,64,prefetch-complex,worker,3,32GB,12.134,15.779,393.845,226.543
10234,linear_1,bitmapscan,0,prefetch-simple,io_uring,3,32GB,1.07,4.65,389.889,47.385
10235,linear_1,indexscan,64,prefetch-simple,io_uring,3,32GB,0.019,0.33,52.757,3.944
10236,linear_1,indexscan,1,prefetch-simple,worker,3,32GB,0.029,0.482,260.685,4.818
10237,linear_1,bitmapscan,1,prefetch-complex,sync,3,32GB,0.001,0.018,9.039,1.277
10238,linear_1,indexscan,1,prefetch-complex,io_uring,3,32GB,0.028,0.474,222.77,5.051
10239,linear_1,bitmapscan,16,master,worker,3,32GB,2.394,6.029,183.365,63.194
10240,linear_1,bitmapscan,16,prefetch-simple,worker,3,32GB,0.009,0.155,22.67,2.665
10241,linear_1,bitmapscan,1,master,sync,3,32GB,97.201,99.81,5707.854,1393.333
10242,linear_1,indexscan,64,prefetch-complex,sync,3,32GB,0.003,0.049,8.923,1.621
10243,linear_1,indexscan,1,prefetch-complex,worker,3,32GB,0.02,0.335,182.46,3.987
10244,linear_1,bitmapscan,16,prefetch-simple,io_uring,3,32GB,0.013,0.22,22.191,3.17
10245,linear_1,bitmapscan,64,master,worker,12,32GB,0.212,2.4,138.05,17.787
10246,linear_1,indexscan,1,prefetch-complex,worker,3,32GB,77.307,80.954,39088.64,3197.689
10247,linear_1,indexscan,0,master,worker,3,32GB,0.003,0.055,41.414,1.559
10248,linear_1,bitmapscan,0,prefetch-complex,sync,3,32GB,96.99,99.269,5725.386,1547.862
10249,linear_1,bitmapscan,64,prefetch-simple,io_uring,3,32GB,77.312,80.944,2520.874,1142.937
10250,linear_1,bitmapscan,0,master,sync,3,32GB,1.068,4.633,408.586,46.256
10251,linear_1,bitmapscan,0,prefetch-complex,worker,12,32GB,0.474,3.607,369.912,31.25
10252,linear_1,bitmapscan,16,prefetch-simple,sync,3,32GB,1.068,4.628,140.128,42.346
10253,linear_1,bitmapscan,0,prefetch-complex,sync,3,32GB,1.067,4.617,377.126,46.856
10254,linear_1,indexscan,64,prefetch-complex,sync,3,32GB,37.302,40.892,3606.95,1569.462
10255,linear_1,indexscan,1,master,sync,3,32GB,0.009,0.166,95.474,2.765
10256,linear_1,bitmapscan,64,master,sync,3,32GB,0.004,0.069,8.599,1.738
10257,linear_1,bitmapscan,1,prefetch-complex,sync,3,32GB,0.009,0.161,69.922,2.991
10258,linear_1,bitmapscan,64,prefetch-simple,worker,12,32GB,12.134,15.779,409.621,219.146
10259,linear_1,indexscan,0,master,worker,12,32GB,37.311,40.953,12507.706,1637.899
10260,linear_1,indexscan,64,master,worker,3,32GB,1.603,5.228,1496.251,82.376
10261,linear_1,indexscan,0,master,worker,3,32GB,0.472,3.602,1077.891,32.535
10262,linear_1,indexscan,0,prefetch-simple,worker,3,32GB,18.205,21.83,6583.521,775.245
10263,linear_1,indexscan,16,master,io_uring,3,32GB,37.314,40.942,12770.706,1648.141
10264,linear_1,bitmapscan,16,prefetch-simple,worker,3,32GB,0.143,1.863,673.731,14.938
10265,linear_1,bitmapscan,64,prefetch-simple,io_uring,3,32GB,8.089,11.724,350.754,149.647
10266,linear_1,indexscan,1,master,sync,3,32GB,0.002,0.039,14.682,1.45
10267,linear_1,indexscan,1,prefetch-complex,sync,3,32GB,0.474,3.59,1532.869,31.288
10268,linear_1,bitmapscan,1,prefetch-complex,worker,3,32GB,57.307,60.947,4000.983,915.642
10269,linear_1,bitmapscan,16,prefetch-complex,sync,3,32GB,0.713,4.13,141.737,36.124
10270,linear_1,bitmapscan,0,master,io_uring,3,32GB,0.013,0.231,84.248,3.644
10271,linear_1,indexscan,1,prefetch-simple,sync,3,32GB,0.063,0.981,453.551,7.426
10272,linear_1,indexscan,64,prefetch-simple,worker,12,32GB,18.2,21.839,2309.679,753.119
10273,linear_1,bitmapscan,0,prefetch-complex,worker,3,32GB,0.002,0.031,11.354,1.549
10274,linear_1,indexscan,16,prefetch-complex,sync,3,32GB,0.018,0.318,33.237,3.98
10275,linear_1,indexscan,1,prefetch-complex,worker,3,32GB,67.261,70.397,33848.74,2780.524
10276,linear_1,bitmapscan,16,prefetch-simple,io_uring,3,32GB,2.394,6.003,210.661,64.944
10277,linear_1,bitmapscan,1,prefetch-complex,worker,3,32GB,0.141,1.86,538.487,15.128
10278,linear_1,indexscan,0,prefetch-complex,worker,12,32GB,27.31,30.933,9025.526,1156.608
10279,linear_1,bitmapscan,16,prefetch-simple,sync,3,32GB,0.711,4.119,160.989,34.574
10280,linear_1,bitmapscan,16,prefetch-simple,worker,12,32GB,37.316,40.945,1163.728,568.385
10281,linear_1,bitmapscan,1,prefetch-complex,worker,3,32GB,12.133,15.771,1439.267,236.49
10282,linear_1,bitmapscan,64,prefetch-simple,io_uring,3,32GB,5.393,9.038,242.408,107.482
10283,linear_1,indexscan,64,master,io_uring,3,32GB,8.089,11.748,3419.486,372.044
10284,linear_1,indexscan,0,prefetch-simple,worker,12,32GB,0.001,0.016,6.251,1.088
10285,linear_1,indexscan,0,prefetch-complex,io_uring,3,32GB,0.212,2.433,780.934,17.703
10286,linear_1,indexscan,1,prefetch-simple,worker,3,32GB,0.211,2.432,1176.671,16.709
10287,linear_1,bitmapscan,1,master,io_uring,3,32GB,2.402,6.038,584.907,63.257
10288,linear_1,indexscan,16,prefetch-complex,worker,12,32GB,1.596,5.217,467.511,75.99
10289,linear_1,indexscan,0,master,worker,3,32GB,5.394,9.052,2654.301,251.514
10290,linear_1,indexscan,16,master,io_uring,3,32GB,27.304,30.939,9481.256,1194.296
10291,linear_1,indexscan,64,prefetch-complex,worker,12,32GB,0.004,0.072,9.469,1.892
10292,linear_1,indexscan,1,master,sync,3,32GB,57.312,60.965,19533.309,2492.749
10293,linear_1,indexscan,16,master,io_uring,3,32GB,0.042,0.683,250.871,6.126
10294,linear_1,indexscan,0,master,sync,3,32GB,2.405,6.06,1750.396,119.087
10295,linear_1,indexscan,0,prefetch-simple,worker,3,32GB,0.028,0.48,166.65,4.965
10296,linear_1,indexscan,0,master,worker,12,32GB,1.607,5.247,1607.588,82.569
10297,linear_1,indexscan,1,prefetch-simple,worker,3,32GB,0.003,0.058,56.751,1.648
10298,linear_1,bitmapscan,1,prefetch-complex,sync,3,32GB,5.396,9.066,766.792,112.124
10299,linear_1,bitmapscan,1,master,worker,12,32GB,27.308,30.959,2079.259,431.164
10300,linear_1,indexscan,0,master,worker,12,32GB,0.471,3.599,1052.214,32.138
10301,linear_1,indexscan,0,prefetch-complex,io_uring,3,32GB,12.144,15.793,4861.996,536.948
10302,linear_1,indexscan,0,prefetch-complex,sync,3,32GB,47.314,50.96,15637.358,2021.127
10303,linear_1,bitmapscan,0,master,worker,12,32GB,27.303,30.962,1990.097,457.755
10304,linear_1,bitmapscan,0,prefetch-complex,sync,3,32GB,12.137,15.796,1105.641,239.317
10305,linear_1,bitmapscan,16,prefetch-simple,io_uring,3,32GB,0.009,0.15,16.864,2.576
10306,linear_1,bitmapscan,16,master,io_uring,3,32GB,47.308,50.948,1530.169,713.074
10307,linear_1,indexscan,1,prefetch-complex,sync,3,32GB,0.213,2.434,1198.138,17.086
10308,linear_1,bitmapscan,64,master,worker,3,32GB,0.096,1.387,143.779,11.335
10309,linear_1,indexscan,1,master,io_uring,3,32GB,0.21,2.425,868.705,18.52
10310,linear_1,indexscan,64,prefetch-simple,sync,3,32GB,47.31,50.944,5430.894,1937.585
10311,linear_1,indexscan,16,prefetch-complex,io_uring,3,32GB,0.14,1.836,189.094,12.615
10312,linear_1,bitmapscan,64,master,sync,3,32GB,37.316,40.948,2034.145,585.677
10313,linear_1,bitmapscan,1,master,sync,3,32GB,0.001,0.019,9.462,1.141
10314,linear_1,indexscan,0,prefetch-simple,io_uring,3,32GB,2.401,6.057,1779.376,113.592
10315,linear_1,indexscan,0,master,worker,3,32GB,0.009,0.15,84.334,2.534
10316,linear_1,indexscan,0,prefetch-simple,io_uring,3,32GB,3.6,7.237,2070.867,162.912
10317,linear_1,bitmapscan,64,prefetch-simple,io_uring,3,32GB,57.307,60.943,1874.524,849.333
10318,linear_1,indexscan,16,prefetch-complex,sync,3,32GB,97.21,99.843,9235.617,4070.675
10319,linear_1,indexscan,64,prefetch-complex,worker,12,32GB,87.301,90.812,10091.259,3660.677
10320,linear_1,bitmapscan,1,master,io_uring,3,32GB,0.003,0.053,22.632,1.6
10321,linear_1,bitmapscan,64,prefetch-complex,io_uring,3,32GB,0.004,0.075,10.208,1.988
10322,linear_1,indexscan,0,prefetch-simple,worker,12,32GB,0.004,0.078,25.683,1.78
10323,linear_1,indexscan,1,prefetch-simple,worker,12,32GB,67.082,69.54,31697.293,2746.138
10324,linear_1,bitmapscan,0,prefetch-complex,worker,12,32GB,0.093,1.359,312.901,12.714
10325,linear_1,indexscan,1,prefetch-complex,worker,12,32GB,0.019,0.33,204.696,4.057
10326,linear_1,indexscan,1,master,sync,3,32GB,0.003,0.051,18.623,1.503
10327,linear_1,indexscan,0,master,worker,12,32GB,77.31,80.951,24387.136,3375.708
10328,linear_1,indexscan,1,master,worker,12,32GB,0.018,0.321,112.319,4.032
10329,linear_1,indexscan,1,prefetch-complex,sync,3,32GB,47.313,50.95,23469.116,1999.223
10330,linear_1,bitmapscan,16,prefetch-simple,io_uring,3,32GB,8.093,11.739,338.632,147.185
10331,linear_1,indexscan,16,prefetch-simple,worker,3,32GB,18.201,21.855,2272.128,763.946
10332,linear_1,indexscan,16,prefetch-simple,sync,3,32GB,87.311,90.967,9658.958,3612.439
10333,linear_1,bitmapscan,64,prefetch-complex,worker,12,32GB,0.095,1.371,140.562,11.85
10334,linear_1,bitmapscan,0,prefetch-simple,worker,3,32GB,0.013,0.223,77.905,3.478
10335,linear_1,indexscan,1,prefetch-complex,worker,12,32GB,77.314,80.942,37721.094,3297.38
10336,linear_1,bitmapscan,1,prefetch-simple,sync,3,32GB,67.305,70.9,4396.616,1012.069
10337,linear_1,bitmapscan,0,master,worker,3,32GB,0.028,0.465,131.787,5.563
10338,linear_1,bitmapscan,1,prefetch-simple,worker,3,32GB,0.002,0.037,19.519,1.378
10339,linear_1,bitmapscan,64,prefetch-simple,worker,12,32GB,0.71,4.121,135.844,35.547
10340,linear_1,indexscan,0,prefetch-simple,worker,12,32GB,0.013,0.221,78.831,3.208
10341,linear_1,indexscan,64,master,sync,3,32GB,0.042,0.691,275.36,6.447
10342,linear_1,bitmapscan,16,master,worker,12,32GB,3.595,7.244,208.142,79.598
10343,linear_1,indexscan,0,master,sync,3,32GB,0.008,0.145,66.862,2.509
10344,linear_1,bitmapscan,16,prefetch-simple,worker,12,32GB,12.139,15.73,418.339,213.384
10345,linear_1,indexscan,0,master,io_uring,3,32GB,0.013,0.231,99.675,3.291
10346,linear_1,indexscan,1,prefetch-simple,io_uring,3,32GB,87.192,89.97,40543.838,3582.151
10347,linear_1,bitmapscan,1,master,sync,3,32GB,0.14,1.851,563.739,14.562
10348,linear_1,indexscan,0,master,sync,3,32GB,5.4,9.038,2559.261,250.557
10349,linear_1,bitmapscan,16,prefetch-simple,io_uring,3,32GB,1.065,4.614,186.388,42.805
10350,linear_1,bitmapscan,1,master,worker,12,32GB,96.977,99.24,5829.365,1401.904
10351,linear_1,indexscan,64,prefetch-complex,worker,12,32GB,37.308,40.96,3504.544,1557.228
10352,linear_1,bitmapscan,64,prefetch-complex,io_uring,3,32GB,0.003,0.058,7.593,1.82
10353,linear_1,indexscan,16,master,worker,3,32GB,0.028,0.475,180.28,4.772
10354,linear_1,bitmapscan,1,prefetch-complex,sync,3,32GB,97.224,99.91,5863.551,1506.582
10355,linear_1,indexscan,64,prefetch-complex,io_uring,3,32GB,57.307,60.947,5251.797,2428.089
10356,linear_1,bitmapscan,16,prefetch-complex,io_uring,3,32GB,47.307,50.958,1570.556,789.525
10357,linear_1,bitmapscan,64,prefetch-simple,sync,3,32GB,0.001,0.021,3.748,1.233
10358,linear_1,bitmapscan,64,prefetch-complex,worker,3,32GB,5.393,9.023,243.312,112.008
10359,linear_1,bitmapscan,16,master,worker,3,32GB,0.009,0.157,30.905,2.662
10360,linear_1,bitmapscan,64,master,worker,3,32GB,3.232,5.484,144.933,66.465
10361,linear_1,indexscan,64,prefetch-simple,worker,3,32GB,47.311,50.967,5103.923,1938.732
10362,linear_1,indexscan,0,prefetch-simple,sync,3,32GB,47.315,50.942,15478.428,2010.627
10363,linear_1,bitmapscan,16,prefetch-complex,io_uring,3,32GB,0.004,0.078,9.637,2.115
10364,linear_1,bitmapscan,0,prefetch-complex,worker,12,32GB,0.712,4.139,360.101,37.274
10365,linear_1,indexscan,16,master,worker,12,32GB,0.095,1.371,474.081,10.102
10366,linear_1,bitmapscan,16,master,sync,3,32GB,27.312,30.948,859.994,437.886
10367,linear_1,indexscan,16,master,worker,12,32GB,3.599,7.238,2082.077,169.212
10368,linear_1,bitmapscan,1,master,sync,3,32GB,27.313,30.941,1980.365,433.393
10369,linear_1,bitmapscan,64,master,worker,12,32GB,0.042,0.69,64.837,6.661
10370,linear_1,bitmapscan,1,prefetch-simple,sync,3,32GB,0.013,0.225,111.942,3.493
10371,linear_1,indexscan,16,master,sync,3,32GB,67.311,70.955,22036.808,2958.837
10372,linear_1,indexscan,0,prefetch-simple,sync,3,32GB,0.028,0.47,158.697,5.187
10373,linear_1,bitmapscan,64,prefetch-simple,worker,3,32GB,77.312,80.945,2560.609,1129.799
10374,linear_1,bitmapscan,64,master,sync,3,32GB,97.149,99.653,3145.137,1408.157
10375,linear_1,bitmapscan,64,prefetch-complex,sync,3,32GB,0.042,0.685,65.965,7.268
10376,linear_1,indexscan,0,prefetch-simple,sync,3,32GB,0.004,0.073,26.337,1.766
10377,linear_1,indexscan,1,master,io_uring,3,32GB,97.208,99.86,31588.226,4236.801
10378,linear_1,bitmapscan,0,prefetch-simple,sync,3,32GB,27.306,30.941,2008.071,463.103
10379,linear_1,indexscan,64,master,worker,12,32GB,1.595,5.239,1445.627,82.543
10380,linear_1,bitmapscan,0,master,io_uring,3,32GB,0.063,0.984,257.278,9.296
10381,linear_1,bitmapscan,64,master,io_uring,3,32GB,0.004,0.072,10.004,1.818
10382,linear_1,bitmapscan,64,prefetch-complex,worker,3,32GB,0.088,1.259,132.735,11.285
10383,linear_1,indexscan,16,master,worker,3,32GB,0.009,0.154,56.264,2.509
10384,linear_1,bitmapscan,1,master,io_uring,3,32GB,0.018,0.307,145.798,4.236
10385,linear_1,bitmapscan,16,prefetch-complex,io_uring,3,32GB,0.471,3.601,153.481,28.985
10386,linear_1,bitmapscan,64,prefetch-simple,sync,3,32GB,77.18,79.9,2466.442,1142.836
10387,linear_1,indexscan,64,prefetch-complex,worker,3,32GB,87.313,90.949,7614.045,3698.143
10388,linear_1,bitmapscan,0,master,worker,3,32GB,1.07,4.647,455.509,48.424
10389,linear_1,bitmapscan,16,prefetch-complex,sync,3,32GB,1.064,4.627,172.098,44.803
10390,linear_1,bitmapscan,0,prefetch-simple,sync,3,32GB,8.089,11.748,877.01,154.309
10391,linear_1,indexscan,64,master,worker,12,32GB,1.063,4.62,1416.029,58.042
10392,linear_1,indexscan,1,master,sync,3,32GB,0.707,4.094,1083.5,42.796
10393,linear_1,bitmapscan,64,prefetch-simple,worker,3,32GB,0.001,0.01,2.535,1.102
10394,linear_1,bitmapscan,16,master,io_uring,3,32GB,0.711,4.121,149.138,35.971
10395,linear_1,indexscan,16,prefetch-simple,worker,12,32GB,0.006,0.103,11.956,2.079
10396,linear_1,bitmapscan,16,prefetch-simple,worker,12,32GB,0.013,0.229,41.435,3.475
10397,linear_1,bitmapscan,16,prefetch-complex,worker,3,32GB,12.129,15.586,395.177,227.339
10398,linear_1,bitmapscan,64,prefetch-complex,sync,3,32GB,0.063,0.983,84.254,8.779
10399,linear_1,indexscan,64,prefetch-simple,io_uring,3,32GB,0.316,3.016,328.977,22.631
10400,linear_1,bitmapscan,0,prefetch-simple,worker,12,32GB,1.063,4.633,412.82,45.066
10401,linear_1,bitmapscan,1,prefetch-simple,worker,12,32GB,1.597,5.201,499.103,53.292
10402,linear_1,bitmapscan,1,master,worker,12,32GB,57.312,60.987,3775.497,852.164
10403,linear_1,indexscan,16,prefetch-simple,worker,12,32GB,57.311,60.951,6445.239,2375.874
10404,linear_1,indexscan,16,master,io_uring,3,32GB,0.019,0.327,111.547,3.932
10405,linear_1,bitmapscan,16,prefetch-simple,io_uring,3,32GB,0.001,0.027,8.419,1.309
10406,linear_1,indexscan,64,master,worker,3,32GB,77.312,80.954,24507.088,3383.501
10407,linear_1,bitmapscan,16,prefetch-complex,io_uring,3,32GB,3.594,7.242,240.033,86.755
10408,linear_1,indexscan,64,prefetch-simple,worker,3,32GB,0.003,0.057,7.35,1.543
10409,linear_1,bitmapscan,1,prefetch-complex,worker,3,32GB,0.013,0.22,119.276,3.62
10410,linear_1,bitmapscan,16,master,worker,12,32GB,5.394,9.029,251.103,107.566
10411,linear_1,indexscan,1,prefetch-complex,worker,12,32GB,0.001,0.019,9.423,1.373
10412,linear_1,indexscan,16,prefetch-simple,sync,3,32GB,0.211,2.426,256.041,16.351
10413,linear_1,bitmapscan,0,master,sync,3,32GB,37.316,40.98,2417.627,594.976
10414,linear_1,bitmapscan,0,prefetch-complex,io_uring,3,32GB,0.006,0.107,51.286,2.392
10415,linear_1,indexscan,1,prefetch-simple,worker,3,32GB,8.088,11.735,5226.143,347.607
10416,linear_1,bitmapscan,1,prefetch-complex,worker,3,32GB,0.213,2.44,519.51,20.498
10417,linear_1,indexscan,1,prefetch-complex,worker,12,32GB,0.004,0.074,40.567,1.914
10418,linear_1,bitmapscan,1,master,worker,3,32GB,0.71,4.109,453.078,34.336
10419,linear_1,bitmapscan,64,prefetch-simple,worker,3,32GB,2.367,5.624,146.259,62.661
10420,linear_1,indexscan,1,master,io_uring,3,32GB,27.317,30.952,9502.209,1190.461
10421,linear_1,bitmapscan,16,prefetch-complex,worker,12,32GB,0.14,1.83,153.571,14.579
10422,linear_1,indexscan,64,prefetch-complex,sync,3,32GB,47.305,50.957,4293.347,1998.546
10423,linear_1,bitmapscan,64,prefetch-simple,worker,3,32GB,0.009,0.163,18.069,2.83
10424,linear_1,bitmapscan,1,prefetch-simple,io_uring,3,32GB,0.003,0.055,24.263,1.601
10425,linear_1,bitmapscan,0,master,io_uring,3,32GB,97.076,99.463,5665.227,1458.097
10426,linear_1,bitmapscan,64,prefetch-simple,worker,12,32GB,1.065,4.643,153.276,42.741
10427,linear_1,indexscan,1,master,io_uring,3,32GB,0.013,0.233,96.836,3.289
10428,linear_1,bitmapscan,0,master,worker,12,32GB,0.041,0.673,243.567,7.133
10429,linear_1,bitmapscan,1,prefetch-simple,worker,12,32GB,0.002,0.029,13.124,1.28
10430,linear_1,indexscan,0,prefetch-complex,io_uring,3,32GB,8.087,11.724,3430.587,353.774
10431,linear_1,bitmapscan,1,master,worker,3,32GB,3.602,7.262,713.792,80.842
10432,linear_1,bitmapscan,64,master,worker,12,32GB,0.003,0.051,9.493,1.559
10433,linear_1,indexscan,0,prefetch-simple,worker,3,32GB,0.47,3.592,1046.228,31.115
10434,linear_1,indexscan,16,master,worker,12,32GB,0.014,0.236,77.146,3.242
10435,linear_1,bitmapscan,16,master,io_uring,3,32GB,0.004,0.072,10.118,1.799
10436,linear_1,bitmapscan,0,master,io_uring,3,32GB,2.395,6.055,478.716,69.879
10437,linear_1,indexscan,1,master,sync,3,32GB,0.316,3.043,981.429,25.502
10438,linear_1,bitmapscan,0,prefetch-complex,sync,3,32GB,67.311,70.921,4091.899,1110.918
10439,linear_1,indexscan,64,prefetch-complex,sync,3,32GB,18.204,21.863,1880.408,771.65
10440,linear_1,indexscan,1,prefetch-complex,sync,3,32GB,27.31,30.964,13931.921,1172.424
10441,linear_1,bitmapscan,0,prefetch-simple,worker,12,32GB,12.138,15.788,1115.462,228.624
10442,linear_1,indexscan,1,prefetch-simple,worker,12,32GB,8.09,11.714,5258.439,347.937
10443,linear_1,bitmapscan,64,prefetch-simple,worker,3,32GB,1.599,5.234,163.01,54.952
10444,linear_1,indexscan,64,prefetch-complex,io_uring,3,32GB,37.313,40.956,3424.513,1594.674
10445,linear_1,bitmapscan,0,master,io_uring,3,32GB,8.089,11.74,896.525,159.921
10446,linear_1,indexscan,16,prefetch-complex,sync,3,32GB,0.316,3.022,307.408,24.545
10447,linear_1,indexscan,1,master,io_uring,3,32GB,0.001,0.014,5.688,1.062
10448,linear_1,bitmapscan,0,prefetch-complex,worker,3,32GB,0.095,1.366,367.218,12.588
10449,linear_1,bitmapscan,0,prefetch-simple,io_uring,3,32GB,37.311,40.951,2485.763,592.32
10450,linear_1,bitmapscan,0,prefetch-complex,io_uring,3,32GB,0.093,1.351,350.058,12.458
10451,linear_1,indexscan,0,prefetch-complex,worker,3,32GB,87.31,90.947,27316.707,3689.763
10452,linear_1,bitmapscan,0,prefetch-complex,worker,3,32GB,0.006,0.105,40.725,2.448
10453,linear_1,indexscan,0,master,sync,3,32GB,87.308,90.947,27345.969,3878.659
10454,linear_1,bitmapscan,64,prefetch-complex,sync,3,32GB,0.14,1.841,139.119,15.098
10455,linear_1,bitmapscan,1,prefetch-simple,worker,3,32GB,77.306,80.951,5868.631,1134.413
10456,linear_1,bitmapscan,64,prefetch-simple,sync,3,32GB,0.019,0.329,33.68,4.092
10457,linear_1,bitmapscan,64,prefetch-complex,worker,12,32GB,67.306,70.944,2277.16,1075.108
10458,linear_1,bitmapscan,16,prefetch-complex,worker,12,32GB,0.012,0.214,24.506,3.32
10459,linear_1,indexscan,0,prefetch-complex,worker,3,32GB,0.006,0.106,35.715,2.194
10460,linear_1,indexscan,64,prefetch-complex,worker,12,32GB,0.006,0.1,12.127,2.089
10461,linear_1,bitmapscan,1,prefetch-complex,sync,3,32GB,12.14,15.771,1124.566,231.096
10462,linear_1,indexscan,64,prefetch-simple,worker,3,32GB,18.214,21.844,2273.245,760.376
10463,linear_1,indexscan,64,master,worker,12,32GB,0.006,0.104,58.902,2.104
10464,linear_1,bitmapscan,64,prefetch-complex,worker,3,32GB,97.186,99.764,3259.069,1535.472
10465,linear_1,indexscan,0,master,worker,12,32GB,0.094,1.369,515.075,10.086
10466,linear_1,bitmapscan,0,prefetch-simple,worker,3,32GB,87.311,90.953,5154.099,1315.379
10467,linear_1,indexscan,0,prefetch-simple,sync,3,32GB,0.064,0.987,399.878,8.123
10468,linear_1,indexscan,1,prefetch-complex,worker,12,32GB,0.063,0.975,435.76,7.873
10469,linear_1,indexscan,64,master,io_uring,3,32GB,0.473,3.595,1048.024,31.68
10470,linear_1,bitmapscan,16,prefetch-complex,io_uring,3,32GB,77.1,79.603,2577.05,1235.349
10471,linear_1,indexscan,64,prefetch-simple,io_uring,3,32GB,0.001,0.019,3.95,1.259
10472,linear_1,indexscan,16,prefetch-simple,worker,3,32GB,0.01,0.17,51.01,2.565
10473,linear_1,indexscan,1,master,sync,3,32GB,0.064,0.996,349.663,7.811
10474,linear_1,bitmapscan,1,prefetch-simple,worker,12,32GB,0.001,0.019,10.339,1.192
10475,linear_1,indexscan,16,prefetch-simple,worker,3,32GB,5.323,8.26,875.321,228.815
10476,linear_1,bitmapscan,16,prefetch-simple,worker,3,32GB,77.306,80.959,2553.678,1139.602
10477,linear_1,indexscan,0,master,worker,12,32GB,0.001,0.012,5.003,1.012
10478,linear_1,bitmapscan,0,master,worker,12,32GB,97.09,99.505,11063.315,1452.581
10479,linear_1,indexscan,1,master,worker,12,32GB,1.063,4.642,1362.774,57.608
10480,linear_1,bitmapscan,0,prefetch-simple,io_uring,3,32GB,67.27,70.495,3932.874,1022.876
10481,linear_1,bitmapscan,1,master,io_uring,3,32GB,37.317,40.963,2585.642,570.891
10482,linear_1,bitmapscan,64,prefetch-complex,sync,3,32GB,77.242,80.232,2587.417,1209.085
10483,linear_1,bitmapscan,0,prefetch-complex,worker,3,32GB,0.028,0.47,132.616,5.756
10484,linear_1,indexscan,1,prefetch-simple,worker,3,32GB,5.39,9.043,3891.707,234.884
10485,linear_1,indexscan,0,master,worker,12,32GB,0.009,0.162,53.827,2.587
10486,linear_1,bitmapscan,64,master,worker,3,32GB,0.14,1.845,117.379,14.697
10487,linear_1,indexscan,1,master,io_uring,3,32GB,0.009,0.163,57.363,2.569
10488,linear_1,indexscan,1,master,worker,3,32GB,0.708,4.098,1213.843,42.26
10489,linear_1,bitmapscan,1,prefetch-simple,worker,12,32GB,77.311,80.939,4935.698,1127.792
10490,linear_1,bitmapscan,16,prefetch-simple,sync,3,32GB,0.003,0.051,29.114,1.555
10491,linear_1,bitmapscan,64,master,worker,3,32GB,57.312,60.962,1853.011,843.046
10492,linear_1,indexscan,64,prefetch-simple,worker,3,32GB,0.009,0.163,34.024,2.487
10493,linear_1,bitmapscan,0,prefetch-complex,worker,12,32GB,0.21,2.409,364.069,19.784
10494,linear_1,indexscan,64,prefetch-simple,worker,3,32GB,0.013,0.224,24.861,2.924
10495,linear_1,bitmapscan,64,master,io_uring,3,32GB,3.586,7.241,209.797,80.8
10496,linear_1,bitmapscan,0,prefetch-complex,worker,3,32GB,0.712,4.126,406.815,38.7
10497,linear_1,indexscan,1,prefetch-simple,worker,12,32GB,0.063,0.962,448.349,7.554
10498,linear_1,bitmapscan,64,prefetch-simple,sync,3,32GB,1.598,5.233,166.927,54.12
10499,linear_1,indexscan,64,master,io_uring,3,32GB,0.008,0.146,49.899,2.509
10500,linear_1,bitmapscan,64,prefetch-simple,worker,12,32GB,0.028,0.475,44.421,5.162
10501,linear_1,bitmapscan,16,prefetch-complex,sync,3,32GB,12.133,15.769,413.431,226.882
10502,linear_1,indexscan,1,prefetch-simple,worker,12,32GB,12.135,15.777,7168.553,513.679
10503,linear_1,bitmapscan,16,master,worker,12,32GB,0.319,3.053,138.237,24.297
10504,linear_1,indexscan,16,prefetch-simple,io_uring,3,32GB,5.397,9.055,865.375,236.861
10505,linear_1,indexscan,0,prefetch-complex,io_uring,3,32GB,96.975,99.235,29741.955,4072.641
10506,linear_1,indexscan,0,prefetch-simple,worker,3,32GB,0.122,1.572,589.02,11.827
10507,linear_1,bitmapscan,1,prefetch-complex,io_uring,3,32GB,0.042,0.685,300.888,7.209
10508,linear_1,bitmapscan,64,prefetch-simple,worker,12,32GB,0.476,3.605,140.973,28.826
10509,linear_1,bitmapscan,16,prefetch-simple,io_uring,3,32GB,0.001,0.021,3.838,1.152
10510,linear_1,bitmapscan,16,prefetch-complex,sync,3,32GB,27.303,30.947,878.449,462.43
10511,linear_1,bitmapscan,16,prefetch-complex,worker,3,32GB,0.006,0.1,11.615,2.267
10512,linear_1,indexscan,16,prefetch-simple,worker,12,32GB,8.089,11.728,1160.201,344.933
10513,linear_1,bitmapscan,64,master,worker,3,32GB,27.321,30.949,842.543,441.978
10514,linear_1,bitmapscan,0,prefetch-simple,io_uring,3,32GB,8.097,11.758,801.542,152.171
10515,linear_1,bitmapscan,0,master,sync,3,32GB,2.4,6.033,498.462,67.502
10516,linear_1,indexscan,16,master,sync,3,32GB,0.001,0.017,23.085,1.085
10517,linear_1,indexscan,0,master,sync,3,32GB,0.006,0.102,32.868,2.046
10518,linear_1,indexscan,64,prefetch-simple,worker,12,32GB,0.141,1.852,223.625,13.026
10519,linear_1,bitmapscan,16,master,io_uring,3,32GB,1.073,4.638,202.866,42.583
10520,linear_1,bitmapscan,1,prefetch-complex,io_uring,3,32GB,0.02,0.336,159.662,4.701
10521,linear_1,indexscan,1,prefetch-complex,io_uring,3,32GB,27.312,30.95,13920.832,1141.075
10522,linear_1,indexscan,1,master,io_uring,3,32GB,0.477,3.597,1100.061,34.258
10523,linear_1,indexscan,64,prefetch-simple,io_uring,3,32GB,0.013,0.234,28.549,2.95
10524,linear_1,bitmapscan,64,prefetch-simple,io_uring,3,32GB,3.597,7.233,197.532,81.83
10525,linear_1,bitmapscan,64,prefetch-simple,sync,3,32GB,0.475,3.607,183.635,29.449
10526,linear_1,indexscan,16,master,worker,3,32GB,0.042,0.679,242.863,6.122
10527,linear_1,indexscan,1,prefetch-simple,worker,12,32GB,47.308,50.948,23859.021,1954.711
10528,linear_1,bitmapscan,64,prefetch-complex,worker,12,32GB,0.716,4.119,198.612,36.109
10529,linear_1,bitmapscan,0,prefetch-simple,worker,3,32GB,0.002,0.034,14.939,1.37
10530,linear_1,indexscan,0,master,sync,3,32GB,1.067,4.635,1340.616,58.691
10531,linear_1,indexscan,0,prefetch-complex,io_uring,3,32GB,0.006,0.103,35.207,2.336
10532,linear_1,indexscan,16,prefetch-complex,io_uring,3,32GB,87.303,90.83,7894.742,3672.105
10533,linear_1,indexscan,16,master,io_uring,3,32GB,57.311,60.961,18069.888,2541.662
10534,linear_1,bitmapscan,64,master,sync,3,32GB,57.312,60.93,1860.464,863.165
10535,linear_1,indexscan,0,prefetch-complex,io_uring,3,32GB,3.596,7.23,2074.406,168.405
10536,linear_1,bitmapscan,1,prefetch-simple,sync,3,32GB,1.601,5.222,528.332,55.457
10537,linear_1,indexscan,16,prefetch-simple,sync,3,32GB,1.066,4.635,416.417,56.456
10538,linear_1,indexscan,16,prefetch-complex,worker,3,32GB,1.062,4.619,391.133,57.242
10539,linear_1,indexscan,0,prefetch-simple,io_uring,3,32GB,77.309,80.946,24201.274,3239.682
10540,linear_1,bitmapscan,1,master,worker,12,32GB,0.708,4.111,488.68,35.117
10541,linear_1,indexscan,0,master,worker,12,32GB,57.313,60.96,18338.502,2514.887
10542,linear_1,bitmapscan,64,prefetch-simple,sync,3,32GB,8.098,11.724,339.299,151.385
10543,linear_1,indexscan,64,prefetch-simple,worker,12,32GB,0.009,0.164,19.928,2.539
10544,linear_1,bitmapscan,16,prefetch-complex,worker,12,32GB,0.004,0.068,9.381,1.978
10545,linear_1,bitmapscan,0,prefetch-simple,worker,12,32GB,0.001,0.017,6.825,1.143
10546,linear_1,bitmapscan,16,prefetch-complex,io_uring,3,32GB,37.304,40.935,1220.173,616.541
10547,linear_1,indexscan,1,master,worker,3,32GB,5.392,9.049,2764,251.698
10548,linear_1,indexscan,0,prefetch-complex,worker,12,32GB,5.394,9.049,2610.332,246.498
10549,linear_1,indexscan,1,prefetch-simple,sync,3,32GB,0.316,3.026,1334.758,22.966
10550,linear_1,indexscan,16,prefetch-complex,io_uring,3,32GB,0.043,0.701,77.229,6.277
10551,linear_1,indexscan,16,master,worker,3,32GB,0.003,0.057,19.833,1.569
10552,linear_1,indexscan,0,master,worker,3,32GB,2.402,6.048,1789.949,117.547
10553,linear_1,indexscan,1,master,sync,3,32GB,47.309,50.939,15418.453,2074.156
10554,linear_1,indexscan,64,prefetch-complex,worker,3,32GB,37.306,40.954,4111.136,1561.675
10555,linear_1,indexscan,1,prefetch-simple,io_uring,3,32GB,1.069,4.629,2211.484,54.545
10556,linear_1,indexscan,64,master,io_uring,3,32GB,77.309,80.939,26879.871,3347.973
10557,linear_1,indexscan,0,prefetch-simple,worker,12,32GB,2.392,5.93,1795.67,114.6
10558,linear_1,indexscan,0,prefetch-complex,io_uring,3,32GB,47.305,50.944,16327.493,2014.582
10559,linear_1,bitmapscan,0,prefetch-complex,worker,3,32GB,3.594,7.24,601.851,94.273
10560,linear_1,bitmapscan,16,prefetch-simple,worker,12,32GB,27.305,30.959,828.392,435.804
10561,linear_1,bitmapscan,64,prefetch-complex,sync,3,32GB,0.004,0.067,28.148,2.013
10562,linear_1,bitmapscan,1,prefetch-complex,worker,3,32GB,0.712,4.136,454.707,35.856
10563,linear_1,bitmapscan,1,prefetch-simple,sync,3,32GB,77.315,80.946,4871.134,1134.854
10564,linear_1,bitmapscan,1,prefetch-simple,sync,3,32GB,47.314,50.952,3151.297,718.889
10565,linear_1,indexscan,16,master,sync,3,32GB,0.013,0.228,72.555,3.172
10566,linear_1,indexscan,64,prefetch-simple,sync,3,32GB,77.308,80.966,8486.141,3188.645
10567,linear_1,indexscan,64,master,io_uring,3,32GB,0.095,1.389,506.835,10.289
10568,linear_1,bitmapscan,16,prefetch-simple,worker,3,32GB,0.003,0.048,7.778,1.584
10569,linear_1,indexscan,16,prefetch-complex,sync,3,32GB,1.063,4.652,387.611,56.121
10570,linear_1,indexscan,16,prefetch-simple,worker,12,32GB,0.013,0.227,27.263,2.922
10571,linear_1,indexscan,16,prefetch-simple,worker,12,32GB,0.003,0.057,7.337,1.55
10572,linear_1,indexscan,16,prefetch-simple,worker,3,32GB,0.002,0.036,5.194,1.341
10573,linear_1,bitmapscan,64,prefetch-complex,worker,12,32GB,0.009,0.161,17.352,2.924
10574,linear_1,bitmapscan,16,prefetch-simple,io_uring,3,32GB,0.211,2.413,129.123,19.382
10575,linear_1,bitmapscan,16,prefetch-simple,sync,3,32GB,2.402,6.05,175.477,64.364
10576,linear_1,indexscan,0,prefetch-simple,sync,3,32GB,0.472,3.599,1004.456,31.138
10577,linear_1,bitmapscan,64,prefetch-complex,worker,12,32GB,87.31,90.981,2990.936,1387.627
10578,linear_1,bitmapscan,64,prefetch-complex,worker,3,32GB,0.006,0.108,13.138,2.395
10579,linear_1,bitmapscan,1,prefetch-simple,io_uring,3,32GB,1.601,5.222,499.935,52.434
10580,linear_1,bitmapscan,64,prefetch-simple,worker,12,32GB,0.063,0.976,83.411,8.55
10581,linear_1,bitmapscan,0,master,io_uring,3,32GB,0.473,3.59,340.459,30.413
10582,linear_1,bitmapscan,1,master,io_uring,3,32GB,5.397,9.049,797.128,108.255
10583,linear_1,indexscan,64,prefetch-complex,io_uring,3,32GB,0.212,2.423,238.02,17.216
10584,linear_1,indexscan,64,prefetch-simple,io_uring,3,32GB,0.141,1.86,225.398,12.133
10585,linear_1,indexscan,64,prefetch-simple,worker,3,32GB,27.306,30.965,3139.565,1153.61
10586,linear_1,indexscan,16,prefetch-complex,sync,3,32GB,0.027,0.467,50.929,4.618
10587,linear_1,bitmapscan,64,prefetch-simple,worker,12,32GB,0.209,2.41,134.159,17.903
10588,linear_1,indexscan,0,prefetch-complex,io_uring,3,32GB,0.316,3.022,975.132,23.576
10589,linear_1,indexscan,16,prefetch-simple,worker,12,32GB,0.063,0.983,105.909,7.122
10590,linear_1,indexscan,16,prefetch-complex,io_uring,3,32GB,0.009,0.162,18.106,2.661
10591,linear_1,indexscan,0,prefetch-complex,io_uring,3,32GB,0.093,1.35,467.593,10.25
10592,linear_1,indexscan,1,master,sync,3,32GB,0.004,0.067,22.308,1.656
10593,linear_1,bitmapscan,16,prefetch-complex,sync,3,32GB,0.003,0.055,39.466,1.873
10594,linear_1,bitmapscan,1,prefetch-simple,io_uring,3,32GB,0.004,0.069,32.311,1.812
10595,linear_1,bitmapscan,64,prefetch-simple,worker,3,32GB,0.095,1.38,145.613,11.647
10596,linear_1,indexscan,64,prefetch-simple,worker,3,32GB,2.253,4.922,461.186,101.977
10597,linear_1,indexscan,64,prefetch-complex,sync,3,32GB,0.006,0.111,13.19,2.288
10598,linear_1,bitmapscan,64,master,worker,3,32GB,0.019,0.328,34.099,4.104
10599,linear_1,indexscan,64,master,sync,3,32GB,47.309,50.965,15065.268,2078.955
10600,linear_1,indexscan,1,prefetch-complex,worker,3,32GB,0.063,0.978,486.006,7.756
10601,linear_1,indexscan,64,prefetch-complex,io_uring,3,32GB,47.308,50.957,4445.754,1979.018
10602,linear_1,bitmapscan,1,master,worker,12,32GB,0.006,0.112,51.087,2.303
10603,linear_1,bitmapscan,16,prefetch-simple,worker,3,32GB,8.097,11.736,332.839,147.503
10604,linear_1,indexscan,0,prefetch-simple,worker,3,32GB,11.976,14.598,4388.145,507.366
10605,linear_1,indexscan,1,prefetch-simple,io_uring,3,32GB,0.009,0.163,70.657,2.593
10606,linear_1,indexscan,1,prefetch-simple,worker,12,32GB,0.003,0.055,28.512,1.532
10607,linear_1,indexscan,0,master,worker,12,32GB,3.6,7.245,2100.494,170.516
10608,linear_1,bitmapscan,64,master,worker,12,32GB,0.013,0.228,23.992,3.217
10609,linear_1,indexscan,16,prefetch-complex,sync,3,32GB,12.144,15.786,1329.572,517.017
10610,linear_1,bitmapscan,64,prefetch-simple,sync,3,32GB,0.002,0.036,15.195,1.457
10611,linear_1,bitmapscan,64,master,worker,12,32GB,0.019,0.331,32.946,4.01
10612,linear_1,indexscan,0,prefetch-complex,sync,3,32GB,8.089,11.726,3502.324,358.031
10613,linear_1,indexscan,16,prefetch-complex,sync,3,32GB,0.003,0.048,6.434,1.616
10614,linear_1,indexscan,1,master,worker,3,32GB,0.004,0.075,25.501,1.727
10615,linear_1,bitmapscan,64,prefetch-simple,io_uring,3,32GB,0.042,0.686,65.719,6.674
10616,linear_1,indexscan,64,prefetch-complex,worker,3,32GB,0.042,0.681,69.41,5.918
10617,linear_1,indexscan,1,master,sync,3,32GB,0.001,0.021,11.621,1.264
10618,linear_1,bitmapscan,0,prefetch-complex,io_uring,3,32GB,87.306,90.93,5260.733,1411.898
10619,linear_1,bitmapscan,64,master,worker,3,32GB,97.221,99.891,3194.386,1406.734
10620,linear_1,bitmapscan,64,prefetch-simple,io_uring,3,32GB,0.004,0.068,8.434,1.738
10621,linear_1,bitmapscan,0,master,worker,12,32GB,0.009,0.157,49.103,2.767
10622,linear_1,indexscan,64,prefetch-complex,worker,3,32GB,0.471,3.594,303.47,30.543
10623,linear_1,bitmapscan,64,prefetch-simple,sync,3,32GB,0.71,4.112,154.632,35.923
10624,linear_1,indexscan,64,prefetch-simple,io_uring,3,32GB,0.094,1.372,142.253,10.591
10625,linear_1,bitmapscan,0,master,sync,3,32GB,27.306,30.95,1904.407,449.611
10626,linear_1,indexscan,16,prefetch-simple,io_uring,3,32GB,0.212,2.437,251.031,17.467
10627,linear_1,indexscan,1,prefetch-simple,worker,12,32GB,87.31,90.946,41524.476,3578.424
10628,linear_1,bitmapscan,1,prefetch-simple,io_uring,3,32GB,8.086,11.737,998.895,154.938
10629,linear_1,indexscan,1,prefetch-complex,sync,3,32GB,0.019,0.322,164.653,4.186
10630,linear_1,indexscan,1,prefetch-simple,sync,3,32GB,0.002,0.034,16.479,1.395
10631,linear_1,indexscan,64,prefetch-simple,worker,3,32GB,0.472,3.582,368.514,28.3
10632,linear_1,indexscan,64,prefetch-simple,io_uring,3,32GB,0.028,0.469,53.581,4.453
10633,linear_1,bitmapscan,0,prefetch-complex,io_uring,3,32GB,0.02,0.343,107.084,4.846
10634,linear_1,indexscan,16,prefetch-complex,worker,12,32GB,3.585,7.237,697.7,163.185
10635,linear_1,bitmapscan,16,prefetch-complex,worker,12,32GB,0.211,2.42,184.551,18.323
10636,linear_1,indexscan,64,prefetch-simple,worker,3,32GB,0.21,2.436,315.364,16.142
10637,linear_1,indexscan,64,prefetch-complex,worker,12,32GB,0.093,1.349,165.015,10.372
10638,linear_1,bitmapscan,1,prefetch-simple,worker,12,32GB,0.009,0.159,68.1,2.81
10639,linear_1,bitmapscan,0,master,worker,12,32GB,0.006,0.101,31.457,2.184
10640,linear_1,bitmapscan,16,prefetch-simple,io_uring,3,32GB,77.309,80.947,2558.067,1136.907
10641,linear_1,bitmapscan,1,prefetch-simple,io_uring,3,32GB,1.068,4.641,500.618,43.449
10642,linear_1,indexscan,64,prefetch-complex,io_uring,3,32GB,1.067,4.627,414.064,55.259
10643,linear_1,bitmapscan,1,prefetch-complex,io_uring,3,32GB,0.315,3.029,483.249,24.566
10644,linear_1,indexscan,0,prefetch-complex,worker,3,32GB,18.201,21.845,6619.301,777.8
10645,linear_1,bitmapscan,1,master,worker,3,32GB,1.065,4.635,547.695,43.374
10646,linear_1,indexscan,0,prefetch-complex,worker,12,32GB,0.064,0.979,360.759,8.285
10647,linear_1,bitmapscan,64,prefetch-complex,worker,3,32GB,0.001,0.02,3.772,1.325
10648,linear_1,indexscan,64,prefetch-simple,io_uring,3,32GB,3.6,7.25,661.176,160.654
10649,linear_1,indexscan,64,master,sync,3,32GB,0.709,4.119,1215.909,43.177
10650,linear_1,bitmapscan,0,prefetch-simple,sync,3,32GB,0.471,3.6,355.7,30.79
10651,linear_1,bitmapscan,1,prefetch-complex,worker,3,32GB,47.308,50.954,3324.256,774.349
10652,linear_1,indexscan,1,master,worker,12,32GB,87.31,90.949,27407.935,3866.121
10653,linear_1,bitmapscan,1,prefetch-simple,sync,3,32GB,0.318,3.026,554.241,24.272
10654,linear_1,bitmapscan,0,prefetch-simple,worker,12,32GB,0.004,0.071,29.794,1.85
10655,linear_1,bitmapscan,0,prefetch-complex,io_uring,3,32GB,0.003,0.054,17.786,1.762
10656,linear_1,bitmapscan,1,master,io_uring,3,32GB,67.311,70.925,4261.431,997.694
10657,linear_1,indexscan,0,master,worker,3,32GB,1.598,5.245,1512.928,81.688
10658,linear_1,bitmapscan,0,master,worker,12,32GB,0.001,0.013,5.487,1.027
10659,linear_1,indexscan,16,prefetch-simple,sync,3,32GB,12.142,15.782,1521.589,514.479
10660,linear_1,bitmapscan,1,prefetch-simple,worker,3,32GB,0.211,2.422,505.893,19.586
10661,linear_1,bitmapscan,16,prefetch-complex,sync,3,32GB,18.209,21.847,568.203,325.92
10662,linear_1,indexscan,0,master,worker,12,32GB,0.315,3.027,886.045,23.532
10663,linear_1,bitmapscan,0,master,worker,3,32GB,0.211,2.423,410.055,19.679
10664,linear_1,indexscan,1,prefetch-simple,worker,3,32GB,0.477,3.622,1489.038,30.006
10665,linear_1,indexscan,64,prefetch-simple,worker,3,32GB,37.31,40.938,4071.343,1567.835
10666,linear_1,bitmapscan,1,master,io_uring,3,32GB,0.043,0.699,299.531,7.182
10667,linear_1,indexscan,64,master,sync,3,32GB,97.209,99.839,30441.303,4249.322
10668,linear_1,bitmapscan,0,prefetch-complex,sync,3,32GB,18.204,21.848,1498.544,348.891
10669,linear_1,bitmapscan,1,master,sync,3,32GB,0.005,0.096,41.021,2.099
10670,linear_1,bitmapscan,16,prefetch-complex,sync,3,32GB,0.212,2.435,149.299,20.342
10671,linear_1,bitmapscan,0,prefetch-complex,io_uring,3,32GB,12.145,15.79,1031.905,237.477
10672,linear_1,bitmapscan,1,master,sync,3,32GB,3.596,7.228,668.174,81.142
10673,linear_1,indexscan,64,prefetch-simple,worker,3,32GB,0.001,0.018,3.491,1.098
10674,linear_1,indexscan,16,prefetch-complex,worker,12,32GB,37.311,40.947,3667.031,1576.326
10675,linear_1,indexscan,16,master,sync,3,32GB,0.064,0.987,396.007,7.877
10676,linear_1,bitmapscan,0,master,sync,3,32GB,57.309,60.954,3641.259,888.398
10677,linear_1,indexscan,1,master,sync,3,32GB,5.398,9.032,2564.479,253.124
10678,linear_1,bitmapscan,64,prefetch-complex,sync,3,32GB,0.002,0.036,5.66,1.587
10679,linear_1,indexscan,16,prefetch-complex,worker,3,32GB,3.595,7.243,600.023,160.12
10680,linear_1,bitmapscan,64,master,worker,3,32GB,0.003,0.058,7.477,1.585
10681,linear_1,bitmapscan,0,master,sync,3,32GB,0.095,1.376,335.089,12.22
10682,linear_1,indexscan,1,master,worker,12,32GB,97.223,99.91,32568.446,4241.01
10683,linear_1,indexscan,0,prefetch-complex,sync,3,32GB,0.028,0.48,181.069,5.145
10684,linear_1,bitmapscan,0,master,io_uring,3,32GB,0.006,0.1,31.516,2.21
10685,linear_1,bitmapscan,64,prefetch-complex,io_uring,3,32GB,0.141,1.854,155.264,14.534
10686,linear_1,bitmapscan,0,prefetch-complex,sync,3,32GB,8.092,11.719,780.752,156.78
10687,linear_1,indexscan,64,prefetch-complex,sync,3,32GB,0.002,0.038,5.447,1.43
10688,linear_1,bitmapscan,64,prefetch-complex,io_uring,3,32GB,0.316,3.018,139.464,24.071
10689,linear_1,indexscan,1,master,worker,3,32GB,3.604,7.244,2041.712,172.945
10690,linear_1,indexscan,64,master,sync,3,32GB,3.599,7.242,2668.581,173.512
10691,linear_1,indexscan,1,prefetch-complex,worker,12,32GB,0.003,0.053,24.718,1.661
10692,linear_1,indexscan,1,prefetch-complex,worker,12,32GB,0.009,0.159,77.888,2.884
10693,linear_1,bitmapscan,64,prefetch-complex,worker,12,32GB,0.063,0.982,85.816,8.456
10694,linear_1,bitmapscan,16,prefetch-complex,sync,3,32GB,8.096,11.735,358.057,156.253
10695,linear_1,bitmapscan,1,master,worker,3,32GB,0.094,1.371,508.526,11.742
10696,linear_1,indexscan,0,prefetch-simple,io_uring,3,32GB,0.004,0.071,30.917,1.8
10697,linear_1,bitmapscan,64,prefetch-simple,worker,12,32GB,3.595,7.235,224.255,80.204
10698,linear_1,indexscan,16,prefetch-complex,io_uring,3,32GB,77.308,80.952,6974.873,3253.216
10699,linear_1,indexscan,64,master,worker,3,32GB,97.002,99.292,29878.64,4256.136
10700,linear_1,indexscan,0,master,worker,12,32GB,67.31,70.925,21505.853,2936.243
10701,linear_1,bitmapscan,16,prefetch-complex,io_uring,3,32GB,1.065,4.626,153.164,44.413
10702,linear_1,bitmapscan,16,prefetch-complex,worker,3,32GB,0.14,1.82,141.498,14.784
10703,linear_1,bitmapscan,16,prefetch-simple,worker,3,32GB,1.596,5.224,170.507,53.262
10704,linear_1,bitmapscan,64,prefetch-simple,worker,3,32GB,0.013,0.227,23.295,3.668
10705,linear_1,bitmapscan,64,prefetch-complex,sync,3,32GB,67.314,70.973,2300.314,1071.244
10706,linear_1,indexscan,1,prefetch-complex,worker,3,32GB,8.087,11.738,5215.686,351.408
10707,linear_1,bitmapscan,64,master,worker,3,32GB,0.006,0.106,14.806,2.26
10708,linear_1,bitmapscan,0,prefetch-simple,sync,3,32GB,57.284,60.594,3544.369,886.085
10709,linear_1,bitmapscan,16,prefetch-complex,sync,3,32GB,1.603,5.239,178.186,56.215
10710,linear_1,indexscan,0,prefetch-complex,worker,3,32GB,77.312,80.955,24301.85,3323.595
10711,linear_1,indexscan,1,master,worker,12,32GB,0.209,2.424,767.827,17.707
10712,linear_1,bitmapscan,0,prefetch-complex,io_uring,3,32GB,0.314,3.019,400.617,25.835
10713,linear_1,indexscan,1,master,sync,3,32GB,37.239,40.197,11964.898,1641.449
10714,linear_1,bitmapscan,0,master,sync,3,32GB,18.201,21.838,1399.991,342.679
10715,linear_1,indexscan,16,prefetch-complex,worker,3,32GB,0.316,3.016,301.275,23.612
10716,linear_1,indexscan,0,master,worker,3,32GB,0.142,1.866,696.008,13.529
10717,linear_1,indexscan,16,master,worker,3,32GB,97.032,99.359,31281.056,4257.659
10718,linear_1,bitmapscan,1,prefetch-complex,worker,12,32GB,8.085,11.737,985.81,157.461
10719,linear_1,indexscan,16,master,sync,3,32GB,5.392,9.05,2684.243,252.015
10720,linear_1,bitmapscan,1,prefetch-simple,sync,3,32GB,8.091,11.744,949.687,151.246
10721,linear_1,bitmapscan,16,master,io_uring,3,32GB,87.302,90.813,2895.635,1269.562
10722,linear_1,bitmapscan,64,prefetch-complex,worker,12,32GB,0.042,0.692,68.832,7.542
10723,linear_1,indexscan,0,prefetch-simple,sync,3,32GB,1.598,5.204,1540.76,79.958
10724,linear_1,bitmapscan,64,prefetch-complex,worker,12,32GB,8.089,11.725,337.464,159.554
10725,linear_1,bitmapscan,1,prefetch-complex,io_uring,3,32GB,8.083,11.733,921.921,155.716
10726,linear_1,indexscan,1,prefetch-simple,worker,3,32GB,0.062,0.969,455.761,7.16
10727,linear_1,bitmapscan,0,master,worker,12,32GB,0.141,1.85,408.899,15.345
10728,linear_1,bitmapscan,1,master,worker,12,32GB,0.003,0.051,23.002,1.538
10729,linear_1,bitmapscan,64,prefetch-complex,worker,12,32GB,0.028,0.474,45.56,5.828
10730,linear_1,indexscan,16,master,worker,12,32GB,0.004,0.075,25.735,1.781
10731,linear_1,indexscan,0,prefetch-simple,worker,12,32GB,87.308,90.945,26793.41,3682.366
10732,linear_1,indexscan,64,master,worker,12,32GB,3.599,7.242,2152.618,172.758
10733,linear_1,bitmapscan,64,master,worker,12,32GB,5.391,9.053,253.943,107.622
10734,linear_1,indexscan,16,master,io_uring,3,32GB,0.003,0.051,19.246,1.506
10735,linear_1,bitmapscan,64,master,io_uring,3,32GB,1.599,5.228,194.539,53.724
10736,linear_1,bitmapscan,16,master,io_uring,3,32GB,77.274,80.538,2538.178,1139.804
10737,linear_1,indexscan,1,master,io_uring,3,32GB,0.042,0.685,259.695,6.037
10738,linear_1,bitmapscan,64,prefetch-complex,worker,3,32GB,0.316,3.012,133.731,23.655
10739,linear_1,indexscan,0,prefetch-complex,sync,3,32GB,0.21,2.42,747.621,18.035
10740,linear_1,bitmapscan,0,prefetch-complex,sync,3,32GB,0.712,4.114,392.397,37.775
10741,linear_1,bitmapscan,0,master,io_uring,3,32GB,0.003,0.048,25.724,1.519
10742,linear_1,indexscan,16,prefetch-complex,worker,12,32GB,77.306,80.933,7146.344,3265.805
10743,linear_1,bitmapscan,0,master,io_uring,3,32GB,0.001,0.015,6.884,1.129
10744,linear_1,indexscan,16,master,worker,3,32GB,0.013,0.218,92.881,3.081
10745,linear_1,indexscan,0,prefetch-simple,worker,12,32GB,0.476,3.618,946.302,30.897
10746,linear_1,indexscan,1,master,worker,12,32GB,0.474,3.594,986.185,32.073
10747,linear_1,bitmapscan,64,prefetch-complex,sync,3,32GB,1.597,5.248,157.898,54.841
10748,linear_1,indexscan,64,prefetch-simple,worker,3,32GB,0.027,0.463,52.106,4.9
10749,linear_1,indexscan,0,prefetch-complex,sync,3,32GB,18.204,21.838,6373.743,783.465
10750,linear_1,bitmapscan,1,prefetch-complex,io_uring,3,32GB,0.063,0.976,423.691,9.106
10751,linear_1,bitmapscan,1,prefetch-complex,worker,12,32GB,0.009,0.159,73.524,2.907
10752,linear_1,indexscan,64,prefetch-complex,worker,12,32GB,27.316,30.949,2670.933,1152.015
10753,linear_1,bitmapscan,1,prefetch-simple,worker,3,32GB,87.313,90.952,5560.558,1279.993
10754,linear_1,indexscan,0,master,worker,12,32GB,97.153,99.665,29800.623,4251.621
10755,linear_1,bitmapscan,64,prefetch-simple,sync,3,32GB,0.314,3.009,152.336,24.131
10756,linear_1,bitmapscan,64,master,worker,3,32GB,77.309,80.957,2532.811,1157.323
10757,linear_1,indexscan,64,prefetch-complex,worker,12,32GB,0.003,0.059,8.972,1.708
10758,linear_1,bitmapscan,64,master,worker,3,32GB,0.002,0.034,6.546,1.337
10759,linear_1,bitmapscan,16,prefetch-complex,sync,3,32GB,0.477,3.613,145.919,29.694
10760,linear_1,bitmapscan,1,master,io_uring,3,32GB,8.087,11.735,867.227,144.523
10761,linear_1,indexscan,64,prefetch-complex,worker,3,32GB,1.067,4.631,381.816,55.476
10762,linear_1,indexscan,64,prefetch-complex,worker,12,32GB,0.013,0.227,24.45,3.284
10763,linear_1,indexscan,0,master,sync,3,32GB,0.004,0.074,38.887,1.84
10764,linear_1,indexscan,0,prefetch-simple,io_uring,3,32GB,0.009,0.153,56.482,2.589
10765,linear_1,bitmapscan,1,prefetch-simple,worker,12,32GB,67.31,70.953,4293.307,990.413
10766,linear_1,bitmapscan,0,master,worker,3,32GB,27.315,30.946,1902.505,453.992
10767,linear_1,bitmapscan,64,master,sync,3,32GB,8.096,11.737,329.921,147.816
10768,linear_1,bitmapscan,1,master,io_uring,3,32GB,47.309,50.939,3209.162,730.459
10769,linear_1,indexscan,1,prefetch-simple,sync,3,32GB,0.71,4.106,1671.27,40.049
10770,linear_1,indexscan,64,prefetch-simple,worker,12,32GB,2.396,6.041,660,108.925
10771,linear_1,bitmapscan,0,master,worker,12,32GB,0.703,4.001,347.35,36.52
10772,linear_1,bitmapscan,0,prefetch-simple,sync,3,32GB,0.004,0.068,23.102,1.895
10773,linear_1,indexscan,64,prefetch-complex,sync,3,32GB,27.314,30.963,2565.277,1146.98
10774,linear_1,bitmapscan,0,master,worker,12,32GB,57.305,60.946,3499.015,884.734
10775,linear_1,bitmapscan,16,prefetch-complex,worker,12,32GB,0.006,0.101,11.902,2.48
10776,linear_1,indexscan,64,master,worker,3,32GB,47.305,50.956,15400.174,2090.892
10777,linear_1,indexscan,0,prefetch-simple,worker,12,32GB,1.066,4.623,1384.234,58.117
10778,linear_1,indexscan,1,prefetch-simple,worker,3,32GB,67.311,70.956,32443.781,2788.2
10779,linear_1,indexscan,0,prefetch-simple,worker,12,32GB,5.395,9.046,2590.364,247.947
10780,linear_1,indexscan,16,prefetch-simple,worker,12,32GB,0.141,1.848,214.052,13.69
10781,linear_1,bitmapscan,64,prefetch-complex,worker,12,32GB,3.587,7.23,217.462,88.927
10782,linear_1,bitmapscan,64,prefetch-simple,sync,3,32GB,0.009,0.159,17.481,2.748
10783,linear_1,indexscan,64,prefetch-simple,io_uring,3,32GB,67.086,69.557,7103.876,2775.912
10784,linear_1,indexscan,0,master,sync,3,32GB,0.029,0.487,157.37,4.993
10785,linear_1,bitmapscan,64,master,sync,3,32GB,27.31,30.953,832.319,436.002
10786,linear_1,indexscan,64,prefetch-simple,io_uring,3,32GB,27.311,30.951,3213.801,1142.333
10787,linear_1,indexscan,64,master,worker,3,32GB,0.004,0.066,20.902,1.652
10788,linear_1,indexscan,16,master,worker,3,32GB,1.065,4.642,1270.234,57.379
10789,linear_1,bitmapscan,16,prefetch-complex,worker,12,32GB,0.003,0.052,7.131,1.785
10790,linear_1,bitmapscan,64,prefetch-complex,worker,3,32GB,0.029,0.482,54.349,5.407
10791,linear_1,bitmapscan,64,master,sync,3,32GB,0.006,0.103,30.695,2.15
10792,linear_1,indexscan,1,prefetch-complex,io_uring,3,32GB,0.473,3.594,1660.115,29.853
10793,linear_1,indexscan,16,prefetch-simple,worker,12,32GB,0.004,0.063,7.777,1.641
10794,linear_1,indexscan,0,prefetch-complex,worker,3,32GB,0.002,0.041,26.296,1.635
10795,linear_1,bitmapscan,1,prefetch-simple,worker,3,32GB,0.317,3.019,484.512,23.172
10796,linear_1,indexscan,16,master,worker,12,32GB,0.001,0.019,6.91,1.119
10797,linear_1,bitmapscan,1,master,worker,3,32GB,0.004,0.068,32.229,1.733
10798,linear_1,bitmapscan,0,prefetch-simple,io_uring,3,32GB,47.306,50.943,3046.36,738.623
10799,linear_1,indexscan,16,prefetch-simple,worker,12,32GB,97.224,99.902,10836.892,4010.662
10800,linear_1,bitmapscan,1,prefetch-complex,io_uring,3,32GB,0.14,1.848,522.551,14.986
10801,linear_1,indexscan,64,prefetch-complex,io_uring,3,32GB,0.063,0.979,99.149,7.875
10802,linear_1,bitmapscan,16,prefetch-simple,worker,3,32GB,0.001,0.019,3.662,1.127
10803,linear_1,bitmapscan,64,prefetch-complex,sync,3,32GB,0.095,1.37,123.436,12.301
10804,linear_1,indexscan,0,prefetch-simple,sync,3,32GB,57.308,60.947,18505.514,2420.695
10805,linear_1,bitmapscan,16,prefetch-simple,sync,3,32GB,27.319,30.947,842.435,439.913
10806,linear_1,bitmapscan,64,prefetch-simple,io_uring,3,32GB,67.31,70.946,2203.353,999.885
10807,linear_1,bitmapscan,1,prefetch-simple,worker,3,32GB,37.306,40.952,2690.546,585.424
10808,linear_1,bitmapscan,1,master,io_uring,3,32GB,0.002,0.036,15.296,1.363
10809,linear_1,bitmapscan,16,prefetch-complex,worker,12,32GB,27.197,29.99,815.005,458.137
10810,linear_1,bitmapscan,0,master,worker,3,32GB,0.042,0.685,188.589,7.314
10811,linear_1,indexscan,16,master,sync,3,32GB,87.309,90.947,37934.751,3798.019
10812,linear_1,bitmapscan,16,prefetch-complex,io_uring,3,32GB,0.141,1.862,128.627,14.613
10813,linear_1,indexscan,0,master,sync,3,32GB,18.203,21.835,6780.737,806.125
10814,linear_1,indexscan,16,prefetch-complex,worker,3,32GB,0.009,0.161,17.562,3.01
10815,linear_1,bitmapscan,1,prefetch-complex,io_uring,3,32GB,0.714,4.13,459.254,36.291
10816,linear_1,indexscan,0,master,sync,3,32GB,0.41,2.863,811.677,25.783
10817,linear_1,indexscan,16,master,worker,12,32GB,2.396,6.039,1799.55,118.646
10818,linear_1,bitmapscan,64,prefetch-complex,io_uring,3,32GB,0.002,0.035,7.342,1.48
10819,linear_1,indexscan,1,master,worker,12,32GB,0.14,1.855,695.771,13.666
10820,linear_1,bitmapscan,1,prefetch-simple,worker,3,32GB,8.089,11.727,1100.393,146.506
10821,linear_1,indexscan,1,prefetch-simple,io_uring,3,32GB,0.003,0.05,21.988,1.431
10822,linear_1,bitmapscan,16,master,io_uring,3,32GB,5.392,9.037,261.674,106.637
10823,linear_1,indexscan,64,prefetch-complex,io_uring,3,32GB,0.003,0.049,8.169,1.812
10824,linear_1,bitmapscan,16,prefetch-complex,worker,12,32GB,47.308,50.948,1600.319,768.922
10825,linear_1,bitmapscan,0,prefetch-simple,io_uring,3,32GB,0.041,0.669,221.209,7.229
10826,linear_1,indexscan,0,master,sync,3,32GB,0.013,0.226,77.648,3.337
10827,linear_1,bitmapscan,16,prefetch-simple,worker,3,32GB,0.002,0.032,4.858,1.32
10828,linear_1,bitmapscan,0,prefetch-complex,worker,12,32GB,0.064,0.982,473.909,9.348
10829,linear_1,bitmapscan,16,prefetch-complex,io_uring,3,32GB,97.224,99.91,3292.76,1495.912
10830,linear_1,bitmapscan,1,prefetch-simple,worker,12,32GB,37.299,40.862,2733.977,581.15
10831,linear_1,bitmapscan,64,master,io_uring,3,32GB,0.314,3.019,175.259,24.426
10832,linear_1,indexscan,16,prefetch-simple,io_uring,3,32GB,1.068,4.646,472.358,56.541
10833,linear_1,indexscan,1,master,worker,3,32GB,2.403,6.055,1771.308,120.25
10834,linear_1,indexscan,0,master,io_uring,3,32GB,2.395,6.03,1657.787,118.197
10835,linear_1,bitmapscan,0,prefetch-complex,worker,3,32GB,77.312,80.951,4615.81,1252.614
10836,linear_1,indexscan,16,master,worker,3,32GB,3.599,7.235,2268.808,170.952
10837,linear_1,indexscan,16,master,sync,3,32GB,0.009,0.152,50.517,2.636
10838,linear_1,indexscan,64,prefetch-complex,worker,3,32GB,97.07,99.454,8375.819,4022.075
10839,linear_1,bitmapscan,1,prefetch-complex,sync,3,32GB,8.089,11.724,1025.387,157.548
10840,linear_1,indexscan,16,master,sync,3,32GB,0.141,1.859,653.422,13.36
10841,linear_1,indexscan,1,master,worker,3,32GB,1.065,4.615,1359.13,58.984
10842,linear_1,indexscan,64,prefetch-simple,worker,3,32GB,1.07,4.643,512.581,55.257
10843,linear_1,indexscan,1,prefetch-complex,worker,12,32GB,1.066,4.643,1988.516,55.514
10844,linear_1,bitmapscan,1,master,sync,3,32GB,0.009,0.159,91.999,2.876
10845,linear_1,indexscan,1,prefetch-simple,worker,3,32GB,0.009,0.156,72.835,2.559
10846,linear_1,bitmapscan,64,master,worker,12,32GB,0.471,3.597,135.331,28.547
10847,linear_1,bitmapscan,0,master,worker,3,32GB,77.299,80.828,4514.494,1168.14
10848,linear_1,indexscan,64,prefetch-complex,sync,3,32GB,1.6,5.231,472.109,77.644
10849,linear_1,bitmapscan,64,prefetch-complex,io_uring,3,32GB,87.233,90.164,2962.758,1358.742
10850,linear_1,indexscan,16,prefetch-complex,sync,3,32GB,18.209,21.82,1945.584,781.137
10851,linear_1,bitmapscan,0,prefetch-complex,sync,3,32GB,0.025,0.427,129.822,5.462
10852,linear_1,indexscan,64,prefetch-simple,io_uring,3,32GB,8.089,11.718,1247.835,354.816
10853,linear_1,bitmapscan,16,prefetch-simple,worker,12,32GB,0.212,2.435,166.046,18.272
10854,linear_1,indexscan,0,prefetch-simple,worker,12,32GB,67.308,70.937,21126.232,2862.89
10855,linear_1,bitmapscan,0,prefetch-simple,sync,3,32GB,0.042,0.685,280.83,7.291
10856,linear_1,indexscan,0,prefetch-simple,io_uring,3,32GB,57.309,60.949,18390.779,2394.563
10857,linear_1,indexscan,64,prefetch-complex,worker,3,32GB,0.212,2.426,307.016,16.533
10858,linear_1,indexscan,64,prefetch-simple,sync,3,32GB,0.028,0.466,50.763,4.398
10859,linear_1,bitmapscan,16,prefetch-complex,worker,3,32GB,0.21,2.401,226.842,18.397
10860,linear_1,bitmapscan,1,prefetch-simple,sync,3,32GB,0.009,0.155,64.081,2.71
10861,linear_1,indexscan,16,prefetch-simple,worker,3,32GB,0.14,1.841,230.626,12.671
10862,linear_1,indexscan,0,master,worker,3,32GB,77.313,80.947,24517.057,3367.446
10863,linear_1,indexscan,16,prefetch-complex,worker,3,32GB,0.095,1.371,144.817,9.412
10864,linear_1,indexscan,64,prefetch-simple,sync,3,32GB,97.108,99.536,10481.468,4079.457
10865,linear_1,indexscan,1,prefetch-complex,sync,3,32GB,0.093,1.348,664.193,9.634
10866,linear_1,bitmapscan,16,master,worker,3,32GB,0.019,0.328,32.921,4.052
10867,linear_1,indexscan,16,prefetch-complex,io_uring,3,32GB,0.063,0.974,101.389,7.179
10868,linear_1,bitmapscan,64,prefetch-simple,worker,3,32GB,67.309,70.962,2220.356,997.51
10869,linear_1,bitmapscan,0,prefetch-simple,io_uring,3,32GB,96.928,99.134,5634.849,1422.397
10870,linear_1,indexscan,0,master,sync,3,32GB,67.312,70.938,21376.515,2928.798
10871,linear_1,indexscan,16,master,worker,3,32GB,1.597,5.219,1632.755,81.447
10872,linear_1,bitmapscan,64,prefetch-simple,io_uring,3,32GB,0.44,3.154,98.906,25.652
10873,linear_1,indexscan,64,master,sync,3,32GB,0.002,0.03,11.826,1.25
10874,linear_1,indexscan,0,prefetch-complex,worker,12,32GB,87.309,90.956,27734.617,3703.554
10875,linear_1,indexscan,16,master,sync,3,32GB,0.003,0.054,18.017,1.513
10876,linear_1,bitmapscan,1,master,worker,12,32GB,0.009,0.151,91.252,2.728
10877,linear_1,bitmapscan,1,prefetch-simple,sync,3,32GB,97.005,99.3,5868.686,1391.25
10878,linear_1,indexscan,64,master,sync,3,32GB,12.136,15.775,4863.408,546.501
10879,linear_1,indexscan,1,prefetch-simple,io_uring,3,32GB,0.211,2.432,1152.194,17.278
10880,linear_1,indexscan,16,prefetch-simple,sync,3,32GB,3.595,7.233,811.744,162.395
10881,linear_1,indexscan,0,prefetch-simple,sync,3,32GB,96.963,99.209,29671.208,4089.541
10882,linear_1,bitmapscan,64,prefetch-complex,worker,3,32GB,57.309,60.955,1966.947,939.578
10883,linear_1,indexscan,16,prefetch-complex,worker,12,32GB,1.063,4.617,441.368,56.093
10884,linear_1,bitmapscan,64,prefetch-simple,sync,3,32GB,57.315,60.934,1869.297,862.472
10885,linear_1,indexscan,64,master,io_uring,3,32GB,12.131,15.767,4535.71,542.641
10886,linear_1,bitmapscan,16,master,sync,3,32GB,37.3,40.876,1172.461,575.891
10887,linear_1,bitmapscan,16,master,sync,3,32GB,97.199,99.805,3168.152,1397.707
10888,linear_1,indexscan,1,prefetch-complex,io_uring,3,32GB,0.001,0.017,9.481,1.266
10889,linear_1,bitmapscan,1,prefetch-simple,sync,3,32GB,0.004,0.068,28.559,1.744
10890,linear_1,bitmapscan,0,prefetch-simple,sync,3,32GB,0.002,0.033,11.45,1.386
10891,linear_1,bitmapscan,0,master,io_uring,3,32GB,0.019,0.322,99.28,4.48
10892,linear_1,indexscan,64,prefetch-complex,worker,3,32GB,0.092,1.346,177.176,9.056
10893,linear_1,bitmapscan,16,master,worker,12,32GB,0.094,1.376,104.977,11.2
10894,linear_1,bitmapscan,0,prefetch-complex,worker,3,32GB,0.001,0.015,15.765,1.227
10895,linear_1,bitmapscan,0,master,worker,3,32GB,18.199,21.841,1436.741,314.678
10896,linear_1,bitmapscan,64,prefetch-complex,io_uring,3,32GB,0.006,0.108,12.088,2.39
10897,linear_1,indexscan,0,prefetch-simple,worker,3,32GB,76.973,79.272,24045.776,3248.156
10898,linear_1,indexscan,0,master,worker,12,32GB,12.133,15.773,5049.167,549.641
10899,linear_1,bitmapscan,1,master,worker,3,32GB,2.402,6.035,591.66,65.255
10900,linear_1,bitmapscan,0,prefetch-simple,worker,12,32GB,0.065,1.0,259.497,9.387
10901,linear_1,bitmapscan,16,prefetch-complex,sync,3,32GB,0.004,0.073,9.137,1.946
10902,linear_1,bitmapscan,0,prefetch-complex,sync,3,32GB,77.312,80.949,4638.401,1255.418
10903,linear_1,indexscan,1,prefetch-complex,io_uring,3,32GB,0.003,0.056,38.937,1.771
10904,linear_1,indexscan,1,prefetch-simple,sync,3,32GB,0.003,0.054,25.48,1.553
10905,linear_1,bitmapscan,64,master,worker,3,32GB,8.085,11.734,364.671,146.067
10906,linear_1,bitmapscan,1,prefetch-simple,worker,3,32GB,0.092,1.348,466.585,11.725
10907,linear_1,indexscan,64,prefetch-complex,worker,3,32GB,0.002,0.039,6.478,1.565
10908,linear_1,bitmapscan,1,prefetch-complex,io_uring,3,32GB,97.058,99.426,5883.604,1490.455
10909,linear_1,indexscan,64,master,io_uring,3,32GB,87.312,90.949,27483.558,3873.768
10910,linear_1,indexscan,1,master,worker,12,32GB,0.002,0.034,13.022,1.258
10911,linear_1,indexscan,0,master,sync,3,32GB,97.175,99.733,32717.671,4310.008
10912,linear_1,bitmapscan,64,prefetch-simple,worker,3,32GB,0.318,3.037,148.918,24.358
10913,linear_1,indexscan,1,prefetch-simple,worker,12,32GB,0.002,0.038,39.721,1.379
10914,linear_1,indexscan,0,prefetch-simple,io_uring,3,32GB,0.062,0.967,369.126,7.738
10915,linear_1,indexscan,1,master,io_uring,3,32GB,77.308,80.953,24521.595,3355.732
10916,linear_1,bitmapscan,0,master,worker,12,32GB,0.013,0.218,93.91,3.478
10917,linear_1,bitmapscan,64,prefetch-simple,worker,12,32GB,0.143,1.882,135.058,14.872
10918,linear_1,bitmapscan,16,prefetch-simple,worker,12,32GB,97.127,99.612,3185.575,1393.491
10919,linear_1,bitmapscan,16,prefetch-simple,worker,12,32GB,0.141,1.871,134.425,14.999
10920,linear_1,indexscan,64,prefetch-simple,sync,3,32GB,67.306,70.95,7386.473,2781.281
10921,linear_1,bitmapscan,64,prefetch-simple,worker,12,32GB,27.303,30.946,829.897,442.409
10922,linear_1,bitmapscan,1,master,worker,3,32GB,0.009,0.15,81.333,2.866
10923,linear_1,indexscan,0,prefetch-complex,worker,3,32GB,0.473,3.587,1048.157,30.967
10924,linear_1,indexscan,1,prefetch-simple,sync,3,32GB,12.139,15.785,7769.605,515.773
10925,linear_1,bitmapscan,64,master,io_uring,3,32GB,18.18,21.446,564.028,305.552
10926,linear_1,bitmapscan,0,prefetch-simple,worker,12,32GB,77.3,80.872,4536.703,1166.864
10927,linear_1,indexscan,64,prefetch-complex,io_uring,3,32GB,1.602,5.219,427.356,76.863
10928,linear_1,indexscan,0,master,worker,12,32GB,0.064,0.991,330.928,8.022
10929,linear_1,indexscan,16,prefetch-complex,sync,3,32GB,0.006,0.106,12.259,2.204
10930,linear_1,bitmapscan,1,master,worker,3,32GB,0.028,0.475,195.423,5.375
10931,linear_1,indexscan,0,master,worker,3,32GB,0.006,0.105,35.587,2.019
10932,linear_1,bitmapscan,0,prefetch-simple,io_uring,3,32GB,0.009,0.166,54.687,2.948
10933,linear_1,indexscan,0,prefetch-simple,sync,3,32GB,0.213,2.438,773.505,18.295
10934,linear_1,bitmapscan,16,prefetch-complex,worker,12,32GB,5.395,9.036,257.228,112.383
10935,linear_1,indexscan,0,prefetch-complex,sync,3,32GB,87.259,90.381,26497.397,3695.806
10936,linear_1,bitmapscan,16,prefetch-complex,worker,3,32GB,0.028,0.47,54.135,5.996
10937,linear_1,indexscan,1,master,worker,12,32GB,47.311,50.947,15315.656,2070.198
10938,linear_1,indexscan,64,prefetch-complex,worker,12,32GB,77.31,80.967,6536.524,3201.523
10939,linear_1,bitmapscan,0,master,worker,12,32GB,0.004,0.071,30.777,1.81
10940,linear_1,indexscan,64,master,sync,3,32GB,0.158,1.727,541.825,13.553
10941,linear_1,bitmapscan,16,master,sync,3,32GB,18.206,21.844,582.227,307.067
10942,linear_1,bitmapscan,0,prefetch-complex,io_uring,3,32GB,0.013,0.22,67.686,3.528
10943,linear_1,indexscan,1,prefetch-simple,worker,3,32GB,18.207,21.849,10363.68,768.384
10944,linear_1,indexscan,0,prefetch-complex,worker,3,32GB,0.013,0.231,80.944,3.551
10945,linear_1,indexscan,16,prefetch-complex,worker,12,32GB,0.003,0.061,13.415,1.764
10946,linear_1,indexscan,0,prefetch-complex,worker,12,32GB,0.006,0.108,36.567,2.27
10947,linear_1,indexscan,1,prefetch-simple,io_uring,3,32GB,97.215,99.876,45497.497,4002.446
10948,linear_1,indexscan,16,prefetch-complex,sync,3,32GB,3.595,7.238,782.303,164.918
10949,linear_1,bitmapscan,1,prefetch-complex,worker,3,32GB,0.006,0.108,46.745,2.405
10950,linear_1,bitmapscan,16,master,sync,3,32GB,0.004,0.075,8.995,1.804
10951,linear_1,bitmapscan,0,master,sync,3,32GB,0.013,0.222,71.988,3.559
10952,linear_1,indexscan,1,master,worker,3,32GB,0.062,0.974,309.563,7.754
10953,linear_1,indexscan,16,prefetch-simple,worker,3,32GB,0.042,0.68,121.992,5.612
10954,linear_1,bitmapscan,0,prefetch-simple,worker,12,32GB,0.142,1.849,376.346,15.19
10955,linear_1,bitmapscan,0,master,worker,3,32GB,12.136,15.782,1133.177,218.683
10956,linear_1,indexscan,0,prefetch-simple,worker,3,32GB,0.001,0.016,7.433,1.144
10957,linear_1,bitmapscan,64,prefetch-simple,worker,3,32GB,0.019,0.334,32.914,4.114
10958,linear_1,indexscan,0,prefetch-simple,sync,3,32GB,0.002,0.036,12.803,1.318
10959,linear_1,indexscan,0,prefetch-complex,sync,3,32GB,5.394,9.049,2669.611,242.789
10960,linear_1,indexscan,64,prefetch-complex,worker,3,32GB,77.304,80.948,6862.597,3267.57
10961,linear_1,bitmapscan,1,master,sync,3,32GB,18.208,21.833,1653.995,316.401
10962,linear_1,indexscan,16,prefetch-simple,sync,3,32GB,0.683,3.742,358.72,36.628
10963,linear_1,indexscan,16,prefetch-complex,io_uring,3,32GB,1.599,5.212,425.86,78.926
10964,linear_1,indexscan,0,prefetch-complex,io_uring,3,32GB,5.396,9.033,2761.951,245.788
10965,linear_1,indexscan,64,prefetch-complex,worker,3,32GB,0.008,0.134,20.799,2.456
10966,linear_1,indexscan,16,master,sync,3,32GB,0.004,0.068,35.62,1.737
10967,linear_1,bitmapscan,16,master,sync,3,32GB,0.009,0.161,18.614,2.531
10968,linear_1,bitmapscan,0,master,worker,12,32GB,0.315,3.019,390.588,25.629
10969,linear_1,indexscan,16,prefetch-complex,worker,12,32GB,0.002,0.038,5.542,1.48
10970,linear_1,indexscan,64,master,io_uring,3,32GB,0.063,0.969,375.403,7.628
10971,linear_1,bitmapscan,64,prefetch-simple,worker,3,32GB,0.003,0.054,7.014,1.656
10972,linear_1,indexscan,0,prefetch-simple,worker,3,32GB,57.307,60.946,20165.373,2421.3
10973,linear_1,bitmapscan,1,prefetch-complex,worker,12,32GB,0.142,1.855,514.137,15.431
10974,linear_1,indexscan,1,prefetch-simple,worker,12,32GB,0.004,0.077,39.925,1.787
10975,linear_1,indexscan,64,prefetch-complex,worker,12,32GB,0.019,0.324,37.865,3.988
10976,linear_1,bitmapscan,0,prefetch-complex,worker,12,32GB,97.055,99.419,5603.071,1527.828
10977,linear_1,indexscan,0,prefetch-simple,worker,12,32GB,27.304,30.964,9310.266,1154.625
10978,linear_1,bitmapscan,1,prefetch-complex,worker,12,32GB,12.136,15.773,1338.128,231.522
10979,linear_1,indexscan,64,master,io_uring,3,32GB,3.599,7.251,2172.788,174.606
10980,linear_1,indexscan,1,prefetch-complex,worker,3,32GB,0.009,0.163,74.165,2.85
10981,linear_1,indexscan,16,prefetch-complex,sync,3,32GB,2.401,6.058,523.783,111.617
10982,linear_1,bitmapscan,0,prefetch-complex,io_uring,3,32GB,1.604,5.239,423.615,60.342
10983,linear_1,indexscan,16,prefetch-simple,worker,3,32GB,0.001,0.016,3.214,1.113
10984,linear_1,bitmapscan,64,prefetch-complex,sync,3,32GB,0.009,0.167,18.087,3.077
10985,linear_1,indexscan,16,prefetch-complex,worker,12,32GB,47.312,50.948,4527.191,1991.387
10986,linear_1,bitmapscan,1,prefetch-complex,sync,3,32GB,0.314,3.016,489.541,25.008
10987,linear_1,indexscan,0,prefetch-simple,sync,3,32GB,2.405,6.049,1648.613,113.916
10988,linear_1,bitmapscan,0,master,sync,3,32GB,0.028,0.48,167.118,5.698
10989,linear_1,indexscan,16,prefetch-complex,worker,3,32GB,0.002,0.038,5.401,1.484
10990,linear_1,indexscan,16,prefetch-complex,io_uring,3,32GB,0.003,0.051,6.764,1.583
10991,linear_1,bitmapscan,16,master,sync,3,32GB,0.001,0.018,3.529,1.127
10992,linear_1,indexscan,1,master,sync,3,32GB,0.093,1.354,440.927,11.13
10993,linear_1,indexscan,16,prefetch-complex,worker,3,32GB,27.306,30.948,2898.387,1155.234
10994,linear_1,indexscan,16,master,worker,3,32GB,2.398,6.042,1764.43,119.497
10995,linear_1,indexscan,1,prefetch-simple,io_uring,3,32GB,77.314,80.94,39528.918,3316.571
10996,linear_1,indexscan,16,prefetch-simple,worker,3,32GB,0.316,3.016,330.825,21.962
10997,linear_1,indexscan,1,prefetch-complex,io_uring,3,32GB,18.203,21.861,9993.848,783.378
10998,linear_1,bitmapscan,1,prefetch-simple,io_uring,3,32GB,0.093,1.346,406.708,11.361
10999,linear_1,indexscan,1,prefetch-simple,io_uring,3,32GB,67.309,70.931,32564.434,2797.574
11000,linear_1,indexscan,16,master,worker,12,32GB,0.211,2.427,738.482,17.716
11001,linear_1,bitmapscan,64,prefetch-complex,worker,3,32GB,0.003,0.056,7.273,1.747
11002,linear_1,indexscan,64,prefetch-simple,sync,3,32GB,0.009,0.163,18.592,2.5
11003,linear_1,bitmapscan,0,master,sync,3,32GB,0.004,0.073,25.243,1.849
11004,linear_1,bitmapscan,16,prefetch-simple,sync,3,32GB,8.096,11.729,326.898,148.053
11005,linear_1,indexscan,64,prefetch-complex,sync,3,32GB,8.091,11.727,1031.516,351.403
11006,linear_1,bitmapscan,64,prefetch-complex,io_uring,3,32GB,2.394,6.048,188.075,67.215
11007,linear_1,bitmapscan,1,prefetch-simple,worker,12,32GB,18.203,21.846,1545.964,308.496
11008,linear_1,bitmapscan,1,prefetch-simple,sync,3,32GB,0.002,0.032,14.461,1.327
11009,linear_1,bitmapscan,1,master,io_uring,3,32GB,0.004,0.07,29.398,1.783
11010,linear_1,bitmapscan,1,prefetch-complex,sync,3,32GB,18.207,21.845,1573.623,328.19
11011,linear_1,bitmapscan,16,master,io_uring,3,32GB,0.042,0.679,61.034,7.097
11012,linear_1,indexscan,16,prefetch-simple,io_uring,3,32GB,0.042,0.677,81.903,6.089
11013,linear_1,bitmapscan,0,prefetch-simple,sync,3,32GB,18.205,21.857,1478.333,348.277
11014,linear_1,indexscan,16,prefetch-simple,io_uring,3,32GB,0.029,0.482,51.012,4.825
11015,linear_1,indexscan,1,master,io_uring,3,32GB,0.003,0.052,17.158,1.519
11016,linear_1,bitmapscan,16,prefetch-simple,worker,3,32GB,12.132,15.774,405.131,211.928
11017,linear_1,indexscan,16,prefetch-complex,io_uring,3,32GB,8.098,11.735,1027.828,352.828
11018,linear_1,indexscan,1,master,worker,3,32GB,0.212,2.442,772.779,18.057
11019,linear_1,bitmapscan,0,master,sync,3,32GB,0.71,4.121,370.373,38.257
11020,linear_1,indexscan,0,prefetch-complex,io_uring,3,32GB,76.938,79.193,25333.582,3262.092
11021,linear_1,indexscan,64,master,worker,12,32GB,67.31,70.935,21509.133,2975.7
11022,linear_1,bitmapscan,16,prefetch-simple,worker,12,32GB,0.003,0.053,7.833,1.578
11023,linear_1,bitmapscan,16,prefetch-complex,worker,12,32GB,1.603,5.238,218.441,54.643
11024,linear_1,bitmapscan,0,master,worker,3,32GB,0.328,2.302,198.758,20.771
11025,linear_1,indexscan,64,prefetch-simple,worker,12,32GB,97.002,99.295,10545.425,3980.316
11026,linear_1,bitmapscan,64,prefetch-simple,sync,3,32GB,0.003,0.051,26.327,1.607
11027,linear_1,indexscan,0,prefetch-complex,io_uring,3,32GB,1.066,4.633,1273.673,56.342
11028,linear_1,indexscan,0,prefetch-simple,worker,3,32GB,0.042,0.683,235.794,6.082
11029,linear_1,bitmapscan,16,prefetch-complex,io_uring,3,32GB,0.316,3.026,133.451,25.023
11030,linear_1,bitmapscan,16,master,worker,3,32GB,0.714,4.133,131.283,34.618
11031,linear_1,bitmapscan,0,master,worker,12,32GB,37.308,40.961,2369.055,595.433
11032,linear_1,indexscan,64,prefetch-simple,sync,3,32GB,0.21,2.418,240.469,17.206
11033,linear_1,bitmapscan,16,master,worker,12,32GB,0.002,0.033,4.945,1.281
11034,linear_1,indexscan,64,master,sync,3,32GB,0.003,0.051,16.536,1.521
11035,linear_1,indexscan,1,prefetch-simple,worker,3,32GB,0.002,0.037,16.593,1.351
11036,linear_1,bitmapscan,64,prefetch-simple,worker,3,32GB,0.477,3.613,127.862,29.109
11037,linear_1,bitmapscan,64,prefetch-complex,worker,3,32GB,87.31,90.947,2934.826,1368.709
11038,linear_1,indexscan,16,prefetch-simple,worker,12,32GB,1.068,4.64,429.13,59.236
11039,linear_1,indexscan,64,master,worker,12,32GB,8.097,11.744,3505.426,372.692
11040,linear_1,bitmapscan,16,prefetch-complex,worker,12,32GB,37.312,40.952,1203.462,630.447
11041,linear_1,indexscan,64,master,worker,3,32GB,0.003,0.057,19.975,1.526
11042,linear_1,indexscan,64,prefetch-simple,io_uring,3,32GB,0.472,3.585,330.419,29.939
11043,linear_1,bitmapscan,0,master,io_uring,3,32GB,47.311,50.973,2972.983,733.272
11044,linear_1,bitmapscan,16,prefetch-simple,sync,3,32GB,0.314,3.029,132.016,24.415
11045,linear_1,indexscan,1,master,worker,12,32GB,0.006,0.1,44.193,2.001
11046,linear_1,indexscan,0,prefetch-complex,worker,12,32GB,2.396,6.039,1672.425,115.523
11047,linear_1,bitmapscan,64,prefetch-simple,sync,3,32GB,0.211,2.429,141.088,19.131
11048,linear_1,bitmapscan,1,prefetch-simple,worker,12,32GB,0.209,2.413,486.307,18.263
11049,linear_1,bitmapscan,0,prefetch-complex,io_uring,3,32GB,2.399,6.045,444.203,72.583
11050,linear_1,indexscan,64,master,worker,12,32GB,27.305,30.963,9120.544,1199.5
11051,linear_1,indexscan,16,master,worker,3,32GB,47.303,50.972,15124.616,2071.083
11052,linear_1,bitmapscan,0,prefetch-complex,sync,3,32GB,47.315,50.95,3169.503,803.714
11053,linear_1,bitmapscan,16,prefetch-simple,io_uring,3,32GB,0.028,0.472,52.794,5.117
11054,linear_1,bitmapscan,1,master,worker,3,32GB,37.312,40.951,2535.733,570.945
11055,linear_1,indexscan,16,prefetch-simple,worker,3,32GB,37.314,40.948,4143.363,1561.253
11056,linear_1,indexscan,1,prefetch-simple,sync,3,32GB,2.394,5.988,2637.395,109.976
11057,linear_1,indexscan,16,master,io_uring,3,32GB,0.709,4.123,1161.011,41.358
11058,linear_1,bitmapscan,1,master,sync,3,32GB,0.042,0.68,308.661,7.033
11059,linear_1,bitmapscan,0,prefetch-simple,worker,12,32GB,0.028,0.467,141.783,5.534
11060,linear_1,bitmapscan,1,master,sync,3,32GB,1.062,4.623,472.155,41.701
11061,linear_1,indexscan,64,prefetch-simple,worker,3,32GB,0.004,0.074,9.235,1.71
11062,linear_1,indexscan,1,prefetch-simple,worker,12,32GB,27.31,30.968,14963.886,1149.595
11063,linear_1,bitmapscan,1,master,worker,12,32GB,18.205,21.849,1562.647,312.371
11064,linear_1,bitmapscan,64,master,io_uring,3,32GB,97.046,99.395,3151.165,1392.224
11065,linear_1,indexscan,16,prefetch-simple,io_uring,3,32GB,0.006,0.111,13.087,2.008
11066,linear_1,bitmapscan,0,prefetch-simple,worker,12,32GB,8.085,11.73,803.493,151.417
11067,linear_1,bitmapscan,0,prefetch-simple,sync,3,32GB,67.316,70.937,4158.223,1021.217
11068,linear_1,bitmapscan,1,prefetch-complex,io_uring,3,32GB,0.093,1.351,436.917,12.126
11069,linear_1,indexscan,16,master,worker,12,32GB,0.709,4.124,1255.081,43.243
11070,linear_1,indexscan,64,master,worker,3,32GB,8.095,11.722,3571.312,365.834
11071,linear_1,bitmapscan,1,prefetch-complex,worker,12,32GB,0.095,1.375,484.384,11.839
11072,linear_1,indexscan,1,prefetch-simple,worker,3,32GB,0.004,0.074,66.208,1.808
11073,linear_1,bitmapscan,16,master,worker,12,32GB,47.305,50.945,1511.288,718.655
11074,linear_1,indexscan,1,prefetch-complex,io_uring,3,32GB,1.595,5.25,2264.892,79.554
11075,linear_1,bitmapscan,64,master,sync,3,32GB,0.707,4.089,135.266,34.963
11076,linear_1,indexscan,1,master,io_uring,3,32GB,57.31,60.943,18751.394,2537.194
11077,linear_1,indexscan,0,master,io_uring,3,32GB,1.602,5.227,1540.887,82.494
11078,linear_1,indexscan,64,master,worker,12,32GB,97.113,99.55,30355.917,4180.704
11079,linear_1,bitmapscan,1,prefetch-simple,io_uring,3,32GB,0.042,0.68,254.626,7.133
11080,linear_1,bitmapscan,16,master,worker,12,32GB,0.042,0.679,99.504,7.213
11081,linear_1,indexscan,64,master,sync,3,32GB,0.063,0.971,344.362,7.936
11082,linear_1,indexscan,64,prefetch-complex,io_uring,3,32GB,5.388,9.028,745.477,238.724
11083,linear_1,bitmapscan,64,prefetch-simple,worker,12,32GB,37.308,40.951,1163.545,571.34
11084,linear_1,indexscan,1,master,io_uring,3,32GB,12.132,15.778,4792.482,546.001
11085,linear_1,bitmapscan,64,prefetch-simple,sync,3,32GB,0.004,0.068,8.623,1.89
11086,linear_1,indexscan,0,prefetch-simple,io_uring,3,32GB,0.924,3.478,1068.421,46.586
11087,linear_1,indexscan,1,prefetch-complex,io_uring,3,32GB,87.306,90.936,41281.841,3677.752
11088,linear_1,indexscan,0,prefetch-simple,worker,12,32GB,0.002,0.034,12.134,1.318
11089,linear_1,indexscan,64,master,worker,3,32GB,0.006,0.106,34.306,2.057
11090,linear_1,indexscan,64,master,sync,3,32GB,0.14,1.826,559.064,12.982
11091,linear_1,bitmapscan,1,prefetch-simple,worker,3,32GB,0.004,0.075,32.737,1.867
11092,linear_1,bitmapscan,0,master,worker,12,32GB,77.282,80.587,4567.818,1170.017
11093,linear_1,indexscan,16,prefetch-complex,worker,3,32GB,67.31,70.954,6261.22,2816.931
11094,linear_1,indexscan,0,prefetch-complex,worker,12,32GB,0.001,0.011,4.622,1.216
11095,linear_1,indexscan,16,master,worker,12,32GB,0.002,0.034,12.834,1.258
11096,linear_1,bitmapscan,0,master,io_uring,3,32GB,57.305,60.949,3587.364,886.612
11097,linear_1,indexscan,16,prefetch-simple,worker,3,32GB,77.309,80.958,8544.211,3223.226
11098,linear_1,indexscan,1,prefetch-complex,sync,3,32GB,0.001,0.02,10.083,1.285
11099,linear_1,bitmapscan,0,prefetch-complex,worker,12,32GB,0.007,0.118,48.894,2.725
11100,linear_1,bitmapscan,0,prefetch-simple,io_uring,3,32GB,0.028,0.479,150.616,5.62
11101,linear_1,bitmapscan,0,prefetch-complex,sync,3,32GB,37.309,40.974,2464.721,631.817
11102,linear_1,bitmapscan,1,prefetch-complex,worker,12,32GB,0.712,4.124,524.803,36.748
11103,linear_1,bitmapscan,1,prefetch-complex,sync,3,32GB,0.094,1.361,489.313,11.762
11104,linear_1,indexscan,16,prefetch-simple,sync,3,32GB,0.002,0.033,6.48,1.296
11105,linear_1,bitmapscan,16,prefetch-complex,sync,3,32GB,57.307,60.949,1919.388,913.254
11106,linear_1,indexscan,64,master,worker,3,32GB,0.042,0.675,255.438,6.109
11107,linear_1,bitmapscan,64,prefetch-simple,io_uring,3,32GB,0.315,3.022,141.926,23.292
11108,linear_1,bitmapscan,16,master,worker,3,32GB,0.003,0.046,6.726,1.439
11109,linear_1,indexscan,64,prefetch-complex,worker,3,32GB,0.315,3.024,301.808,23.444
11110,linear_1,indexscan,0,prefetch-simple,worker,3,32GB,87.261,90.385,27341.874,3656.197
11111,linear_1,indexscan,1,prefetch-complex,sync,3,32GB,0.043,0.697,397.854,6.127
11112,linear_1,bitmapscan,1,prefetch-complex,sync,3,32GB,47.305,50.944,3355.329,768.338
11113,linear_1,indexscan,64,prefetch-simple,worker,12,32GB,0.002,0.04,5.893,1.398
11114,linear_1,indexscan,64,master,io_uring,3,32GB,5.395,9.042,2583.717,246.475
11115,linear_1,bitmapscan,16,master,worker,12,32GB,12.135,15.791,399.298,215.429
11116,linear_1,indexscan,1,master,worker,3,32GB,27.302,30.911,9303.423,1195.578
11117,linear_1,bitmapscan,64,prefetch-complex,io_uring,3,32GB,3.595,7.254,229.326,86.785
11118,linear_1,bitmapscan,0,prefetch-simple,worker,12,32GB,0.043,0.697,194.874,7.869
11119,linear_1,bitmapscan,16,prefetch-complex,worker,12,32GB,0.001,0.018,3.521,1.32
11120,linear_1,bitmapscan,0,prefetch-complex,io_uring,3,32GB,37.314,40.959,2552.754,638.678
11121,linear_1,bitmapscan,1,master,io_uring,3,32GB,0.028,0.466,249.757,5.42
11122,linear_1,indexscan,1,prefetch-simple,sync,3,32GB,0.009,0.153,66.772,2.518
11123,linear_1,indexscan,1,master,sync,3,32GB,96.979,99.244,30578.53,4253.088
11124,linear_1,indexscan,16,prefetch-complex,io_uring,3,32GB,18.071,20.765,1872.494,764.692
11125,linear_1,indexscan,0,prefetch-complex,worker,12,32GB,0.004,0.072,24.233,1.896
11126,linear_1,bitmapscan,64,prefetch-simple,worker,12,32GB,67.316,70.945,2210.412,989.077
11127,linear_1,indexscan,1,prefetch-simple,sync,3,32GB,67.293,70.69,32295.279,2776.123
11128,linear_1,indexscan,16,prefetch-complex,worker,3,32GB,0.004,0.067,8.66,1.788
11129,linear_1,bitmapscan,1,prefetch-complex,io_uring,3,32GB,12.14,15.78,1158.948,227.558
11130,linear_1,bitmapscan,16,prefetch-simple,sync,3,32GB,3.602,7.262,208.387,82.66
11131,linear_1,indexscan,0,master,sync,3,32GB,0.063,0.982,396.827,7.831
11132,linear_1,bitmapscan,64,prefetch-simple,worker,12,32GB,0.316,3.018,172.275,23.525
11133,linear_1,bitmapscan,64,prefetch-complex,io_uring,3,32GB,0.02,0.336,34.152,4.45
11134,linear_1,indexscan,1,master,worker,12,32GB,8.091,11.726,3399.984,365.645
11135,linear_1,bitmapscan,0,master,worker,3,32GB,47.31,50.956,3077.162,739.089
11136,linear_1,indexscan,0,prefetch-simple,io_uring,3,32GB,97.023,99.338,29829.378,4088.125
11137,linear_1,indexscan,1,master,worker,3,32GB,0.031,0.505,182.531,5.658
11138,linear_1,indexscan,16,prefetch-complex,worker,12,32GB,67.308,70.942,6279.771,2851.49
11139,linear_1,bitmapscan,16,prefetch-simple,sync,3,32GB,0.128,1.657,108.683,13.134
11140,linear_1,indexscan,64,master,worker,12,32GB,0.003,0.056,18.804,1.516
11141,linear_1,bitmapscan,64,prefetch-complex,io_uring,3,32GB,0.709,4.117,136.511,34.939
11142,linear_1,indexscan,1,prefetch-complex,worker,12,32GB,0.476,3.62,1515.416,32.992
11143,linear_1,indexscan,16,prefetch-complex,worker,12,32GB,27.306,30.951,2759.424,1158.907
11144,linear_1,bitmapscan,16,prefetch-complex,sync,3,32GB,0.14,1.86,140.529,15.385
11145,linear_1,indexscan,16,prefetch-simple,sync,3,32GB,0.019,0.33,37.65,4.069
11146,linear_1,bitmapscan,1,prefetch-simple,worker,12,32GB,5.396,9.033,838.204,108.09
11147,linear_1,bitmapscan,1,master,worker,3,32GB,0.042,0.69,273.197,6.992
11148,linear_1,bitmapscan,0,master,io_uring,3,32GB,12.133,15.788,1054.292,218.91
11149,linear_1,bitmapscan,16,master,sync,3,32GB,2.393,6.032,196.156,63.317
11150,linear_1,indexscan,1,prefetch-complex,worker,3,32GB,97.07,99.447,45392.038,4079.743
11151,linear_1,indexscan,16,master,sync,3,32GB,0.093,1.358,500.893,10.095
11152,linear_1,bitmapscan,1,prefetch-complex,worker,12,32GB,0.042,0.682,278.392,7.038
11153,linear_1,bitmapscan,16,master,io_uring,3,32GB,0.006,0.111,13.572,2.173
11154,linear_1,indexscan,1,prefetch-complex,worker,3,32GB,0.002,0.033,21.667,1.459
11155,linear_1,bitmapscan,64,master,worker,12,32GB,87.306,90.865,2835.413,1272.435
11156,linear_1,bitmapscan,1,prefetch-simple,io_uring,3,32GB,0.001,0.017,9.072,1.205
11157,linear_1,indexscan,0,master,io_uring,3,32GB,67.312,70.951,21709.816,2970.879
11158,linear_1,indexscan,16,prefetch-simple,worker,12,32GB,12.143,15.794,1667.102,516.692
11159,linear_1,indexscan,0,prefetch-complex,io_uring,3,32GB,0.003,0.049,16.558,1.711
11160,linear_1,bitmapscan,16,master,io_uring,3,32GB,0.003,0.052,6.837,1.531
11161,linear_1,indexscan,1,master,worker,12,32GB,1.595,5.227,1496.346,83.494
11162,linear_1,indexscan,1,prefetch-simple,worker,12,32GB,0.009,0.159,67.353,2.616
11163,linear_1,indexscan,16,prefetch-simple,worker,3,32GB,12.137,15.784,1625.959,508.085
11164,linear_1,bitmapscan,16,prefetch-complex,sync,3,32GB,2.398,6.042,209.132,67.867
11165,linear_1,bitmapscan,1,master,worker,12,32GB,0.214,2.45,510.008,18.8
11166,linear_1,indexscan,16,prefetch-simple,worker,12,32GB,0.001,0.022,3.917,1.124
11167,linear_1,indexscan,0,master,io_uring,3,32GB,77.312,80.951,24705.712,3382.835
11168,linear_1,indexscan,64,prefetch-complex,io_uring,3,32GB,0.002,0.039,5.985,1.533
11169,linear_1,indexscan,1,prefetch-simple,sync,3,32GB,5.396,9.067,4017.197,236.191
11170,linear_1,indexscan,16,prefetch-complex,worker,12,32GB,87.25,90.313,8261.095,3686.779
11171,linear_1,bitmapscan,1,prefetch-simple,worker,3,32GB,0.141,1.856,492.597,15.182
11172,linear_1,bitmapscan,1,prefetch-simple,sync,3,32GB,5.265,7.974,591.582,99.859
11173,linear_1,bitmapscan,16,prefetch-complex,worker,3,32GB,17.873,20.171,515.539,313.795
11174,linear_1,indexscan,64,master,worker,12,32GB,0.009,0.153,50.819,2.538
11175,linear_1,indexscan,0,prefetch-complex,worker,3,32GB,2.397,6.04,1881.518,115.617
11176,linear_1,bitmapscan,0,prefetch-complex,worker,12,32GB,0.004,0.071,24.811,1.983
11177,linear_1,indexscan,1,prefetch-complex,worker,12,32GB,37.271,40.458,18348.72,1562.287
11178,linear_1,bitmapscan,64,master,worker,12,32GB,18.201,21.836,646.515,310.524
11179,linear_1,indexscan,64,master,sync,3,32GB,1.599,5.218,1536.584,83.553
11180,linear_1,indexscan,0,master,worker,3,32GB,87.311,90.944,27665.311,3822.076
11181,linear_1,indexscan,1,master,worker,12,32GB,0.004,0.072,24.768,1.774
11182,linear_1,indexscan,64,master,worker,12,32GB,0.001,0.015,6.874,1.072
11183,linear_1,bitmapscan,0,prefetch-complex,sync,3,32GB,0.003,0.054,19.917,1.798
11184,linear_1,indexscan,0,prefetch-complex,sync,3,32GB,67.308,70.943,21376.5,2896.431
11185,linear_1,bitmapscan,16,master,worker,12,32GB,57.308,60.945,1873.337,867.918
11186,linear_1,bitmapscan,1,master,io_uring,3,32GB,12.144,15.791,1159.423,218.041
11187,linear_1,bitmapscan,64,master,worker,3,32GB,0.315,3.006,150.426,24.542
11188,linear_1,bitmapscan,1,prefetch-complex,worker,3,32GB,0.027,0.457,225.014,5.414
11189,linear_1,indexscan,64,prefetch-complex,sync,3,32GB,0.315,3.004,296.353,22.838
11190,linear_1,bitmapscan,1,prefetch-complex,worker,12,32GB,0.028,0.469,196.781,5.933
11191,linear_1,indexscan,16,prefetch-simple,worker,3,32GB,47.316,50.958,5582.311,1965.995
11192,linear_1,bitmapscan,1,prefetch-simple,worker,3,32GB,96.998,99.285,5919.668,1410.389
11193,linear_1,indexscan,16,prefetch-complex,sync,3,32GB,0.212,2.436,260.997,17.384
11194,linear_1,bitmapscan,64,prefetch-simple,worker,12,32GB,0.009,0.154,16.866,2.612
11195,linear_1,bitmapscan,16,master,io_uring,3,32GB,0.141,1.865,161.168,14.663
11196,linear_1,bitmapscan,16,master,worker,3,32GB,37.314,40.944,1194.986,570.889
11197,linear_1,bitmapscan,64,master,sync,3,32GB,77.311,80.929,2572.591,1131.864
11198,linear_1,indexscan,64,master,worker,3,32GB,0.009,0.156,54.465,2.639
11199,linear_1,indexscan,1,master,io_uring,3,32GB,3.597,7.263,2182.747,173.622
11200,linear_1,indexscan,1,prefetch-simple,worker,12,32GB,77.263,80.392,38558.716,3155.104
11201,linear_1,bitmapscan,64,prefetch-complex,io_uring,3,32GB,0.029,0.464,41.114,5.519
11202,linear_1,bitmapscan,1,master,worker,12,32GB,8.103,11.74,918.175,148.171
11203,linear_1,indexscan,1,master,worker,3,32GB,18.205,21.852,6548.034,801.298
11204,linear_1,indexscan,0,prefetch-complex,io_uring,3,32GB,0.14,1.842,696.968,13.723
11205,linear_1,indexscan,16,master,worker,3,32GB,67.301,70.823,21819.546,2908.44
11206,linear_1,bitmapscan,0,prefetch-simple,io_uring,3,32GB,0.141,1.86,417.53,15.616
11207,linear_1,indexscan,64,prefetch-simple,io_uring,3,32GB,0.711,4.128,421.064,40.251
11208,linear_1,indexscan,16,prefetch-simple,worker,3,32GB,0.006,0.109,17.508,2.046
11209,linear_1,bitmapscan,0,prefetch-simple,sync,3,32GB,3.598,7.245,582.343,85.14
11210,linear_1,bitmapscan,64,prefetch-simple,sync,3,32GB,18.202,21.834,529.885,310.068
11211,linear_1,indexscan,1,prefetch-simple,worker,3,32GB,0.095,1.376,661.908,10.332
11212,linear_1,bitmapscan,64,master,sync,3,32GB,47.316,50.952,1558.795,716.899
11213,linear_1,bitmapscan,64,prefetch-complex,sync,3,32GB,18.207,21.859,567.989,334.541
11214,linear_1,indexscan,16,prefetch-simple,io_uring,3,32GB,12.136,15.797,1611.991,524.903
11215,linear_1,indexscan,0,master,worker,12,32GB,5.393,9.045,2749.405,250.488
11216,linear_1,bitmapscan,64,prefetch-simple,worker,3,32GB,3.592,7.235,250.984,82.145
11217,linear_1,bitmapscan,0,master,worker,12,32GB,0.019,0.336,114.088,4.591
11218,linear_1,bitmapscan,1,prefetch-simple,io_uring,3,32GB,37.31,40.934,2673.077,585.337
11219,linear_1,bitmapscan,0,master,worker,3,32GB,1.598,5.212,435.048,57.01
11220,linear_1,indexscan,0,prefetch-complex,worker,3,32GB,67.125,69.681,20833.048,2840.389
11221,linear_1,indexscan,16,prefetch-complex,worker,12,32GB,0.475,3.611,361.202,32.29
11222,linear_1,indexscan,64,master,io_uring,3,32GB,1.511,4.375,1226.601,73.457
11223,linear_1,indexscan,64,prefetch-complex,worker,12,32GB,0.473,3.599,343.29,29.994
11224,linear_1,bitmapscan,1,prefetch-simple,io_uring,3,32GB,76.992,79.322,4760.431,1122.412
11225,linear_1,bitmapscan,0,prefetch-complex,io_uring,3,32GB,0.002,0.038,20.022,1.57
11226,linear_1,bitmapscan,1,master,worker,12,32GB,0.064,0.99,378.879,8.814
11227,linear_1,indexscan,0,prefetch-simple,worker,12,32GB,0.093,1.362,457.617,10.177
11228,linear_1,indexscan,64,prefetch-simple,worker,12,32GB,8.096,11.729,1212.845,352.004
11229,linear_1,indexscan,0,prefetch-complex,sync,3,32GB,0.006,0.107,59.626,2.334
11230,linear_1,indexscan,1,master,worker,12,32GB,27.311,30.933,9267.912,1196.613
11231,linear_1,bitmapscan,16,prefetch-complex,sync,3,32GB,0.006,0.104,14.594,2.544
11232,linear_1,bitmapscan,0,master,sync,3,32GB,3.597,7.254,591.283,84.934
11233,linear_1,bitmapscan,1,prefetch-complex,sync,3,32GB,1.445,4.062,350.747,44.602
11234,linear_1,bitmapscan,16,prefetch-simple,worker,12,32GB,0.009,0.159,18.225,2.934
11235,linear_1,indexscan,0,master,io_uring,3,32GB,12.133,15.79,4815.503,541.043
11236,linear_1,indexscan,0,prefetch-simple,worker,3,32GB,0.006,0.104,33.923,2.078
11237,linear_1,bitmapscan,16,prefetch-simple,worker,3,32GB,27.311,30.959,879.169,438.279
11238,linear_1,indexscan,1,prefetch-simple,worker,12,32GB,0.029,0.487,263.716,4.912
11239,linear_1,bitmapscan,64,master,worker,12,32GB,0.712,4.121,150.175,35.129
11240,linear_1,bitmapscan,16,prefetch-complex,sync,3,32GB,47.315,50.983,1599.254,762.66
11241,linear_1,bitmapscan,0,prefetch-simple,worker,12,32GB,37.314,40.939,2476.069,594.025
11242,linear_1,indexscan,1,prefetch-simple,sync,3,32GB,1.064,4.648,2014.063,56.146
11243,linear_1,indexscan,16,master,io_uring,3,32GB,0.064,0.989,331.162,8.004
11244,linear_1,indexscan,0,master,worker,12,32GB,0.013,0.231,74.416,3.333
11245,linear_1,bitmapscan,16,master,worker,12,32GB,96.986,99.26,3169.098,1403.488
11246,linear_1,indexscan,16,prefetch-simple,sync,3,32GB,67.312,70.957,7427.423,2806.336
11247,linear_1,indexscan,64,prefetch-complex,io_uring,3,32GB,12.14,15.773,1376.432,522.523
11248,linear_1,bitmapscan,0,prefetch-complex,worker,3,32GB,18.204,21.847,1434.638,340.928
11249,linear_1,bitmapscan,16,master,sync,3,32GB,0.002,0.033,4.881,1.271
11250,linear_1,bitmapscan,1,prefetch-simple,worker,12,32GB,8.09,11.731,892.818,147.592
11251,linear_1,bitmapscan,16,prefetch-complex,worker,12,32GB,12.135,15.776,431.677,226.323
11252,linear_1,indexscan,16,prefetch-complex,worker,3,32GB,0.051,0.783,81.935,6.262
11253,linear_1,bitmapscan,16,master,sync,3,32GB,1.276,3.531,113.952,38.14
11254,linear_1,bitmapscan,1,master,worker,3,32GB,0.001,0.02,9.58,1.137
11255,linear_1,indexscan,64,master,worker,3,32GB,37.306,40.95,12370.789,1637.42
11256,linear_1,bitmapscan,0,prefetch-complex,io_uring,3,32GB,0.711,4.119,389.868,38.722
11257,linear_1,bitmapscan,1,prefetch-complex,worker,12,32GB,5.395,9.058,816.834,114.883
11258,linear_1,indexscan,64,prefetch-simple,worker,12,32GB,0.092,1.338,141.35,9.73
11259,linear_1,indexscan,1,prefetch-simple,io_uring,3,32GB,0.013,0.222,109.063,3.126
11260,linear_1,bitmapscan,64,prefetch-complex,io_uring,3,32GB,0.476,3.617,170.782,30.086
11261,linear_1,bitmapscan,0,prefetch-simple,worker,12,32GB,27.311,30.95,1939.705,450.162
11262,linear_1,indexscan,16,prefetch-complex,sync,3,32GB,0.001,0.018,3.526,1.263
11263,linear_1,indexscan,16,prefetch-simple,worker,12,32GB,3.588,7.233,690.811,160.027
11264,linear_1,bitmapscan,16,prefetch-simple,worker,3,32GB,0.018,0.313,32.596,4.249
11265,linear_1,bitmapscan,0,prefetch-complex,io_uring,3,32GB,0.001,0.018,7.08,1.278
11266,linear_1,indexscan,64,master,worker,12,32GB,0.004,0.063,21.109,1.633
11267,linear_1,indexscan,64,prefetch-simple,worker,3,32GB,0.709,4.129,396.264,41.437
11268,linear_1,indexscan,16,prefetch-simple,sync,3,32GB,0.041,0.676,73.571,5.659
11269,linear_1,indexscan,1,prefetch-complex,worker,12,32GB,0.028,0.469,219.551,4.849
11270,linear_1,indexscan,16,prefetch-simple,io_uring,3,32GB,1.602,5.23,503.04,76.945
11271,linear_1,indexscan,16,prefetch-simple,sync,3,32GB,0.315,3.01,315.3,22.632
11272,linear_1,indexscan,64,master,sync,3,32GB,0.004,0.074,35.769,1.719
11273,linear_1,indexscan,0,prefetch-complex,sync,3,32GB,0.211,1.914,568.344,17.993
11274,linear_1,bitmapscan,64,prefetch-complex,worker,12,32GB,12.134,15.791,452.246,244.426
11275,linear_1,indexscan,1,master,sync,3,32GB,8.089,11.749,3597.916,369.715
11276,linear_1,bitmapscan,64,master,sync,3,32GB,0.211,2.429,174.825,18.534
11277,linear_1,bitmapscan,1,master,worker,3,32GB,0.018,0.308,126.391,4.32
11278,linear_1,bitmapscan,0,prefetch-simple,sync,3,32GB,0.006,0.098,37.763,2.241
11279,linear_1,indexscan,0,prefetch-complex,worker,3,32GB,0.009,0.165,63.796,2.833
11280,linear_1,bitmapscan,64,master,worker,12,32GB,3.603,7.235,202.959,80.019
11281,linear_1,bitmapscan,0,prefetch-complex,worker,12,32GB,47.308,50.942,2959.98,781.427
11282,linear_1,indexscan,0,master,io_uring,3,32GB,8.087,11.735,3630.33,372.471
11283,linear_1,bitmapscan,64,prefetch-simple,sync,3,32GB,0.028,0.472,47.172,5.795
11284,linear_1,bitmapscan,0,master,worker,3,32GB,2.392,6.04,450.907,67.184
11285,linear_1,indexscan,0,prefetch-complex,io_uring,3,32GB,0.062,0.97,351.855,8.026
11286,linear_1,bitmapscan,1,prefetch-simple,worker,12,32GB,87.306,90.931,5455.507,1271.613
11287,linear_1,indexscan,64,prefetch-complex,worker,3,32GB,0.028,0.465,58.159,4.593
11288,linear_1,bitmapscan,16,prefetch-simple,worker,12,32GB,3.596,7.239,199.946,80.643
11289,linear_1,bitmapscan,64,master,io_uring,3,32GB,0.14,1.845,130.631,14.58
11290,linear_1,indexscan,0,prefetch-complex,worker,3,32GB,0.318,3.027,869.776,23.793
11291,linear_1,indexscan,0,prefetch-simple,worker,12,32GB,77.311,80.952,24304.999,3256.336
11292,linear_1,bitmapscan,16,prefetch-simple,worker,12,32GB,67.311,70.944,2232.375,1009.878
11293,linear_1,indexscan,1,prefetch-simple,io_uring,3,32GB,0.001,0.016,7.816,1.137
11294,linear_1,indexscan,16,prefetch-simple,worker,3,32GB,57.314,60.956,6495.11,2363.317
11295,linear_1,indexscan,1,master,worker,12,32GB,0.014,0.237,83.493,3.374
11296,linear_1,indexscan,1,prefetch-simple,worker,12,32GB,37.308,40.944,18783.496,1549.864
11297,linear_1,indexscan,16,master,sync,3,32GB,0.006,0.11,51.84,2.209
11298,linear_1,bitmapscan,1,master,worker,12,32GB,87.277,90.563,5311.627,1268.681
11299,linear_1,indexscan,64,prefetch-complex,sync,3,32GB,0.043,0.699,74.898,6.456
11300,linear_1,bitmapscan,16,prefetch-complex,sync,3,32GB,0.096,1.384,110.409,11.872
11301,linear_1,bitmapscan,64,master,worker,3,32GB,1.603,5.236,218.549,52.276
11302,linear_1,indexscan,64,prefetch-complex,io_uring,3,32GB,0.316,3.019,298.264,23.049
11303,linear_1,bitmapscan,0,prefetch-complex,worker,12,32GB,0.042,0.689,206.888,7.443
11304,linear_1,indexscan,1,prefetch-complex,worker,3,32GB,18.211,21.839,9649.002,774.666
11305,linear_1,bitmapscan,64,master,worker,3,32GB,0.473,3.591,148.458,29.408
11306,linear_1,indexscan,1,prefetch-complex,sync,3,32GB,3.598,7.243,3263.795,162.756
11307,linear_1,bitmapscan,0,prefetch-simple,worker,3,32GB,77.311,80.941,4510.967,1168.812
11308,linear_1,indexscan,16,prefetch-complex,worker,12,32GB,0.001,0.018,3.578,1.287
11309,linear_1,bitmapscan,64,master,worker,3,32GB,0.209,2.401,137.906,17.936
11310,linear_1,indexscan,16,prefetch-complex,worker,3,32GB,5.395,9.041,836.184,240.859
11311,linear_1,bitmapscan,1,prefetch-simple,worker,12,32GB,0.712,4.12,512.887,35.416
11312,linear_1,indexscan,16,prefetch-complex,io_uring,3,32GB,57.125,59.675,5165.335,2373.679
11313,linear_1,indexscan,0,master,io_uring,3,32GB,0.01,0.166,74.641,2.846
11314,linear_1,indexscan,0,prefetch-simple,io_uring,3,32GB,12.134,15.769,4552.969,527.246
11315,linear_1,bitmapscan,1,master,io_uring,3,32GB,0.316,3.023,509.402,24.304
11316,linear_1,bitmapscan,0,prefetch-simple,worker,12,32GB,0.314,3.022,398.65,25.894
11317,linear_1,bitmapscan,16,master,worker,3,32GB,1.599,5.228,178.01,53.027
11318,linear_1,indexscan,1,master,worker,3,32GB,0.141,1.864,712.433,13.205
11319,linear_1,bitmapscan,16,prefetch-simple,worker,12,32GB,0.093,1.359,101.86,11.888
11320,linear_1,bitmapscan,1,master,worker,3,32GB,67.312,70.952,4319.024,1022.261
11321,linear_1,indexscan,0,master,io_uring,3,32GB,27.306,30.96,9302.394,1198.458
11322,linear_1,bitmapscan,0,prefetch-simple,io_uring,3,32GB,0.001,0.017,7.269,1.155
11323,linear_1,indexscan,16,master,worker,12,32GB,0.018,0.316,112.646,3.9
11324,linear_1,bitmapscan,16,prefetch-complex,sync,3,32GB,0.001,0.017,3.334,1.335
11325,linear_1,bitmapscan,16,master,worker,3,32GB,1.066,4.635,139.928,42.994
11326,linear_1,indexscan,16,prefetch-simple,worker,12,32GB,0.473,3.593,388.165,32.178
11327,linear_1,indexscan,16,prefetch-complex,sync,3,32GB,5.393,9.048,1725.886,244.768
11328,linear_1,bitmapscan,0,prefetch-simple,sync,3,32GB,0.003,0.055,18.658,1.67
11329,linear_1,indexscan,16,prefetch-simple,worker,3,32GB,0.013,0.224,24.424,2.887
11330,linear_1,indexscan,1,prefetch-simple,sync,3,32GB,87.24,90.199,41163.194,3558.331
11331,linear_1,indexscan,1,prefetch-complex,worker,3,32GB,2.396,6.042,2687.605,115.895
11332,linear_1,bitmapscan,16,prefetch-simple,worker,3,32GB,0.006,0.1,11.292,2.153
11333,linear_1,indexscan,64,prefetch-complex,worker,12,32GB,1.069,4.642,400.427,54.694
11334,linear_1,bitmapscan,0,prefetch-complex,worker,12,32GB,0.003,0.058,22.315,1.935
11335,linear_1,indexscan,1,prefetch-complex,worker,3,32GB,12.132,15.772,8170.063,524.759
11336,linear_1,indexscan,0,master,worker,3,32GB,27.304,30.944,9766.512,1196.526
11337,linear_1,indexscan,1,prefetch-complex,sync,3,32GB,1.066,4.629,2137.1,56.813
11338,linear_1,indexscan,16,prefetch-complex,worker,12,32GB,8.063,11.327,963.693,347.749
11339,linear_1,bitmapscan,16,prefetch-complex,worker,12,32GB,97.097,99.525,3306.342,1501.285
11340,linear_1,bitmapscan,64,prefetch-simple,sync,3,32GB,0.013,0.222,22.817,3.226
11341,linear_1,bitmapscan,0,prefetch-complex,worker,3,32GB,0.004,0.068,23.575,1.972
11342,linear_1,indexscan,1,prefetch-simple,io_uring,3,32GB,0.004,0.074,34.008,1.754
11343,linear_1,bitmapscan,16,prefetch-complex,worker,3,32GB,37.312,40.951,1252.435,609.794
11344,linear_1,indexscan,1,prefetch-simple,sync,3,32GB,18.208,21.856,9830.39,771.803
11345,linear_1,indexscan,64,prefetch-complex,sync,3,32GB,57.096,59.581,5125.655,2406.242
11346,linear_1,bitmapscan,1,prefetch-complex,io_uring,3,32GB,0.028,0.467,184.371,5.626
11347,linear_1,bitmapscan,0,master,sync,3,32GB,12.143,15.782,1075.319,222.409
11348,linear_1,bitmapscan,1,prefetch-complex,io_uring,3,32GB,0.013,0.218,102.688,3.737
11349,linear_1,bitmapscan,0,prefetch-complex,sync,3,32GB,57.31,60.94,3543.402,960.745
11350,linear_1,indexscan,16,master,io_uring,3,32GB,97.063,99.431,30220.225,4275.393
11351,linear_1,indexscan,16,prefetch-simple,worker,3,32GB,97.168,99.728,10743.341,3991.122
11352,linear_1,bitmapscan,16,prefetch-complex,worker,3,32GB,0.013,0.231,25.561,3.565
11353,linear_1,bitmapscan,64,prefetch-complex,worker,12,32GB,2.403,6.047,182.753,68.459
11354,linear_1,indexscan,1,prefetch-simple,io_uring,3,32GB,0.002,0.037,17.094,1.355
11355,linear_1,bitmapscan,16,prefetch-complex,worker,3,32GB,87.307,90.926,3045.011,1397.509
11356,linear_1,indexscan,1,prefetch-complex,io_uring,3,32GB,0.042,0.691,337.522,6.265
11357,linear_1,indexscan,1,prefetch-simple,worker,3,32GB,77.311,80.936,38255.338,3195.457
11358,linear_1,indexscan,64,prefetch-simple,io_uring,3,32GB,1.071,4.644,436.998,55.193
11359,linear_1,bitmapscan,64,master,worker,3,32GB,0.013,0.23,23.738,3.317
11360,linear_1,bitmapscan,16,prefetch-simple,io_uring,3,32GB,0.019,0.33,33.847,4.434
11361,linear_1,indexscan,1,master,worker,12,32GB,0.01,0.167,57.772,2.711
11362,linear_1,bitmapscan,0,master,sync,3,32GB,97.04,99.381,5556.696,1433.149
11363,linear_1,indexscan,16,master,io_uring,3,32GB,67.303,70.879,23843.912,2988.253
11364,linear_1,bitmapscan,64,prefetch-complex,sync,3,32GB,0.013,0.223,23.665,3.789
11365,linear_1,bitmapscan,0,prefetch-simple,io_uring,3,32GB,57.315,60.963,3653.963,898.317
11366,linear_1,bitmapscan,64,prefetch-complex,sync,3,32GB,0.019,0.326,33.07,4.365
11367,linear_1,indexscan,64,master,worker,12,32GB,87.313,90.941,29377.455,3793.269
11368,linear_1,indexscan,1,prefetch-simple,worker,12,32GB,0.001,0.017,8.616,1.202
11369,linear_1,indexscan,64,prefetch-simple,io_uring,3,32GB,0.002,0.037,5.452,1.371
11370,linear_1,bitmapscan,1,prefetch-simple,worker,12,32GB,0.012,0.21,130.844,3.355
11371,linear_1,indexscan,0,prefetch-complex,worker,3,32GB,0.063,0.99,680.807,7.908
11372,linear_1,indexscan,16,master,sync,3,32GB,0.709,4.109,1204.451,42.436
11373,linear_1,indexscan,64,prefetch-complex,io_uring,3,32GB,96.966,99.217,15665.639,4103.493
11374,linear_1,indexscan,0,master,io_uring,3,32GB,0.478,3.636,1381.504,32.03
11375,linear_1,indexscan,1,prefetch-simple,worker,12,32GB,1.066,4.643,2225.162,56.243
11376,linear_1,bitmapscan,16,prefetch-complex,worker,3,32GB,0.018,0.31,33.153,4.055
11377,linear_1,indexscan,64,prefetch-complex,worker,12,32GB,67.23,70.152,5763.524,2830.98
11378,linear_1,bitmapscan,16,prefetch-simple,sync,3,32GB,47.304,50.971,2829.875,719.561
11379,linear_1,bitmapscan,1,prefetch-simple,sync,3,32GB,0.001,0.015,8.139,1.096
11380,linear_1,indexscan,16,master,io_uring,3,32GB,47.321,50.957,15143.508,2057.65
11381,linear_1,indexscan,64,prefetch-complex,sync,3,32GB,1.067,4.646,453.667,56.609
11382,linear_1,indexscan,1,prefetch-simple,io_uring,3,32GB,0.005,0.097,47.44,2.033
11383,linear_1,bitmapscan,1,master,sync,3,32GB,0.004,0.07,32.216,1.752
11384,linear_1,bitmapscan,16,prefetch-simple,sync,3,32GB,97.163,99.695,4477.959,1395.916
11385,linear_1,bitmapscan,0,master,io_uring,3,32GB,77.305,80.954,4690.479,1189.219
11386,linear_1,indexscan,64,prefetch-simple,worker,3,32GB,0.315,3.013,347.037,24.112
11387,linear_1,indexscan,16,prefetch-simple,io_uring,3,32GB,2.401,6.058,634.321,111.603
11388,linear_1,indexscan,0,prefetch-complex,io_uring,3,32GB,37.303,40.929,12251.753,1612.716
11389,linear_1,bitmapscan,64,master,worker,12,32GB,0.142,1.876,147.72,15.225
11390,linear_1,bitmapscan,64,master,worker,3,32GB,0.715,4.131,205.729,34.579
11391,linear_1,indexscan,16,prefetch-simple,sync,3,32GB,0.006,0.11,13.221,2.079
11392,linear_1,indexscan,1,prefetch-simple,worker,3,32GB,0.014,0.235,110.75,3.211
11393,linear_1,bitmapscan,16,master,worker,12,32GB,0.063,0.978,84.388,9.169
11394,linear_1,indexscan,64,master,worker,3,32GB,0.315,3.027,1010.103,23.938
11395,linear_1,indexscan,16,master,io_uring,3,32GB,1.603,5.242,1503.401,86.327
11396,linear_1,indexscan,1,prefetch-simple,sync,3,32GB,0.013,0.232,117.471,3.185
11397,linear_1,bitmapscan,0,prefetch-simple,worker,3,32GB,47.313,50.942,2989.404,737.881
11398,linear_1,bitmapscan,1,prefetch-simple,worker,3,32GB,0.063,0.973,399.502,8.914
11399,linear_1,indexscan,0,prefetch-complex,worker,3,32GB,0.003,0.05,17.32,1.622
11400,linear_1,indexscan,16,master,worker,12,32GB,8.091,11.734,3516.757,368.163
11401,linear_1,indexscan,0,prefetch-simple,worker,12,32GB,1.595,5.228,1678.388,81.079
11402,linear_1,bitmapscan,1,prefetch-simple,io_uring,3,32GB,0.009,0.155,72.45,2.726
11403,linear_1,indexscan,16,prefetch-simple,io_uring,3,32GB,18.203,21.857,2329.766,765.103
11404,linear_1,bitmapscan,0,prefetch-complex,worker,3,32GB,67.316,70.964,4286.511,1106.672
11405,linear_1,bitmapscan,64,prefetch-simple,worker,12,32GB,47.304,50.949,1530.801,726.712
11406,linear_1,indexscan,16,master,worker,12,32GB,0.472,3.602,1051.895,33.244
11407,linear_1,bitmapscan,64,prefetch-complex,sync,3,32GB,87.295,90.702,2982.636,1372.532
11408,linear_1,indexscan,0,prefetch-complex,worker,3,32GB,27.31,30.959,9682.721,1171.373
11409,linear_1,bitmapscan,0,prefetch-complex,sync,3,32GB,3.601,7.263,561.536,92.647
11410,linear_1,bitmapscan,1,prefetch-complex,worker,3,32GB,0.004,0.073,42.798,1.991
11411,linear_1,bitmapscan,1,master,sync,3,32GB,0.094,1.354,459.19,11.548
11412,linear_1,indexscan,1,prefetch-simple,worker,3,32GB,57.309,60.959,28607.758,2363.538
11413,linear_1,bitmapscan,64,prefetch-complex,io_uring,3,32GB,77.311,80.94,2650.974,1229.185
11414,linear_1,indexscan,16,master,worker,12,32GB,0.041,0.676,246.985,6.053
11415,linear_1,indexscan,0,prefetch-complex,sync,3,32GB,27.313,30.936,9726.659,1168.011
11416,linear_1,indexscan,1,prefetch-simple,worker,3,32GB,27.302,30.938,14363.43,1136.102
11417,linear_1,bitmapscan,1,prefetch-simple,worker,12,32GB,2.399,6.042,605.884,65.364
11418,linear_1,bitmapscan,0,prefetch-simple,worker,12,32GB,0.009,0.164,58.531,3.003
11419,linear_1,indexscan,16,master,io_uring,3,32GB,0.316,3.034,961.976,26.085
11420,linear_1,bitmapscan,0,master,worker,3,32GB,0.009,0.163,58.724,2.937
11421,linear_1,bitmapscan,16,prefetch-simple,worker,3,32GB,97.065,99.442,3156.579,1405.844
11422,linear_1,indexscan,64,prefetch-complex,sync,3,32GB,0.001,0.017,3.519,1.248
11423,linear_1,indexscan,1,master,worker,3,32GB,87.31,90.948,27566.225,3839.849
11424,linear_1,indexscan,0,prefetch-simple,worker,12,32GB,0.007,0.116,37.21,2.376
11425,linear_1,indexscan,16,master,worker,3,32GB,0.143,1.882,660.389,14.214
11426,linear_1,bitmapscan,0,prefetch-simple,io_uring,3,32GB,0.094,1.354,427.205,12.122
11427,linear_1,bitmapscan,1,prefetch-complex,worker,12,32GB,0.002,0.037,17.435,1.559
11428,linear_1,indexscan,64,prefetch-complex,worker,3,32GB,5.386,9.032,715.295,239.364
11429,linear_1,bitmapscan,64,prefetch-simple,worker,3,32GB,0.711,4.114,153.783,35.373
11430,linear_1,bitmapscan,0,prefetch-simple,sync,3,32GB,97.021,99.332,5510.82,1445.126
11431,linear_1,bitmapscan,64,prefetch-simple,sync,3,32GB,67.312,70.947,2228.31,1013.378
11432,linear_1,bitmapscan,0,prefetch-complex,worker,3,32GB,0.062,0.976,250.272,9.326
11433,linear_1,indexscan,1,master,sync,3,32GB,0.008,0.142,46.953,2.389
11434,linear_1,bitmapscan,1,master,worker,3,32GB,57.31,60.954,3759.124,858.739
11435,linear_1,indexscan,0,master,worker,3,32GB,47.317,50.965,15505.831,2074.873
11436,linear_1,indexscan,16,master,worker,12,32GB,0.139,1.831,607.279,14.673
11437,linear_1,bitmapscan,64,master,worker,12,32GB,27.294,30.737,832.141,439.165
11438,linear_1,indexscan,16,prefetch-simple,worker,12,32GB,2.399,6.049,627.573,110.409
11439,linear_1,bitmapscan,1,master,sync,3,32GB,0.318,3.038,492.619,24.157
11440,linear_1,bitmapscan,64,master,worker,12,32GB,67.301,70.854,2221.905,983.566
11441,linear_1,indexscan,64,prefetch-simple,sync,3,32GB,0.004,0.066,9.21,1.718
11442,linear_1,bitmapscan,64,prefetch-simple,sync,3,32GB,47.317,50.974,1523.468,711.364
11443,linear_1,indexscan,0,master,worker,3,32GB,1.065,4.645,1422.951,59.545
11444,linear_1,indexscan,16,prefetch-complex,sync,3,32GB,37.305,40.937,3709.163,1550.739
11445,linear_1,indexscan,0,prefetch-simple,worker,12,32GB,0.709,4.134,1270.668,43.627
11446,linear_1,bitmapscan,1,prefetch-complex,io_uring,3,32GB,3.595,7.247,653.911,86.925
11447,linear_1,indexscan,64,prefetch-complex,worker,12,32GB,0.063,0.981,113.85,7.311
11448,linear_1,indexscan,16,prefetch-simple,sync,3,32GB,77.307,80.939,8851.472,3181.591
11449,linear_1,indexscan,16,master,worker,3,32GB,0.473,3.572,1138.53,32.122
11450,linear_1,bitmapscan,1,prefetch-complex,io_uring,3,32GB,37.308,40.959,2673.666,624.514
11451,linear_1,bitmapscan,64,prefetch-complex,sync,3,32GB,0.027,0.458,45.496,5.362
11452,linear_1,bitmapscan,64,prefetch-complex,worker,3,32GB,8.091,11.748,339.206,155.344
11453,linear_1,indexscan,1,prefetch-simple,sync,3,32GB,8.093,11.734,5164.458,341.166
11454,linear_1,bitmapscan,1,prefetch-simple,worker,3,32GB,67.244,70.233,4269.761,994.799
11455,linear_1,bitmapscan,0,prefetch-simple,sync,3,32GB,1.597,5.225,491.959,57.026
11456,linear_1,indexscan,16,master,worker,3,32GB,0.316,3.032,947.292,24.049
11457,linear_1,indexscan,0,prefetch-simple,worker,3,32GB,0.093,1.358,678.353,10.121
11458,linear_1,indexscan,1,master,io_uring,3,32GB,47.313,50.948,15260.38,2085.654
11459,linear_1,bitmapscan,64,prefetch-complex,worker,3,32GB,47.311,50.973,1562.378,775.322
11460,linear_1,bitmapscan,1,master,worker,3,32GB,1.602,5.22,541.81,53.571
11461,linear_1,indexscan,16,prefetch-complex,worker,12,32GB,0.094,1.37,176.851,9.994
11462,linear_1,indexscan,16,prefetch-simple,io_uring,3,32GB,0.064,0.982,118.977,6.767
11463,linear_1,bitmapscan,0,prefetch-complex,worker,12,32GB,57.311,60.952,3643.548,939.315
11464,linear_1,bitmapscan,64,prefetch-simple,worker,12,32GB,0.004,0.073,8.917,1.872
11465,linear_1,bitmapscan,64,prefetch-complex,worker,3,32GB,77.313,80.963,2663.432,1265.222
11466,linear_1,indexscan,64,prefetch-complex,sync,3,32GB,77.311,80.945,6861.697,3270.729
11467,linear_1,bitmapscan,64,master,sync,3,32GB,1.598,5.21,208.111,53.586
11468,linear_1,bitmapscan,0,prefetch-simple,sync,3,32GB,0.065,0.991,289.611,9.181
11469,linear_1,indexscan,16,prefetch-simple,io_uring,3,32GB,57.307,60.962,6403.536,2389.075
11470,linear_1,indexscan,1,master,sync,3,32GB,2.408,6.044,1846.45,120.35
11471,linear_1,bitmapscan,16,prefetch-complex,worker,3,32GB,0.472,3.591,130.014,29.922
11472,linear_1,indexscan,64,prefetch-simple,io_uring,3,32GB,0.212,2.437,290.357,16.256
11473,linear_1,indexscan,64,prefetch-complex,worker,3,32GB,0.14,1.859,210.428,12.092
11474,linear_1,bitmapscan,64,prefetch-simple,worker,12,32GB,2.392,6.022,181.335,64.262
11475,linear_1,bitmapscan,1,prefetch-simple,worker,12,32GB,57.305,60.963,4035.491,841.576
11476,linear_1,indexscan,64,prefetch-complex,io_uring,3,32GB,2.401,6.046,506.26,112.676
11477,linear_1,indexscan,1,master,worker,12,32GB,66.967,69.239,21419.591,2902.824
11478,linear_1,indexscan,16,prefetch-simple,worker,3,32GB,0.003,0.054,7.783,1.481
11479,linear_1,indexscan,64,prefetch-simple,worker,3,32GB,8.091,11.746,1159.59,347.663
11480,linear_1,bitmapscan,1,prefetch-simple,io_uring,3,32GB,56.95,59.205,3490.882,839.841
11481,linear_1,indexscan,64,prefetch-complex,worker,12,32GB,0.009,0.161,17.728,2.635
11482,linear_1,indexscan,64,master,worker,3,32GB,18.205,21.852,6499.838,813.493
11483,linear_1,bitmapscan,1,master,worker,12,32GB,0.001,0.018,8.962,1.077
11484,linear_1,indexscan,1,master,io_uring,3,32GB,8.089,11.739,3515.723,367.056
11485,linear_1,bitmapscan,64,master,io_uring,3,32GB,0.001,0.018,3.405,1.163
11486,linear_1,indexscan,0,master,worker,3,32GB,0.001,0.018,7.026,1.058
11487,linear_1,bitmapscan,1,prefetch-complex,worker,3,32GB,67.304,70.955,4387.044,1077.18
11488,linear_1,bitmapscan,64,prefetch-simple,sync,3,32GB,97.224,99.901,3235.145,1406.499
11489,linear_1,indexscan,64,master,sync,3,32GB,77.312,80.951,25994.778,3483.537
11490,linear_1,indexscan,1,prefetch-simple,io_uring,3,32GB,27.304,30.956,14384.581,1150.075
11491,linear_1,indexscan,16,master,worker,3,32GB,87.299,90.835,27851.527,3878.542
11492,linear_1,bitmapscan,16,prefetch-complex,worker,3,32GB,1.604,5.223,195.647,56.469
11493,linear_1,bitmapscan,16,master,io_uring,3,32GB,97.023,99.337,3173.239,1426.817
11494,linear_1,bitmapscan,16,prefetch-simple,sync,3,32GB,67.311,70.942,2244.457,1012.379
11495,linear_1,indexscan,1,prefetch-complex,io_uring,3,32GB,0.009,0.157,106.262,2.768
11496,linear_1,indexscan,64,prefetch-complex,io_uring,3,32GB,87.311,90.966,7473.651,3695.56
11497,linear_1,bitmapscan,16,master,io_uring,3,32GB,0.009,0.156,19.126,2.571
11498,linear_1,bitmapscan,16,master,sync,3,32GB,0.019,0.328,50.068,4.322
11499,linear_1,indexscan,64,prefetch-simple,worker,12,32GB,0.006,0.104,26.539,2.044
11500,linear_1,indexscan,1,prefetch-simple,sync,3,32GB,0.092,1.348,607.935,9.246
11501,linear_1,indexscan,64,master,sync,3,32GB,1.067,4.632,1344.763,58.287
11502,linear_1,bitmapscan,0,prefetch-complex,sync,3,32GB,0.001,0.017,8.997,1.264
11503,linear_1,indexscan,0,prefetch-complex,sync,3,32GB,0.468,3.48,979.284,30.692
11504,linear_1,bitmapscan,1,prefetch-simple,sync,3,32GB,0.715,4.124,467.458,34.599
11505,linear_1,indexscan,16,prefetch-complex,io_uring,3,32GB,0.006,0.101,12.296,2.177
11506,linear_1,indexscan,64,master,sync,3,32GB,0.006,0.104,38.847,2.06
11507,linear_1,bitmapscan,16,master,io_uring,3,32GB,57.304,60.866,1858.493,856.661
11508,linear_1,bitmapscan,64,master,io_uring,3,32GB,0.019,0.325,36.433,4.045
11509,linear_1,bitmapscan,0,prefetch-simple,worker,12,32GB,0.012,0.218,71.431,3.437
11510,linear_1,indexscan,1,prefetch-simple,worker,3,32GB,0.001,0.018,30.412,1.108
11511,linear_1,indexscan,1,prefetch-simple,worker,12,32GB,5.394,9.037,5204.423,237.219
11512,linear_1,indexscan,64,prefetch-complex,worker,3,32GB,47.309,50.946,4260.846,1973.803
11513,linear_1,indexscan,0,master,worker,3,32GB,0.042,0.685,220.87,6.428
11514,linear_1,indexscan,1,prefetch-simple,sync,3,32GB,37.31,40.947,18902.179,1556.214
11515,linear_1,indexscan,1,prefetch-simple,io_uring,3,32GB,1.601,5.239,2178.694,78.436
11516,linear_1,indexscan,16,prefetch-simple,worker,3,32GB,8.087,11.722,1240.382,347.857
11517,linear_1,bitmapscan,1,prefetch-complex,io_uring,3,32GB,67.308,70.938,4517.272,1088.598
11518,linear_1,indexscan,0,prefetch-complex,worker,12,32GB,0.21,2.433,851.808,18.245
11519,linear_1,bitmapscan,16,prefetch-simple,worker,12,32GB,0.004,0.065,11.115,1.812
11520,linear_1,bitmapscan,64,prefetch-simple,io_uring,3,32GB,27.306,30.929,839.171,447.408
11521,linear_1,bitmapscan,16,master,worker,12,32GB,0.213,2.416,165.747,19.22
11522,linear_1,bitmapscan,16,prefetch-complex,io_uring,3,32GB,8.096,11.736,358.15,155.427
11523,linear_1,bitmapscan,1,master,io_uring,3,32GB,3.599,7.251,657.015,80.316
11524,linear_1,bitmapscan,1,prefetch-simple,worker,3,32GB,47.305,50.917,3218.088,712.221
11525,linear_1,indexscan,0,master,worker,3,32GB,0.064,0.997,369.042,7.854
11526,linear_1,indexscan,64,prefetch-simple,worker,3,32GB,5.396,9.021,906.909,234.441
11527,linear_1,bitmapscan,0,prefetch-complex,worker,12,32GB,1.508,4.353,324.325,50.977
11528,linear_1,bitmapscan,0,master,io_uring,3,32GB,18.206,21.855,1323.367,321.185
11529,linear_1,bitmapscan,0,master,worker,3,32GB,0.014,0.24,79.574,3.655
11530,linear_1,indexscan,64,prefetch-simple,io_uring,3,32GB,2.395,6.056,611.842,111.267
11531,linear_1,indexscan,64,master,worker,3,32GB,0.002,0.038,12.648,1.371
11532,linear_1,indexscan,0,master,sync,3,32GB,0.093,1.349,481.659,9.966
11533,linear_1,bitmapscan,1,prefetch-complex,worker,3,32GB,0.316,3.023,493.078,24.312
11534,linear_1,indexscan,0,prefetch-complex,sync,3,32GB,0.009,0.151,61.789,3.085
11535,linear_1,bitmapscan,16,prefetch-complex,worker,3,32GB,0.003,0.055,7.544,1.727
11536,linear_1,bitmapscan,64,prefetch-complex,worker,3,32GB,3.606,7.253,205.55,85.668
11537,linear_1,indexscan,16,master,worker,3,32GB,27.308,30.95,9191.201,1204.215
11538,linear_1,indexscan,16,master,sync,3,32GB,1.597,5.21,1569.293,84.128
11539,linear_1,indexscan,64,prefetch-complex,worker,12,32GB,12.136,15.772,1353.566,526.791
11540,linear_1,bitmapscan,0,master,sync,3,32GB,0.315,3.02,425.811,25.953
11541,linear_1,indexscan,64,prefetch-simple,worker,3,32GB,3.605,7.232,735.792,159.161
11542,linear_1,bitmapscan,0,prefetch-complex,worker,12,32GB,8.097,11.737,911.489,162.11
11543,linear_1,indexscan,1,prefetch-complex,worker,3,32GB,0.042,0.697,377.783,6.455
11544,linear_1,indexscan,0,prefetch-complex,worker,12,32GB,8.097,11.731,3605.138,361.342
11545,linear_1,indexscan,0,prefetch-simple,io_uring,3,32GB,0.711,4.115,1210.694,42.555
11546,linear_1,indexscan,16,prefetch-complex,sync,3,32GB,0.003,0.057,7.414,1.716
11547,linear_1,indexscan,1,master,worker,3,32GB,77.311,80.942,24573.801,3396.376
11548,linear_1,bitmapscan,1,prefetch-complex,worker,3,32GB,0.003,0.053,54.184,1.811
11549,linear_1,bitmapscan,1,prefetch-complex,worker,3,32GB,2.403,6.056,551.519,68.262
11550,linear_1,indexscan,1,prefetch-complex,worker,12,32GB,0.013,0.228,177.692,3.403
11551,linear_1,bitmapscan,1,prefetch-complex,worker,12,32GB,18.202,21.833,1540.209,333.17
11552,linear_1,indexscan,0,prefetch-complex,sync,3,32GB,0.004,0.065,20.521,1.846
11553,linear_1,bitmapscan,16,master,io_uring,3,32GB,67.312,70.947,2195.878,997.01
11554,linear_1,bitmapscan,0,prefetch-simple,sync,3,32GB,0.019,0.323,113.265,4.421
11555,linear_1,bitmapscan,1,prefetch-simple,io_uring,3,32GB,2.399,6.045,612.231,64.294
11556,linear_1,indexscan,0,prefetch-simple,worker,12,32GB,0.062,0.982,323.561,7.873
11557,linear_1,indexscan,16,prefetch-complex,worker,3,32GB,0.71,4.139,331.501,43.955
11558,linear_1,indexscan,0,prefetch-simple,io_uring,3,32GB,0.019,0.328,146.463,4.287
11559,linear_1,indexscan,0,prefetch-simple,worker,12,32GB,97.194,99.806,29783.094,4052.176
11560,linear_1,indexscan,16,prefetch-complex,sync,3,32GB,57.31,60.943,5575.318,2422.111
11561,linear_1,bitmapscan,1,prefetch-simple,io_uring,3,32GB,0.012,0.22,118.178,3.53
11562,linear_1,indexscan,64,prefetch-complex,sync,3,32GB,0.211,2.416,265.241,17.586
11563,linear_1,bitmapscan,1,prefetch-complex,worker,12,32GB,1.599,5.221,549.296,54.67
11564,linear_1,indexscan,0,prefetch-simple,worker,3,32GB,5.404,9.039,2604.709,239.197
11565,linear_1,indexscan,64,master,worker,3,32GB,2.392,6.027,1740.584,117.091
11566,linear_1,bitmapscan,0,prefetch-simple,worker,12,32GB,0.019,0.319,94.583,4.297
11567,linear_1,indexscan,0,prefetch-simple,sync,3,32GB,37.304,40.941,12525.998,1580.025
11568,linear_1,indexscan,0,prefetch-simple,worker,3,32GB,0.005,0.082,27.17,1.978
11569,linear_1,indexscan,64,master,worker,3,32GB,5.392,9.035,2708.798,247.456
11570,linear_1,bitmapscan,0,prefetch-complex,worker,12,32GB,0.313,3.021,397.478,25.99
11571,linear_1,bitmapscan,16,prefetch-simple,worker,12,32GB,18.205,21.845,563.462,309.649
11572,linear_1,indexscan,16,master,worker,3,32GB,0.002,0.034,13.548,1.284
11573,linear_1,bitmapscan,16,master,worker,3,32GB,47.316,50.952,1529.923,709.417
11574,linear_1,bitmapscan,1,prefetch-simple,worker,12,32GB,0.006,0.102,44.862,2.192
11575,linear_1,indexscan,0,prefetch-simple,worker,3,32GB,0.201,2.272,819.526,16.752
11576,linear_1,bitmapscan,16,master,sync,3,32GB,0.003,0.057,7.303,1.628
11577,linear_1,bitmapscan,0,master,io_uring,3,32GB,1.595,5.219,393.997,55.222
11578,linear_1,indexscan,1,prefetch-complex,worker,12,32GB,0.095,1.371,712.544,9.58
11579,linear_1,bitmapscan,16,prefetch-complex,io_uring,3,32GB,12.119,15.494,382.437,224.595
11580,linear_1,indexscan,1,prefetch-simple,sync,3,32GB,1.593,5.093,2129.83,76.693
11581,linear_1,indexscan,16,prefetch-complex,sync,3,32GB,0.476,3.6,357.984,29.598
11582,linear_1,bitmapscan,64,prefetch-complex,worker,3,32GB,1.068,4.633,173.847,44.241
11583,linear_1,bitmapscan,16,prefetch-simple,sync,3,32GB,0.001,0.021,8.869,1.231
11584,linear_1,bitmapscan,1,prefetch-complex,worker,12,32GB,57.309,60.966,3813.746,916.825
11585,linear_1,bitmapscan,0,prefetch-simple,worker,12,32GB,0.006,0.1,33.945,2.268
11586,linear_1,bitmapscan,0,prefetch-complex,worker,3,32GB,12.14,15.815,1000.441,230.449
11587,linear_1,bitmapscan,16,master,io_uring,3,32GB,1.6,5.233,163.436,53.446
11588,linear_1,indexscan,64,master,sync,3,32GB,0.317,3.029,941.418,24.269
11589,linear_1,indexscan,16,prefetch-simple,worker,12,32GB,0.313,3.003,304.779,23.979
11590,linear_1,indexscan,1,prefetch-complex,io_uring,3,32GB,37.303,40.947,18739.224,1550.213
11591,linear_1,indexscan,0,prefetch-complex,worker,3,32GB,0.001,0.016,6.297,1.212
11592,linear_1,indexscan,64,master,sync,3,32GB,57.315,60.962,18509.114,2477.741
11593,linear_1,bitmapscan,16,prefetch-complex,io_uring,3,32GB,0.009,0.153,20.761,2.841
11594,linear_1,bitmapscan,0,prefetch-simple,worker,3,32GB,0.063,0.99,250.828,9.191
11595,linear_1,indexscan,1,prefetch-complex,io_uring,3,32GB,0.013,0.226,101.16,3.266
11596,linear_1,bitmapscan,16,prefetch-complex,io_uring,3,32GB,67.316,70.954,2287.689,1059.333
11597,linear_1,indexscan,0,prefetch-complex,sync,3,32GB,0.002,0.039,18.213,1.605
11598,linear_1,indexscan,16,prefetch-simple,sync,3,32GB,97.069,99.446,10968.888,3978.217
11599,linear_1,indexscan,16,prefetch-simple,worker,3,32GB,0.211,2.424,252.199,17.488
11600,linear_1,indexscan,0,prefetch-complex,worker,12,32GB,1.069,4.64,1245.968,58.161
11601,linear_1,bitmapscan,0,prefetch-simple,worker,3,32GB,0.095,1.376,311.277,12.45
11602,linear_1,bitmapscan,16,master,worker,3,32GB,67.312,70.956,2204.781,1005.775
11603,linear_1,indexscan,64,master,io_uring,3,32GB,0.006,0.109,38.672,2.134
11604,linear_1,indexscan,64,prefetch-complex,sync,3,32GB,12.136,15.685,1311.062,517.286
11605,linear_1,indexscan,16,master,sync,3,32GB,18.198,21.837,6562.951,816.375
11606,linear_1,indexscan,1,master,worker,3,32GB,0.473,3.613,1120.565,32.377
11607,linear_1,indexscan,0,prefetch-simple,worker,3,32GB,0.019,0.33,106.275,3.987
11608,linear_1,bitmapscan,1,prefetch-complex,io_uring,3,32GB,0.001,0.014,7.524,1.223
11609,linear_1,bitmapscan,16,prefetch-simple,worker,3,32GB,18.202,21.857,581.226,311.799
11610,linear_1,bitmapscan,0,prefetch-complex,worker,12,32GB,37.306,40.957,2537.287,630.162
11611,linear_1,indexscan,0,master,io_uring,3,32GB,0.212,2.41,769.639,17.891
11612,linear_1,bitmapscan,1,prefetch-complex,worker,3,32GB,77.312,80.944,4914.761,1225.141
11613,linear_1,indexscan,64,prefetch-simple,io_uring,3,32GB,0.063,0.971,147.407,8.034
11614,linear_1,bitmapscan,16,prefetch-complex,io_uring,3,32GB,0.003,0.054,10.812,1.732
11615,linear_1,bitmapscan,0,prefetch-complex,sync,3,32GB,0.004,0.069,23.924,1.991
11616,linear_1,indexscan,0,prefetch-simple,io_uring,3,32GB,1.596,5.217,2206.786,79.388
11617,linear_1,bitmapscan,64,master,worker,3,32GB,0.001,0.016,3.153,1.111
11618,linear_1,indexscan,0,prefetch-complex,sync,3,32GB,77.308,80.94,24662.232,3258.391
11619,linear_1,bitmapscan,16,prefetch-complex,worker,12,32GB,8.083,11.55,373.491,159.565
11620,linear_1,indexscan,64,master,io_uring,3,32GB,0.004,0.067,24.686,1.69
11621,linear_1,indexscan,0,prefetch-complex,worker,12,32GB,0.711,4.124,1218.13,43.927
11622,linear_1,indexscan,64,master,sync,3,32GB,0.009,0.154,52.911,2.566
11623,linear_1,indexscan,16,master,worker,3,32GB,12.133,15.773,4833.339,544.344
11624,linear_1,indexscan,0,prefetch-simple,io_uring,3,32GB,0.317,3.029,928.733,26.517
11625,linear_1,bitmapscan,64,master,io_uring,3,32GB,0.013,0.227,25.874,3.288
11626,linear_1,indexscan,0,master,worker,12,32GB,1.07,4.648,1276.372,58.141
11627,linear_1,bitmapscan,0,prefetch-complex,sync,3,32GB,0.043,0.69,245.283,7.597
11628,linear_1,bitmapscan,64,master,sync,3,32GB,0.318,3.022,138.253,24.021
11629,linear_1,bitmapscan,64,master,sync,3,32GB,67.314,70.967,2187.668,991.432
11630,linear_1,indexscan,16,prefetch-complex,worker,3,32GB,0.015,0.265,28.642,3.703
11631,linear_1,bitmapscan,16,master,io_uring,3,32GB,0.094,1.362,111.908,11.28
11632,linear_1,bitmapscan,0,prefetch-simple,sync,3,32GB,47.306,50.97,3578.866,744.61
11633,linear_1,bitmapscan,64,prefetch-complex,io_uring,3,32GB,0.096,1.391,125.563,11.894
11634,linear_1,indexscan,1,prefetch-complex,worker,12,32GB,2.391,6.032,2524.276,113.435
11635,linear_1,indexscan,16,prefetch-simple,io_uring,3,32GB,0.318,3.044,284.241,21.733
11636,linear_1,indexscan,64,master,io_uring,3,32GB,0.042,0.678,244.957,6.091
11637,linear_1,indexscan,16,prefetch-complex,worker,3,32GB,57.313,60.959,5320.995,2387.683
11638,linear_1,indexscan,0,prefetch-simple,worker,12,32GB,0.21,2.415,789.057,19.313
11639,linear_1,indexscan,1,prefetch-simple,worker,3,32GB,0.71,4.119,1694.761,39.955
11640,linear_1,bitmapscan,1,prefetch-simple,sync,3,32GB,1.066,4.63,525.558,43.093
11641,linear_1,indexscan,16,prefetch-complex,io_uring,3,32GB,0.022,0.369,39.747,4.415
11642,linear_1,bitmapscan,16,prefetch-simple,sync,3,32GB,0.063,0.973,96.64,8.889
11643,linear_1,indexscan,0,prefetch-simple,sync,3,32GB,0.013,0.226,122.358,3.158
11644,linear_1,indexscan,16,master,io_uring,3,32GB,5.401,9.05,2643.025,249.781
11645,linear_1,indexscan,16,prefetch-complex,worker,12,32GB,0.312,2.956,326.406,21.983
11646,linear_1,bitmapscan,0,prefetch-simple,worker,3,32GB,3.605,7.235,593.2,84.284
11647,linear_1,bitmapscan,1,prefetch-simple,io_uring,3,32GB,0.018,0.315,128.765,4.296
11648,linear_1,bitmapscan,64,master,sync,3,32GB,0.029,0.486,45.659,5.183
11649,linear_1,bitmapscan,64,prefetch-complex,io_uring,3,32GB,18.212,21.856,610.042,334.792
11650,linear_1,indexscan,16,master,io_uring,3,32GB,87.307,90.931,27372.17,3822.159
11651,linear_1,bitmapscan,0,prefetch-complex,worker,3,32GB,5.389,9.041,705.467,122.718
11652,linear_1,bitmapscan,1,prefetch-complex,worker,3,32GB,5.389,9.029,803.467,115.853
11653,linear_1,bitmapscan,16,master,worker,3,32GB,5.394,9.035,275.376,110.091
11654,linear_1,indexscan,1,master,worker,3,32GB,0.009,0.165,72.236,2.672
11655,linear_1,bitmapscan,64,master,io_uring,3,32GB,0.028,0.472,56.343,5.059
11656,linear_1,bitmapscan,16,prefetch-complex,worker,12,32GB,3.596,7.245,226.058,86.612
11657,linear_1,bitmapscan,0,master,io_uring,3,32GB,67.304,70.943,4109.115,1027.876
11658,linear_1,bitmapscan,0,master,worker,3,32GB,0.141,1.854,423.356,15.684
11659,linear_1,bitmapscan,64,prefetch-simple,worker,12,32GB,0.013,0.225,28.844,3.281
11660,linear_1,bitmapscan,16,master,worker,3,32GB,0.473,3.59,140.26,28.438
11661,linear_1,indexscan,64,prefetch-complex,sync,3,32GB,0.028,0.47,49.823,5.179
11662,linear_1,indexscan,16,master,sync,3,32GB,0.028,0.465,161.064,5.201
11663,linear_1,bitmapscan,64,master,io_uring,3,32GB,0.062,0.977,82.67,8.677
11664,linear_1,bitmapscan,0,prefetch-simple,worker,3,32GB,0.102,1.291,258.484,11.885
11665,linear_1,bitmapscan,1,prefetch-complex,sync,3,32GB,37.308,40.95,2668.135,621.245
11666,linear_1,indexscan,64,master,worker,12,32GB,2.404,6.047,1708.029,120.095
11667,linear_1,bitmapscan,1,prefetch-complex,worker,3,32GB,0.083,1.187,383.783,10.766
11668,linear_1,indexscan,1,master,worker,12,32GB,5.394,9.051,2656.595,249.394
11669,linear_1,indexscan,16,prefetch-simple,worker,3,32GB,0.028,0.474,62.808,4.503
11670,linear_1,bitmapscan,16,prefetch-complex,sync,3,32GB,96.958,99.198,3276.273,1494.997
11671,linear_1,indexscan,1,prefetch-complex,io_uring,3,32GB,0.712,4.116,1683.432,42.05
11672,linear_1,indexscan,1,prefetch-simple,worker,3,32GB,47.316,50.964,23137.589,1942.987
11673,linear_1,indexscan,64,prefetch-simple,worker,3,32GB,57.308,60.965,6415.073,2351.392
11674,linear_1,bitmapscan,64,prefetch-complex,io_uring,3,32GB,57.306,60.961,1935.14,920.057
11675,linear_1,bitmapscan,0,prefetch-complex,sync,3,32GB,0.473,3.6,386.856,31.423
11676,linear_1,bitmapscan,1,prefetch-simple,io_uring,3,32GB,27.31,30.963,2095.326,445.081
11677,linear_1,indexscan,16,master,io_uring,3,32GB,0.029,0.486,208.739,5.041
11678,linear_1,bitmapscan,64,master,worker,3,32GB,0.009,0.156,16.557,2.702
11679,linear_1,indexscan,64,master,io_uring,3,32GB,67.309,70.965,21644.715,2959.982
11680,linear_1,indexscan,0,master,sync,3,32GB,0.317,3.045,973.073,24.351
11681,linear_1,bitmapscan,1,master,worker,3,32GB,47.307,50.952,3239.699,715.683
11682,linear_1,indexscan,1,master,io_uring,3,32GB,2.394,6.04,1768.655,122.381
11683,linear_1,bitmapscan,1,prefetch-simple,worker,3,32GB,1.067,4.651,519.614,43.042
11684,linear_1,bitmapscan,0,prefetch-simple,worker,3,32GB,0.477,3.597,360.929,31.263
11685,linear_1,indexscan,64,prefetch-complex,io_uring,3,32GB,0.009,0.167,36.646,2.722
11686,linear_1,bitmapscan,16,prefetch-simple,worker,12,32GB,8.088,11.733,358.647,148.729
11687,linear_1,indexscan,64,prefetch-complex,sync,3,32GB,0.094,1.361,185.727,10.679
11688,linear_1,bitmapscan,16,master,worker,3,32GB,0.141,1.857,174.227,14.036
11689,linear_1,bitmapscan,0,prefetch-simple,worker,3,32GB,1.595,5.219,447.95,54.678
11690,linear_1,bitmapscan,0,master,worker,12,32GB,0.475,3.592,332.955,30.452
11691,linear_1,bitmapscan,0,prefetch-complex,io_uring,3,32GB,0.062,0.958,243.392,9.337
11692,linear_1,bitmapscan,64,prefetch-simple,worker,3,32GB,0.027,0.461,47.6,4.952
11693,linear_1,bitmapscan,64,prefetch-simple,worker,12,32GB,18.214,21.877,523.79,304.812
11694,linear_1,bitmapscan,16,master,sync,3,32GB,0.014,0.236,25.593,3.695
11695,linear_1,indexscan,16,prefetch-simple,worker,3,32GB,0.094,1.364,162.024,10.244
11696,linear_1,indexscan,16,prefetch-complex,io_uring,3,32GB,0.317,3.034,293.14,24.224
11697,linear_1,bitmapscan,1,prefetch-simple,sync,3,32GB,0.142,1.857,551.193,15.057
11698,linear_1,bitmapscan,64,master,sync,3,32GB,0.013,0.232,28.145,3.262
11699,linear_1,bitmapscan,64,prefetch-simple,sync,3,32GB,0.093,1.349,139.149,11.54
11700,linear_1,indexscan,0,prefetch-complex,worker,12,32GB,0.094,1.365,518.509,10.561
11701,linear_1,indexscan,64,prefetch-complex,worker,12,32GB,47.318,50.967,4259.507,1991.489
11702,linear_1,indexscan,1,prefetch-complex,worker,12,32GB,0.006,0.104,47.294,2.256
11703,linear_1,bitmapscan,16,prefetch-simple,worker,12,32GB,0.475,3.603,133.406,28.541
11704,linear_1,bitmapscan,0,master,worker,12,32GB,1.602,5.22,423.411,56.385
11705,linear_1,bitmapscan,16,prefetch-simple,worker,12,32GB,0.001,0.018,4.338,1.126
11706,linear_1,bitmapscan,64,prefetch-simple,sync,3,32GB,0.062,0.975,79.518,8.329
11707,linear_1,bitmapscan,16,prefetch-simple,worker,12,32GB,0.062,0.961,92.116,8.894
11708,linear_1,bitmapscan,1,prefetch-simple,sync,3,32GB,18.21,21.842,1468.274,306.073
11709,linear_1,bitmapscan,0,master,io_uring,3,32GB,0.002,0.035,13.713,1.372
11710,linear_1,indexscan,0,prefetch-complex,sync,3,32GB,3.596,7.236,2121.562,167.138
11711,linear_1,bitmapscan,0,prefetch-complex,sync,3,32GB,0.01,0.17,55.896,3.187
11712,linear_1,bitmapscan,16,prefetch-simple,worker,12,32GB,2.396,6.052,166.353,63.972
11713,linear_1,bitmapscan,1,prefetch-simple,worker,3,32GB,3.595,7.23,680.912,82.45
11714,linear_1,bitmapscan,0,prefetch-complex,worker,3,32GB,1.6,5.229,415.329,58.655
11715,linear_1,indexscan,64,master,sync,3,32GB,8.047,11.211,3270.471,362.388
11716,linear_1,bitmapscan,64,prefetch-complex,worker,3,32GB,0.063,0.979,109.686,9.342
11717,linear_1,indexscan,64,prefetch-simple,sync,3,32GB,5.395,9.038,978.844,233.564
11718,linear_1,bitmapscan,16,master,worker,3,32GB,0.013,0.217,24.253,3.576
11719,linear_1,indexscan,64,master,sync,3,32GB,0.001,0.02,8.592,1.127
11720,linear_1,bitmapscan,1,master,worker,12,32GB,0.094,1.367,470.614,11.419
11721,linear_1,indexscan,64,prefetch-simple,worker,12,32GB,0.028,0.475,58.927,4.671
11722,linear_1,indexscan,1,prefetch-simple,worker,3,32GB,0.043,0.699,368.996,5.969
11723,linear_1,indexscan,16,prefetch-simple,io_uring,3,32GB,8.097,11.736,1194.031,354.205
11724,linear_1,indexscan,16,master,worker,3,32GB,77.304,80.91,24268.154,3347.918
11725,linear_1,indexscan,16,prefetch-complex,worker,3,32GB,12.133,15.772,1361.118,531.696
11726,linear_1,indexscan,0,prefetch-simple,worker,3,32GB,0.316,3.021,1066.709,25.957
11727,linear_1,bitmapscan,64,prefetch-simple,sync,3,32GB,2.402,6.031,218.403,65.352
11728,linear_1,bitmapscan,0,prefetch-simple,worker,3,32GB,0.315,3.0,380.419,25.611
11729,linear_1,indexscan,16,master,sync,3,32GB,8.098,11.735,3319.834,365.119
11730,linear_1,bitmapscan,64,prefetch-simple,sync,3,32GB,1.064,4.649,147.675,43.656
11731,linear_1,bitmapscan,64,prefetch-simple,worker,3,32GB,0.002,0.031,5.419,1.332
11732,linear_1,bitmapscan,16,prefetch-complex,worker,3,32GB,8.093,11.739,336.05,154.174
11733,linear_1,indexscan,0,master,sync,3,32GB,1.596,5.228,1455.684,82.974
11734,linear_1,bitmapscan,1,prefetch-complex,io_uring,3,32GB,27.305,30.946,2086.15,465.971
11735,linear_1,indexscan,16,prefetch-complex,worker,3,32GB,0.002,0.042,6.912,1.526
11736,linear_1,indexscan,1,prefetch-simple,io_uring,3,32GB,0.043,0.693,331.024,6.358
11737,linear_1,indexscan,0,prefetch-complex,sync,3,32GB,0.712,4.119,1161.86,41.695
11738,linear_1,indexscan,0,prefetch-complex,io_uring,3,32GB,87.301,90.796,29317.515,3772.252
11739,linear_1,indexscan,0,prefetch-simple,worker,12,32GB,0.002,0.044,15.556,1.452
11740,linear_1,bitmapscan,16,prefetch-simple,worker,12,32GB,0.042,0.681,64.091,7.061
11741,linear_1,indexscan,1,prefetch-complex,sync,3,32GB,0.003,0.057,33.738,1.711
11742,linear_1,bitmapscan,1,prefetch-simple,io_uring,3,32GB,12.134,15.78,1385.425,212.643
11743,linear_1,bitmapscan,64,master,sync,3,32GB,0.092,1.339,123.059,11.985
11744,linear_1,indexscan,64,master,worker,3,32GB,67.308,70.949,30402.319,2929.71
11745,linear_1,indexscan,1,prefetch-simple,worker,12,32GB,0.019,0.327,240.383,4.087
11746,linear_1,indexscan,1,master,io_uring,3,32GB,1.597,5.206,1987.877,82.023
11747,linear_1,indexscan,0,master,worker,12,32GB,0.019,0.324,144.26,4.053
11748,linear_1,bitmapscan,1,prefetch-simple,worker,12,32GB,47.316,50.952,6693.53,710.859
11749,linear_1,bitmapscan,1,prefetch-complex,worker,3,32GB,3.598,7.249,702.111,85.58
11750,linear_1,indexscan,16,master,io_uring,3,32GB,0.009,0.16,60.721,2.583
11751,linear_1,bitmapscan,0,prefetch-simple,io_uring,3,32GB,5.396,9.044,668.872,111.656
11752,linear_1,bitmapscan,16,master,worker,12,32GB,0.004,0.069,8.599,1.695
11753,linear_1,bitmapscan,64,prefetch-simple,worker,12,32GB,5.397,9.05,289.286,107.911
11754,linear_1,bitmapscan,64,prefetch-complex,worker,3,32GB,37.315,40.955,1225.405,615.138
11755,linear_1,bitmapscan,16,master,worker,3,32GB,0.093,1.333,99.806,10.938
11756,linear_1,indexscan,1,prefetch-complex,sync,3,32GB,77.309,80.937,39125.173,3221.483
11757,linear_1,indexscan,1,prefetch-complex,worker,3,32GB,0.028,0.471,268.48,5.324
11758,linear_1,indexscan,0,master,worker,12,32GB,0.004,0.073,26.261,1.694
11759,linear_1,indexscan,0,prefetch-simple,worker,3,32GB,37.314,40.944,12102.185,1584.02
11760,linear_1,indexscan,1,prefetch-simple,sync,3,32GB,47.308,50.946,23531.621,1956.74
11761,linear_1,indexscan,0,prefetch-simple,io_uring,3,32GB,0.213,2.445,792.089,17.885
11762,linear_1,bitmapscan,0,prefetch-simple,worker,12,32GB,1.596,5.222,475.858,56.477
11763,linear_1,bitmapscan,64,prefetch-simple,worker,3,32GB,0.14,1.844,129.232,14.389
11764,linear_1,bitmapscan,16,prefetch-complex,io_uring,3,32GB,0.042,0.683,66.538,6.745
11765,linear_1,bitmapscan,64,prefetch-complex,sync,3,32GB,97.055,99.414,3263.322,1515.559
11766,linear_1,indexscan,1,prefetch-complex,sync,3,32GB,18.2,21.859,9648.28,775.729
11767,linear_1,bitmapscan,1,prefetch-complex,io_uring,3,32GB,1.07,4.646,531.468,44.477
11768,linear_1,bitmapscan,1,master,worker,12,32GB,1.066,4.651,578.993,43.034
11769,linear_1,bitmapscan,0,prefetch-simple,sync,3,32GB,77.234,80.17,4507.922,1166.881
11770,linear_1,bitmapscan,64,prefetch-complex,worker,3,32GB,0.705,4.111,151.777,35.457
11771,linear_1,indexscan,0,prefetch-simple,io_uring,3,32GB,0.093,1.358,548.271,10.263
11772,linear_1,indexscan,16,prefetch-simple,sync,3,32GB,0.028,0.472,49.415,4.406
11773,linear_1,bitmapscan,64,master,io_uring,3,32GB,0.094,1.363,115.511,12.036
11774,linear_1,bitmapscan,0,prefetch-complex,worker,12,32GB,0.002,0.033,12.849,1.515
11775,linear_1,indexscan,64,prefetch-complex,worker,12,32GB,0.707,4.116,406.755,43.025
11776,linear_1,bitmapscan,64,master,sync,3,32GB,18.203,21.852,573.664,303.129
11777,linear_1,indexscan,1,prefetch-complex,worker,3,32GB,5.392,9.026,3861.666,239.028
11778,linear_1,bitmapscan,16,master,worker,3,32GB,0.212,2.446,132.201,19.689
11779,linear_1,indexscan,1,master,sync,3,32GB,0.474,3.583,1058.678,31.961
11780,linear_1,bitmapscan,64,master,io_uring,3,32GB,0.713,4.127,132.204,34.551
11781,linear_1,indexscan,16,master,worker,12,32GB,12.129,15.769,4721.579,539.203
11782,linear_1,bitmapscan,16,prefetch-complex,worker,3,32GB,0.063,0.984,88.678,8.59
11783,linear_1,indexscan,16,prefetch-complex,sync,3,32GB,0.71,4.12,365.431,41.933
11784,linear_1,bitmapscan,16,prefetch-simple,worker,12,32GB,0.019,0.325,40.977,4.173
11785,linear_1,bitmapscan,16,prefetch-complex,worker,3,32GB,0.004,0.074,12.638,1.951
11786,linear_1,indexscan,1,prefetch-simple,worker,12,32GB,0.478,3.622,1474.646,30.233
11787,linear_1,indexscan,16,prefetch-complex,io_uring,3,32GB,47.307,50.957,4831.516,1971.799
11788,linear_1,bitmapscan,1,prefetch-complex,sync,3,32GB,2.401,6.053,630.144,69.816
11789,linear_1,indexscan,1,prefetch-complex,worker,12,32GB,87.273,90.486,41380.721,3638.905
11790,linear_1,indexscan,16,prefetch-complex,sync,3,32GB,0.14,1.842,193.968,13.408
11791,linear_1,indexscan,16,prefetch-simple,worker,12,32GB,5.393,9.028,938.236,233.41
11792,linear_1,indexscan,16,prefetch-complex,io_uring,3,32GB,0.093,1.356,183.106,9.459
11793,linear_1,indexscan,64,master,sync,3,32GB,2.399,6.041,1924.082,118.71
11794,linear_1,bitmapscan,0,prefetch-simple,worker,12,32GB,3.601,7.246,522.313,86.636
11795,linear_1,bitmapscan,0,prefetch-simple,worker,12,32GB,0.168,1.856,273.914,16.518
11796,linear_1,bitmapscan,0,prefetch-complex,worker,3,32GB,8.091,11.726,752.333,163.309
11797,linear_1,bitmapscan,1,master,sync,3,32GB,0.019,0.319,147.97,4.273
11798,linear_1,indexscan,16,master,worker,3,32GB,0.004,0.071,23.11,1.712
11799,linear_1,indexscan,16,prefetch-complex,worker,12,32GB,0.042,0.687,91.486,6.254
11800,linear_1,indexscan,1,prefetch-complex,io_uring,3,32GB,97.056,99.419,45901.338,4037.342
11801,linear_1,indexscan,0,prefetch-complex,io_uring,3,32GB,57.313,60.955,18137.721,2481.913
11802,linear_1,indexscan,16,prefetch-simple,worker,3,32GB,2.395,6.044,561.804,108.863
11803,linear_1,bitmapscan,1,prefetch-complex,sync,3,32GB,0.142,1.857,546.796,14.943
11804,linear_1,indexscan,64,prefetch-simple,sync,3,32GB,0.003,0.051,6.937,1.484
11805,linear_1,bitmapscan,0,prefetch-simple,io_uring,3,32GB,0.313,2.976,306.579,24.882
11806,linear_1,indexscan,0,prefetch-simple,sync,3,32GB,0.02,0.335,106.367,4.05
11807,linear_1,indexscan,1,prefetch-complex,io_uring,3,32GB,3.597,7.245,3178.837,162.756
11808,linear_1,bitmapscan,1,master,sync,3,32GB,0.002,0.035,19.988,1.341
11809,linear_1,bitmapscan,64,prefetch-complex,sync,3,32GB,0.211,2.434,133.918,18.852
11810,linear_1,bitmapscan,0,prefetch-complex,worker,3,32GB,2.396,6.062,432.578,69.417
11811,linear_1,bitmapscan,0,master,io_uring,3,32GB,0.094,1.373,331.868,12.179
11812,linear_1,bitmapscan,0,master,sync,3,32GB,5.393,9.057,601.722,111.156
11813,linear_1,bitmapscan,0,prefetch-simple,worker,3,32GB,67.312,70.925,3892.278,1021.388
11814,linear_1,indexscan,64,prefetch-simple,worker,12,32GB,67.315,70.939,7472.129,2830.688
11815,linear_1,bitmapscan,0,prefetch-simple,worker,3,32GB,5.393,9.061,753.944,116.273
11816,linear_1,indexscan,16,prefetch-simple,worker,12,32GB,27.308,30.947,3191.694,1134.927
11817,linear_1,bitmapscan,0,master,worker,3,32GB,0.063,0.976,341.423,9.437
11818,linear_1,bitmapscan,1,prefetch-simple,sync,3,32GB,0.042,0.689,333.95,7.377
11819,linear_1,indexscan,0,prefetch-simple,io_uring,3,32GB,27.314,30.954,9856.667,1161.099
11820,linear_1,indexscan,1,prefetch-simple,sync,3,32GB,0.041,0.665,310.053,5.867
11821,linear_1,bitmapscan,64,prefetch-simple,sync,3,32GB,5.395,9.035,253.928,107.194
11822,linear_1,bitmapscan,1,master,sync,3,32GB,1.553,4.677,388.462,47.846
11823,linear_1,indexscan,0,prefetch-complex,sync,3,32GB,0.013,0.224,71.4,3.419
11824,linear_1,indexscan,64,prefetch-complex,worker,3,32GB,0.013,0.226,30.471,3.255
11825,linear_1,bitmapscan,1,prefetch-simple,worker,12,32GB,0.472,3.604,465.355,28.238
11826,linear_1,bitmapscan,16,prefetch-complex,sync,3,32GB,0.063,0.977,88.192,8.703
11827,linear_1,indexscan,16,prefetch-simple,io_uring,3,32GB,67.307,70.94,7515.635,2816.169
11828,linear_1,bitmapscan,16,master,sync,3,32GB,0.028,0.475,45.603,5.7
11829,linear_1,bitmapscan,0,master,sync,3,32GB,0.139,1.81,404.533,14.936
11830,linear_1,bitmapscan,1,prefetch-simple,worker,12,32GB,0.003,0.057,26.931,1.764
11831,linear_1,bitmapscan,1,prefetch-complex,io_uring,3,32GB,0.003,0.057,48.342,1.815
11832,linear_1,bitmapscan,16,prefetch-simple,io_uring,3,32GB,96.982,99.252,3187.044,1398.98
11833,linear_1,bitmapscan,1,master,worker,12,32GB,0.003,0.059,26.712,1.66
11834,linear_1,bitmapscan,1,prefetch-simple,worker,12,32GB,0.095,1.361,479.318,11.629
11835,linear_1,bitmapscan,1,prefetch-complex,worker,12,32GB,27.305,30.936,2060.073,465.816
11836,linear_1,bitmapscan,16,prefetch-simple,sync,3,32GB,0.472,3.605,133.621,29.87
11837,linear_1,bitmapscan,64,prefetch-simple,io_uring,3,32GB,0.093,1.361,113.619,12.564
11838,linear_1,bitmapscan,64,prefetch-complex,worker,12,32GB,0.003,0.051,8.855,1.816
11839,linear_1,indexscan,64,master,worker,12,32GB,0.002,0.039,12.915,1.313
11840,linear_1,indexscan,16,prefetch-simple,sync,3,32GB,8.091,11.738,1155.342,348.656
11841,linear_1,indexscan,0,prefetch-simple,worker,3,32GB,0.01,0.168,111.726,2.787
11842,linear_1,bitmapscan,1,prefetch-simple,sync,3,32GB,87.314,90.955,5416.902,1284.871
11843,linear_1,indexscan,0,prefetch-simple,io_uring,3,32GB,8.098,11.728,3398.107,353.357
11844,linear_1,bitmapscan,16,master,io_uring,3,32GB,12.132,15.78,424.809,213.964
11845,linear_1,indexscan,0,master,sync,3,32GB,0.003,0.05,17.646,1.451
11846,linear_1,indexscan,1,prefetch-complex,worker,12,32GB,0.709,4.122,1835.345,40.785
11847,linear_1,indexscan,1,master,worker,12,32GB,18.205,21.846,6496.506,800.95
11848,linear_1,indexscan,16,prefetch-complex,io_uring,3,32GB,0.001,0.018,3.672,1.273
11849,linear_1,indexscan,1,prefetch-complex,worker,3,32GB,0.211,2.418,1166.44,16.896
11850,linear_1,indexscan,1,master,worker,3,32GB,0.028,0.476,150.517,5
11851,linear_1,indexscan,16,prefetch-simple,worker,12,32GB,0.704,4.021,390.648,38.954
11852,linear_1,bitmapscan,64,master,worker,12,32GB,12.136,15.781,392.674,216.224
11853,linear_1,bitmapscan,16,prefetch-simple,worker,3,32GB,0.023,0.392,37.724,4.502
11854,linear_1,indexscan,64,master,io_uring,3,32GB,0.71,4.121,1194.985,42.581
11855,linear_1,indexscan,16,prefetch-simple,worker,12,32GB,77.305,80.943,8660.909,3201.157
11856,linear_1,indexscan,16,prefetch-simple,io_uring,3,32GB,0.14,1.847,205.487,13.344
11857,linear_1,bitmapscan,1,prefetch-complex,io_uring,3,32GB,0.009,0.156,66.962,2.961
11858,linear_1,bitmapscan,0,prefetch-complex,io_uring,3,32GB,47.309,50.93,3052.03,794.096
11859,linear_1,bitmapscan,1,prefetch-simple,worker,3,32GB,0.019,0.33,138.267,4.462
11860,linear_1,indexscan,16,master,worker,12,32GB,0.003,0.059,19.757,1.674
11861,linear_1,indexscan,1,prefetch-simple,worker,12,32GB,0.142,1.858,868.591,13.052
11862,linear_1,indexscan,1,prefetch-simple,worker,3,32GB,3.598,7.238,3215.534,163.434
11863,linear_1,bitmapscan,16,prefetch-simple,io_uring,3,32GB,0.142,1.858,120.771,14.223
11864,linear_1,bitmapscan,0,master,io_uring,3,32GB,0.029,0.48,143.252,5.783
11865,linear_1,indexscan,1,master,worker,3,32GB,0.003,0.052,20.396,1.501
11866,linear_1,bitmapscan,16,master,worker,12,32GB,0.71,4.126,182.897,34.794
11867,linear_1,bitmapscan,16,prefetch-complex,worker,12,32GB,0.093,1.352,123.499,11.511
11868,linear_1,indexscan,16,prefetch-simple,worker,3,32GB,3.527,6.491,668.354,154.278
11869,linear_1,indexscan,16,master,io_uring,3,32GB,0.006,0.111,34.388,2.197
11870,linear_1,indexscan,1,master,worker,12,32GB,0.039,0.622,209.215,5.767
11871,linear_1,bitmapscan,1,prefetch-complex,worker,12,32GB,67.311,70.948,4374.237,1053.56
11872,linear_1,bitmapscan,64,prefetch-simple,worker,3,32GB,5.135,7.532,235.407,97.514
11873,linear_1,bitmapscan,16,prefetch-simple,worker,3,32GB,57.305,60.948,1890.505,862.216
11874,linear_1,bitmapscan,0,prefetch-complex,worker,3,32GB,0.002,0.035,12.999,1.519
11875,linear_1,bitmapscan,0,prefetch-complex,worker,3,32GB,1.068,4.633,413.115,46.812
11876,linear_1,bitmapscan,16,prefetch-simple,io_uring,3,32GB,0.002,0.035,9.32,1.342
11877,linear_1,bitmapscan,64,prefetch-complex,worker,3,32GB,18.202,21.855,614.694,333.12
11878,linear_1,indexscan,16,master,worker,12,32GB,5.399,9.05,2664.412,252.178
11879,linear_1,bitmapscan,1,prefetch-complex,sync,3,32GB,67.312,70.935,4390.871,1065.731
11880,linear_1,indexscan,64,prefetch-complex,sync,3,32GB,0.019,0.328,35.391,3.86
11881,linear_1,indexscan,0,master,worker,3,32GB,0.095,1.373,444.258,10.347
11882,linear_1,indexscan,0,master,io_uring,3,32GB,0.003,0.052,17.947,1.519
11883,linear_1,indexscan,0,prefetch-simple,worker,12,32GB,0.143,1.867,649.938,13.303
11884,linear_1,indexscan,0,prefetch-simple,sync,3,32GB,0.001,0.017,6.453,1.118
11885,linear_1,bitmapscan,0,prefetch-complex,worker,12,32GB,0.019,0.324,120.521,4.559
11886,linear_1,indexscan,64,master,worker,3,32GB,0.013,0.22,67.249,3.086
11887,linear_1,indexscan,1,master,worker,12,32GB,3.599,7.237,2194.612,174.519
11888,linear_1,bitmapscan,64,prefetch-simple,io_uring,3,32GB,37.317,40.95,1186.805,575.477
11889,linear_1,indexscan,16,prefetch-complex,worker,3,32GB,0.21,2.415,266.598,16.786
11890,linear_1,bitmapscan,1,prefetch-complex,worker,12,32GB,3.597,7.236,670.191,84.994
11891,linear_1,indexscan,64,master,io_uring,3,32GB,0.003,0.057,18.902,1.674
11892,linear_1,bitmapscan,1,prefetch-complex,sync,3,32GB,27.31,30.946,2054.298,463.197
11893,linear_1,indexscan,1,prefetch-complex,io_uring,3,32GB,1.069,4.643,1985.255,55.859
11894,linear_1,indexscan,1,master,io_uring,3,32GB,0.029,0.475,176.539,5.036
11895,linear_1,bitmapscan,16,master,sync,3,32GB,0.062,0.974,79.774,8.493
11896,linear_1,bitmapscan,1,master,io_uring,3,32GB,0.009,0.163,66.749,2.86
11897,linear_1,bitmapscan,0,master,io_uring,3,32GB,0.042,0.685,201.195,7.144
11898,linear_1,bitmapscan,1,prefetch-complex,io_uring,3,32GB,1.595,5.218,496.635,54.177
11899,linear_1,bitmapscan,16,prefetch-simple,worker,3,32GB,0.712,4.119,131.706,34.778
11900,linear_1,indexscan,0,master,io_uring,3,32GB,0.002,0.039,40.125,1.41
11901,linear_1,bitmapscan,1,prefetch-simple,sync,3,32GB,0.21,2.418,609.592,18.415
11902,linear_1,indexscan,1,prefetch-complex,worker,3,32GB,27.308,30.935,14189.592,1154.367
11903,linear_1,indexscan,64,prefetch-complex,sync,3,32GB,0.004,0.075,9.247,1.89
11904,linear_1,indexscan,1,prefetch-complex,sync,3,32GB,87.306,90.928,41715.073,3734.978
11905,linear_1,bitmapscan,64,master,io_uring,3,32GB,12.103,15.334,412.469,212.585
11906,linear_1,bitmapscan,64,master,io_uring,3,32GB,0.002,0.037,5.144,1.365
11907,linear_1,bitmapscan,64,prefetch-complex,worker,12,32GB,0.002,0.033,6.118,1.455
11908,linear_1,bitmapscan,0,prefetch-simple,io_uring,3,32GB,0.476,3.604,372.057,33.166
11909,linear_1,bitmapscan,1,master,sync,3,32GB,57.312,60.954,3655.223,843.285
11910,linear_1,indexscan,0,master,io_uring,3,32GB,18.09,20.847,6225.094,804.664
11911,linear_1,indexscan,0,master,worker,3,32GB,12.144,15.792,4790.487,551.83
11912,linear_1,indexscan,64,master,sync,3,32GB,0.013,0.232,76.393,3.475
11913,linear_1,bitmapscan,64,prefetch-complex,io_uring,3,32GB,0.006,0.104,15.136,2.336
11914,linear_1,bitmapscan,0,prefetch-simple,worker,12,32GB,0.709,4.117,363.167,36.267
11915,linear_1,bitmapscan,0,prefetch-simple,sync,3,32GB,0.093,1.358,359.31,12.145
11916,linear_1,indexscan,1,master,io_uring,3,32GB,0.312,2.982,917.34,24.665
11917,linear_1,bitmapscan,1,prefetch-simple,worker,3,32GB,12.137,15.779,1211.139,211.038
11918,linear_1,bitmapscan,64,prefetch-simple,io_uring,3,32GB,0.14,1.825,167.037,14.974
11919,linear_1,bitmapscan,64,prefetch-simple,worker,12,32GB,0.006,0.103,11.818,2.234
11920,linear_1,indexscan,0,prefetch-complex,worker,3,32GB,0.028,0.467,146.944,4.937
11921,linear_1,indexscan,0,prefetch-complex,worker,3,32GB,0.71,4.126,1239.434,42.318
11922,linear_1,indexscan,1,prefetch-simple,io_uring,3,32GB,0.029,0.483,227.163,4.914
11923,linear_1,indexscan,0,prefetch-complex,io_uring,3,32GB,1.602,5.231,1575.928,81.72
11924,linear_1,bitmapscan,1,prefetch-complex,sync,3,32GB,0.711,4.101,494.092,35.869
11925,linear_1,bitmapscan,16,prefetch-complex,sync,3,32GB,3.595,7.254,240.142,83.918
11926,linear_1,bitmapscan,1,master,worker,12,32GB,37.31,40.954,2541.465,575.023
11927,linear_1,bitmapscan,1,prefetch-simple,worker,3,32GB,0.476,3.622,481.253,29.539
11928,linear_1,indexscan,0,master,worker,12,32GB,0.141,1.856,725.866,13.464
11929,linear_1,bitmapscan,16,prefetch-complex,worker,12,32GB,18.201,21.842,617.015,345.482
11930,linear_1,bitmapscan,16,master,worker,12,32GB,37.316,40.948,1204.389,578.431
11931,linear_1,indexscan,0,master,worker,3,32GB,0.712,4.123,1272.578,44.948
11932,linear_1,indexscan,0,prefetch-complex,worker,3,32GB,1.067,4.619,1427.785,59.396
11933,linear_1,bitmapscan,1,prefetch-complex,worker,3,32GB,27.307,30.95,2043.913,467.688
11934,linear_1,indexscan,64,master,worker,3,32GB,0.21,2.416,909.569,18.167
11935,linear_1,bitmapscan,64,master,worker,12,32GB,0.006,0.103,12.086,2.067
11936,linear_1,bitmapscan,64,prefetch-simple,worker,3,32GB,87.314,90.949,2860.954,1283.397
11937,linear_1,bitmapscan,1,prefetch-simple,io_uring,3,32GB,97.122,99.597,5859.54,1404
11938,linear_1,bitmapscan,16,master,sync,3,32GB,12.141,15.799,479.429,216.227
11939,linear_1,bitmapscan,16,prefetch-complex,worker,12,32GB,77.306,80.956,2652.992,1219.621
11940,linear_1,indexscan,1,prefetch-simple,worker,12,32GB,97.133,99.601,47858.409,4037.869
11941,linear_1,indexscan,0,prefetch-simple,worker,3,32GB,2.397,6.031,1772.02,114.589
11942,linear_1,bitmapscan,1,master,worker,3,32GB,18.199,21.835,1527.651,309.222
11943,linear_1,bitmapscan,0,prefetch-simple,worker,12,32GB,0.095,1.367,361.256,12.844
11944,linear_1,bitmapscan,16,master,worker,3,32GB,0.004,0.075,9.23,1.779
11945,linear_1,bitmapscan,16,prefetch-complex,sync,3,32GB,0.002,0.037,5.944,1.523
11946,linear_1,indexscan,16,master,sync,3,32GB,2.396,6.051,1686.778,117.943
11947,linear_1,bitmapscan,0,prefetch-simple,worker,12,32GB,0.002,0.031,10.957,1.354
11948,linear_1,indexscan,16,prefetch-complex,sync,3,32GB,27.311,30.945,2855.833,1160.117
11949,linear_1,indexscan,16,prefetch-complex,worker,3,32GB,0.029,0.483,54.303,5.373
11950,linear_1,indexscan,64,prefetch-complex,worker,12,32GB,5.395,9.022,756.287,239.039
11951,linear_1,indexscan,1,master,worker,12,32GB,77.304,80.951,24195.596,3346.037
11952,linear_1,bitmapscan,1,master,sync,3,32GB,0.018,0.298,122.033,4.033
11953,linear_1,bitmapscan,16,master,worker,3,32GB,0.002,0.034,5.066,1.367
11954,linear_1,indexscan,1,prefetch-complex,sync,3,32GB,0.006,0.11,52.232,2.319
11955,linear_1,bitmapscan,0,prefetch-simple,worker,12,32GB,97.187,99.766,5485.341,1453.757
11956,linear_1,bitmapscan,16,prefetch-complex,worker,12,32GB,0.473,3.607,131.176,29.116
11957,linear_1,indexscan,64,prefetch-complex,worker,12,32GB,0.001,0.018,3.672,1.301
11958,linear_1,indexscan,1,prefetch-complex,io_uring,3,32GB,0.142,1.87,973.179,13.179
11959,linear_1,indexscan,1,prefetch-complex,worker,3,32GB,0.001,0.019,19.116,1.302
11960,linear_1,bitmapscan,16,master,sync,3,32GB,0.041,0.671,59.972,6.737
11961,linear_1,bitmapscan,0,prefetch-simple,io_uring,3,32GB,0.21,2.405,456.734,19.505
11962,linear_1,bitmapscan,1,prefetch-simple,worker,12,32GB,12.139,15.777,1441.827,212.482
11963,linear_1,bitmapscan,1,prefetch-simple,sync,3,32GB,0.062,0.976,515.971,8.872
11964,linear_1,bitmapscan,16,prefetch-complex,worker,12,32GB,0.315,3.017,151.564,24.196
11965,linear_1,bitmapscan,1,master,sync,3,32GB,0.711,4.125,578.201,35.862
11966,linear_1,indexscan,0,prefetch-simple,worker,3,32GB,0.003,0.047,15.314,1.495
11967,linear_1,bitmapscan,64,master,worker,12,32GB,77.307,80.937,2512.252,1140.726
11968,linear_1,indexscan,64,prefetch-complex,worker,12,32GB,0.028,0.469,51.104,4.482
11969,linear_1,indexscan,16,prefetch-complex,worker,3,32GB,0.474,3.594,322.855,31.52
11970,linear_1,bitmapscan,16,prefetch-simple,worker,3,32GB,0.004,0.065,7.995,1.776
11971,linear_1,indexscan,64,prefetch-complex,worker,12,32GB,0.141,1.858,182.947,13.541
11972,linear_1,indexscan,0,prefetch-complex,io_uring,3,32GB,67.31,70.936,21800.016,2939.444
11973,linear_1,bitmapscan,1,prefetch-simple,worker,3,32GB,0.028,0.466,231.183,5.621
11974,linear_1,bitmapscan,1,prefetch-complex,sync,3,32GB,0.059,0.917,393.096,8.753
11975,linear_1,bitmapscan,16,master,io_uring,3,32GB,0.315,3.014,136.167,23.308
11976,linear_1,bitmapscan,1,prefetch-complex,worker,12,32GB,0.004,0.073,33.443,2.02
11977,linear_1,indexscan,64,prefetch-simple,sync,3,32GB,8.087,11.723,1161.871,346.677
11978,linear_1,bitmapscan,16,master,sync,3,32GB,0.472,3.581,167.572,29.492
11979,linear_1,indexscan,1,master,sync,3,32GB,87.309,90.923,27023.294,3776.947
11980,linear_1,bitmapscan,1,prefetch-simple,sync,3,32GB,0.006,0.102,44.792,2.215
11981,linear_1,bitmapscan,0,master,worker,3,32GB,0.006,0.104,32.183,2.186
11982,linear_1,bitmapscan,0,prefetch-simple,io_uring,3,32GB,0.019,0.334,99.532,4.517
11983,linear_1,indexscan,16,prefetch-simple,worker,12,32GB,0.028,0.472,63.336,4.883
11984,linear_1,indexscan,0,prefetch-simple,worker,12,32GB,37.303,40.963,12502.592,1587.258
11985,linear_1,indexscan,16,master,worker,3,32GB,8.091,11.722,3557.585,370.203
11986,linear_1,indexscan,64,master,worker,12,32GB,18.206,21.839,6793.468,813.878
11987,linear_1,bitmapscan,0,prefetch-complex,sync,3,32GB,2.398,6.043,477.25,71.757
11988,linear_1,bitmapscan,1,prefetch-complex,io_uring,3,32GB,0.212,2.422,479.579,18.492
11989,linear_1,bitmapscan,16,prefetch-simple,io_uring,3,32GB,47.309,50.937,1525.353,735.978
11990,linear_1,indexscan,1,master,sync,3,32GB,0.042,0.682,226.731,6.201
11991,linear_1,bitmapscan,1,prefetch-simple,worker,12,32GB,27.31,30.934,2010.856,441.041
11992,linear_1,bitmapscan,16,prefetch-simple,io_uring,3,32GB,0.316,3.03,151.736,23.583
11993,linear_1,bitmapscan,16,master,io_uring,3,32GB,0.002,0.04,5.832,1.341
11994,linear_1,bitmapscan,1,master,worker,3,32GB,0.063,0.978,378.116,8.574
11995,linear_1,bitmapscan,64,prefetch-simple,sync,3,32GB,0.006,0.107,16.994,2.221
11996,linear_1,indexscan,1,master,sync,3,32GB,0.005,0.097,37.412,2.029
11997,linear_1,bitmapscan,16,prefetch-complex,sync,3,32GB,37.314,40.953,1213.277,618.999
11998,linear_1,indexscan,0,master,io_uring,3,32GB,0.002,0.044,15.049,1.43
11999,linear_1,bitmapscan,1,prefetch-complex,worker,3,32GB,0.001,0.014,6.992,1.341
12000,linear_1,indexscan,64,prefetch-complex,sync,3,32GB,0.142,1.868,196.716,12.932
12001,linear_1,bitmapscan,0,master,worker,3,32GB,97.027,99.353,5491.999,1446.4
12002,linear_1,indexscan,0,prefetch-complex,worker,3,32GB,0.004,0.064,22.324,1.86
12003,linear_1,bitmapscan,0,prefetch-simple,worker,12,32GB,0.003,0.056,18.082,1.679
12004,linear_1,indexscan,1,prefetch-complex,sync,3,32GB,0.013,0.231,104.91,3.445
12005,linear_1,indexscan,16,master,worker,3,32GB,18.202,21.824,6605.231,806.187
12006,linear_1,indexscan,0,prefetch-simple,worker,3,32GB,0.013,0.231,111.769,3.377
12007,linear_1,indexscan,64,prefetch-complex,sync,3,32GB,0.013,0.22,33.491,3.156
12008,linear_1,bitmapscan,16,master,sync,3,32GB,0.006,0.102,11.726,2.169
12009,linear_1,indexscan,16,prefetch-complex,sync,3,32GB,0.093,1.351,147.965,10.142
12010,linear_1,indexscan,64,prefetch-complex,worker,3,32GB,12.137,15.772,1261.657,519.386
12011,linear_1,bitmapscan,16,prefetch-complex,sync,3,32GB,0.009,0.158,17.983,2.841
12012,linear_1,bitmapscan,64,prefetch-simple,worker,3,32GB,0.041,0.666,64.015,7.009
12013,linear_1,indexscan,64,prefetch-complex,worker,3,32GB,7.895,10.426,974.818,336.498
12014,linear_1,bitmapscan,1,master,worker,3,32GB,0.315,3.012,518.896,23.749
12015,linear_1,indexscan,16,master,io_uring,3,32GB,0.477,3.612,987.915,32.099
12016,linear_1,indexscan,64,prefetch-complex,sync,3,32GB,0.71,4.111,363.419,41.348
12017,linear_1,bitmapscan,0,prefetch-simple,worker,3,32GB,0.006,0.101,34.885,2.209
12018,linear_1,indexscan,0,master,io_uring,3,32GB,87.288,90.622,27319.906,3803.25
12019,linear_1,indexscan,64,prefetch-simple,sync,3,32GB,3.595,7.237,687.364,160.382
12020,linear_1,bitmapscan,0,prefetch-complex,io_uring,3,32GB,18.2,21.834,1533.347,343.591
12021,linear_1,indexscan,16,master,io_uring,3,32GB,0.013,0.233,102.901,3.47
12022,linear_1,bitmapscan,1,prefetch-complex,sync,3,32GB,0.003,0.058,28.04,1.865
12023,linear_1,indexscan,1,master,io_uring,3,32GB,0.094,1.362,496.326,9.989
12024,linear_1,bitmapscan,1,prefetch-simple,worker,12,32GB,0.029,0.484,206.396,5.475
12025,linear_1,bitmapscan,64,master,worker,12,32GB,8.086,11.722,299.768,148.513
12026,linear_1,bitmapscan,64,prefetch-simple,worker,12,32GB,0.002,0.037,5.485,1.411
12027,linear_1,bitmapscan,0,master,worker,3,32GB,0.316,3.022,324.84,25.128
12028,linear_1,bitmapscan,64,prefetch-simple,io_uring,3,32GB,0.002,0.034,6.301,1.418
12029,linear_1,indexscan,64,prefetch-simple,worker,12,32GB,77.308,80.954,8219.728,3181.509
12030,linear_1,bitmapscan,1,master,sync,3,32GB,67.308,70.941,4318.931,999.68
12031,linear_1,indexscan,0,prefetch-simple,io_uring,3,32GB,18.2,21.853,6600.846,770.333
12032,linear_1,indexscan,1,master,sync,3,32GB,27.303,30.946,8937.152,1191.572
12033,linear_1,indexscan,0,prefetch-simple,sync,3,32GB,8.09,11.732,3520.574,353.729
12034,linear_1,bitmapscan,64,prefetch-simple,io_uring,3,32GB,87.293,90.754,2893.132,1270.543
12035,linear_1,bitmapscan,16,prefetch-complex,sync,3,32GB,67.315,70.953,2271.761,1068.907
12036,linear_1,indexscan,1,prefetch-complex,worker,12,32GB,18.209,21.838,10017.997,776.398
12037,linear_1,bitmapscan,1,prefetch-simple,sync,3,32GB,57.313,60.963,3770.479,861.014
12038,linear_1,bitmapscan,1,prefetch-complex,io_uring,3,32GB,0.476,3.61,480.05,30.004
12039,linear_1,indexscan,64,prefetch-simple,worker,12,32GB,1.067,4.634,444.241,53.351
12040,linear_1,bitmapscan,0,master,worker,12,32GB,12.133,15.764,1019.245,225.056
12041,linear_1,indexscan,1,prefetch-complex,sync,3,32GB,2.401,6.047,2917.452,112.397
12042,linear_1,bitmapscan,64,master,io_uring,3,32GB,27.309,30.939,820.201,431.567
12043,linear_1,indexscan,64,prefetch-simple,worker,12,32GB,3.596,7.242,733.904,159.13
12044,linear_1,bitmapscan,1,prefetch-complex,worker,3,32GB,1.594,5.193,513.744,53.907
12045,linear_1,indexscan,64,master,worker,3,32GB,27.303,30.952,9282.883,1210.864
12046,linear_1,bitmapscan,1,master,worker,12,32GB,0.028,0.469,224.638,5.333
12047,linear_1,bitmapscan,1,prefetch-complex,io_uring,3,32GB,0.006,0.101,54.455,2.329
12048,linear_1,indexscan,0,prefetch-complex,io_uring,3,32GB,0.009,0.156,75.634,2.862
12049,linear_1,bitmapscan,64,master,worker,12,32GB,1.064,4.643,174.012,43.452
12050,linear_1,bitmapscan,0,prefetch-complex,io_uring,3,32GB,8.088,11.732,779.261,157.209
12051,linear_1,bitmapscan,1,prefetch-simple,worker,3,32GB,0.042,0.683,300.15,6.888
12052,linear_1,indexscan,1,prefetch-complex,io_uring,3,32GB,0.209,2.407,1082.692,16.582
12053,linear_1,bitmapscan,64,prefetch-simple,io_uring,3,32GB,1.604,5.242,184.708,53.403
12054,linear_1,bitmapscan,64,prefetch-complex,worker,3,32GB,27.32,30.947,852.83,470.454
12055,linear_1,indexscan,64,prefetch-complex,worker,12,32GB,18.205,21.846,1867.352,777.046
12056,linear_1,bitmapscan,16,master,worker,3,32GB,0.001,0.018,3.329,1.117
12057,linear_1,bitmapscan,16,master,sync,3,32GB,0.095,1.372,106.09,11.922
12058,linear_1,bitmapscan,16,master,worker,12,32GB,2.394,6.021,208.901,64.833
12059,linear_1,indexscan,16,prefetch-simple,sync,3,32GB,0.001,0.017,3.572,1.094
12060,linear_1,indexscan,0,master,worker,12,32GB,0.21,2.422,753.567,17.883
12061,linear_1,bitmapscan,64,prefetch-simple,worker,12,32GB,77.307,80.952,2548.634,1129.198
12062,linear_1,indexscan,16,prefetch-complex,worker,12,32GB,0.624,3.24,250.879,32.258
12063,linear_1,indexscan,0,prefetch-simple,worker,12,32GB,0.317,3.026,958.747,24.639
12064,linear_1,indexscan,1,master,io_uring,3,32GB,1.066,4.644,1251.145,58.335
12065,linear_1,indexscan,0,prefetch-complex,worker,12,32GB,57.314,60.944,17936.548,2463.759
12066,linear_1,bitmapscan,1,prefetch-simple,io_uring,3,32GB,47.304,50.952,3317.103,727.165
12067,linear_1,indexscan,1,prefetch-complex,sync,3,32GB,1.604,5.241,2189.256,77.5
12068,linear_1,bitmapscan,16,prefetch-simple,sync,3,32GB,5.394,9.039,309.712,108.744
12069,linear_1,indexscan,64,prefetch-simple,worker,12,32GB,12.133,15.775,1606.343,508.205
12070,linear_1,bitmapscan,0,prefetch-complex,worker,3,32GB,0.475,3.625,386.357,33.95
12071,linear_1,indexscan,0,prefetch-complex,sync,3,32GB,0.868,3.248,999.272,44.076
12072,linear_1,bitmapscan,16,prefetch-simple,io_uring,3,32GB,1.595,5.226,155.024,53.248
12073,linear_1,bitmapscan,0,prefetch-complex,sync,3,32GB,1.594,5.196,395.826,58.302
12074,linear_1,bitmapscan,64,prefetch-complex,sync,3,32GB,0.476,3.611,134.925,29.374
12075,linear_1,bitmapscan,64,prefetch-complex,io_uring,3,32GB,5.388,8.918,250.696,113.943
12076,linear_1,indexscan,64,prefetch-complex,io_uring,3,32GB,0.001,0.021,3.802,1.282
12077,linear_1,indexscan,1,prefetch-complex,worker,12,32GB,57.308,60.959,27804.411,2388.39
12078,linear_1,indexscan,1,prefetch-simple,worker,3,32GB,2.398,6.064,2606.371,108.429
12079,linear_1,bitmapscan,0,master,worker,12,32GB,87.311,90.932,5162.987,1324.34
12080,linear_1,indexscan,0,master,worker,3,32GB,0.004,0.073,23.671,1.8
12081,linear_1,indexscan,1,prefetch-complex,io_uring,3,32GB,5.393,9.024,3904.374,240.293
12082,linear_1,indexscan,64,prefetch-simple,worker,3,32GB,0.043,0.69,84.571,6.392
12083,linear_1,indexscan,64,master,worker,12,32GB,0.063,0.973,340.635,7.885
